  ____ ____  _____ ______     _______ ____  
 / ___/ ___|| ____|  _ \ \   / / ____|  _ \ 
| |  _\___ \|  _| | |_) \ \ / /|  _| | |_) |
| |_| |___) | |___|  _ < \ V / | |___|  _ < 
 \____|____/|_____|_| \_\ \_/  |_____|_| \_\
                                            
=================================================
Sep 23 2025
22:04:51

[2025-09-23 22:06:03 | General] Ready on port 54321
[2025-09-23 23:50:09 | Room 1] Player 0 joined room 1 and is now identified as Gasmoxian [605feabd]
[2025-09-23 23:50:12 | Room 1] Track #8 and 1 laps were selected
All players finished
Restarting in 6 seconds
1 player race detected, finishing
[2025-09-23 23:50:57 | Room 1] Countdown to finish started, resetting room soon
[2025-09-23 23:51:02 | Room 1] Room has been reset
[2025-09-23 23:51:03 | Room 1] Player 0 joined room 1 and is now identified as Gasmoxian [605feabd]
[2025-09-23 23:51:07 | Room 1] Track #17 and 1 laps were selected
All players finished
Restarting in 6 seconds
1 player race detected, finishing
[2025-09-23 23:51:50 | Room 1] Countdown to finish started, resetting room soon
[2025-09-23 23:51:55 | Room 1] Room has been reset
[2025-09-23 23:51:56 | Room 1] Player 0 joined room 1 and is now identified as Gasmoxian [605feabd]
[2025-09-23 23:52:06 | Room 1] Track #16 and 3 laps were selected
[2025-09-23 23:52:35 | Room 2] Player 0 joined room 2 and is now identified as Anfrost [db7cb8c9]
[2025-09-23 23:52:44 | Room 2] Track #8 and 1 laps were selected
[2025-09-23 23:53:11 | Room 2] Player Anfrost (0) disconnected from room
[2025-09-23 23:53:11 | Room 2] Room has been killed as no players are left
[2025-09-23 23:54:16 | Room 2] Player 0 joined room 2 and is now identified as Anfrost [db7cb8c9]
[2025-09-23 23:54:26 | Room 2] Track #6 and 1 laps were selected
[2025-09-23 23:54:28 | Room 1] Player Gasmoxian (0) disconnected from room
[2025-09-23 23:54:28 | Room 1] Room has been killed as no players are left
[2025-09-23 23:55:06 | Room 2] Player Anfrost (0) disconnected from room
[2025-09-23 23:55:06 | Room 2] Room has been killed as no players are left
[2025-09-23 23:58:17 | Room 1] Player 0 joined room 1 and is now identified as Anfrost [db7cb8c9]
[2025-09-23 23:58:20 | Room 1] Track #0 and 1 laps were selected
[2025-09-23 23:58:27 | Room 1] Player Anfrost (0) disconnected from room
[2025-09-23 23:58:27 | Room 1] Room has been killed as no players are left
[2025-09-23 23:59:08 | Room 1] Player 0 joined room 1 and is now identified as Anfrost [db7cb8c9]
[2025-09-23 23:59:09 | Room 1] Track #0 and 1 laps were selected
[2025-09-23 23:59:23 | Room 1] Player Anfrost (0) disconnected from room
[2025-09-23 23:59:23 | Room 1] Room has been killed as no players are left
[2025-09-24 00:00:02 | Room 1] Player 0 joined room 1 and is now identified as Anfrost [db7cb8c9]
[2025-09-24 00:00:12 | Room 1] Track #0 and 1 laps were selected
[2025-09-24 00:00:42 | Room 1] Player Anfrost (0) disconnected from room
[2025-09-24 00:00:42 | Room 1] Room has been killed as no players are left
[2025-09-24 00:04:22 | Room 1] Player 0 joined room 1 and is now identified as Anfrost [db7cb8c9]
[2025-09-24 00:04:25 | Room 1] Track #0 and 1 laps were selected
[2025-09-24 00:04:45 | Room 1] Player Anfrost (0) disconnected from room
[2025-09-24 00:04:45 | Room 1] Room has been killed as no players are left
[2025-09-24 00:09:12 | Room 1] Player 0 joined room 1 and is now identified as Anfrost [db7cb8c9]
[2025-09-24 00:09:24 | Room 1] Track #11 and 1 laps were selected
[2025-09-24 00:09:51 | Room 1] Player Anfrost (0) disconnected from room
[2025-09-24 00:09:51 | Room 1] Room has been killed as no players are left
[2025-09-24 00:39:04 | Room 1] Player 0 joined room 1 and is now identified as Gasmoxian [db7cb8c9]
[2025-09-24 00:39:05 | Room 1] Track #0 and 1 laps were selected
[2025-09-24 00:39:24 | Room 1] Player Gasmoxian (0) disconnected from room
[2025-09-24 00:39:24 | Room 1] Room has been killed as no players are left
[2025-09-24 04:04:43 | Room 16] Player 0 joined room 16 and is now identified as Pootis [edcdeb48]
[2025-09-24 04:04:56 | Room 16] Player 1 joined room 16 and is now identified as FuzionSynth [5948d14b]
[2025-09-24 04:05:34 | Room 16] Track #6 and 5 laps were selected
ban orb/clock 1
ban orb/clock 0
ban orb/clock 1
ban orb/clock 0
ban orb/clock 1
Required players finished!
Race ends in 30 seconds
[2025-09-24 04:09:00 | Room 16] Countdown to finish started, resetting room soon
All players finished
Restarting in 3 seconds
[2025-09-24 04:09:03 | Room 16] Room has been reset
[2025-09-24 04:09:04 | Room 16] Player 1 joined room 16 and is now identified as FuzionSynth [5948d14b]
[2025-09-24 04:09:04 | Room 16] Player 0 joined room 16 and is now identified as Pootis [edcdeb48]
[2025-09-24 04:09:26 | Room 16] Track #13 and 3 laps were selected
ban orb/clock 1
ban orb/clock 0
Required players finished!
Race ends in 30 seconds
[2025-09-24 04:12:31 | Room 16] Countdown to finish started, resetting room soon
All players finished
Restarting in 3 seconds
[2025-09-24 04:12:40 | Room 16] Room has been reset
[2025-09-24 04:12:41 | Room 16] Player 1 joined room 16 and is now identified as FuzionSynth [5948d14b]
[2025-09-24 04:12:41 | Room 16] Player 0 joined room 16 and is now identified as Pootis [edcdeb48]
[2025-09-24 04:13:05 | Room 16] Track #7 and 3 laps were selected
ban orb/clock 1
ban orb/clock 0
ban orb/clock 1
Required players finished!
Race ends in 30 seconds
[2025-09-24 04:17:39 | Room 16] Countdown to finish started, resetting room soon
[2025-09-24 04:18:08 | Room 16] Room has been reset
[2025-09-24 04:18:09 | Room 16] Player 1 joined room 16 and is now identified as FuzionSynth [5948d14b]
[2025-09-24 04:18:09 | Room 16] Player 0 joined room 16 and is now identified as Pootis [edcdeb48]
[2025-09-24 04:18:21 | Room 16] Track #10 and 3 laps were selected
Required players finished!
Race ends in 30 seconds
[2025-09-24 04:22:15 | Room 16] Countdown to finish started, resetting room soon
[2025-09-24 04:22:44 | Room 16] Room has been reset
[2025-09-24 04:22:45 | Room 16] Player 1 joined room 16 and is now identified as FuzionSynth [5948d14b]
[2025-09-24 04:22:45 | Room 16] Player 0 joined room 16 and is now identified as Pootis [edcdeb48]
[2025-09-24 04:22:55 | Room 16] Track #12 and 5 laps were selected
Required players finished!
Race ends in 30 seconds
[2025-09-24 04:30:06 | Room 16] Countdown to finish started, resetting room soon
All players finished
Restarting in 3 seconds
[2025-09-24 04:30:12 | Room 16] Room has been reset
[2025-09-24 04:30:13 | Room 16] Player 0 joined room 16 and is now identified as Pootis [edcdeb48]
[2025-09-24 04:30:13 | Room 16] Player 1 joined room 16 and is now identified as FuzionSynth [5948d14b]
[2025-09-24 04:30:13 | Room 16] Player 2 joined room 16 and is now identified as ANFROST [db7cb8c9]
[2025-09-24 04:30:27 | Room 16] Track #15 and 3 laps were selected
Required players finished!
Race ends in 30 seconds
[2025-09-24 04:35:30 | Room 16] Countdown to finish started, resetting room soon
All players finished
Restarting in 3 seconds
[2025-09-24 04:35:48 | Room 16] Room has been reset
[2025-09-24 04:35:49 | Room 16] Player 0 joined room 16 and is now identified as Pootis [edcdeb48]
[2025-09-24 04:35:49 | Room 16] Player 2 joined room 16 and is now identified as ANFROST [db7cb8c9]
[2025-09-24 04:35:49 | Room 16] Player 1 joined room 16 and is now identified as FuzionSynth [5948d14b]
[2025-09-24 04:36:04 | Room 16] Track #2 and 5 laps were selected
Required players finished!
Race ends in 30 seconds
[2025-09-24 04:40:38 | Room 16] Countdown to finish started, resetting room soon
All players finished
Restarting in 3 seconds
[2025-09-24 04:40:43 | Room 16] Room has been reset
[2025-09-24 04:40:44 | Room 16] Player 1 joined room 16 and is now identified as FuzionSynth [5948d14b]
[2025-09-24 04:40:44 | Room 16] Player 2 joined room 16 and is now identified as ANFROST [db7cb8c9]
[2025-09-24 04:40:44 | Room 16] Player 0 joined room 16 and is now identified as Pootis [edcdeb48]
[2025-09-24 04:40:54 | Room 16] Track #5 and 5 laps were selected
Required players finished!
Race ends in 30 seconds
[2025-09-24 04:45:30 | Room 16] Countdown to finish started, resetting room soon
[2025-09-24 04:45:59 | Room 16] Room has been reset
[2025-09-24 04:46:00 | Room 16] Player 1 joined room 16 and is now identified as FuzionSynth [5948d14b]
[2025-09-24 04:46:00 | Room 16] Player 2 joined room 16 and is now identified as ANFROST [db7cb8c9]
[2025-09-24 04:46:00 | Room 16] Player 0 joined room 16 and is now identified as Pootis [edcdeb48]
[2025-09-24 04:46:02 | Room 16] Player Pootis (0) disconnected from room
[2025-09-24 04:46:04 | Room 16] Player FuzionSynth (1) disconnected from room
[2025-09-24 04:46:35 | Room 16] Player ANFROST (2) disconnected from room
[2025-09-24 04:46:35 | Room 16] Room has been killed as no players are left
[2025-09-24 15:15:46 | Room 1] Player 0 joined room 1 and is now identified as Ashadow255 [e82a2a52]
[2025-09-24 15:16:08 | Room 1] Track #0 and 3 laps were selected
All players finished
Restarting in 6 seconds
1 player race detected, finishing
[2025-09-24 15:18:01 | Room 1] Countdown to finish started, resetting room soon
[2025-09-24 15:18:06 | Room 1] Room has been reset
[2025-09-24 15:18:07 | Room 1] Player 0 joined room 1 and is now identified as Ashadow255 [e82a2a52]
[2025-09-24 15:18:15 | Room 1] Track #10 and 3 laps were selected
All players finished
Restarting in 6 seconds
1 player race detected, finishing
[2025-09-24 15:20:51 | Room 1] Countdown to finish started, resetting room soon
[2025-09-24 15:20:56 | Room 1] Room has been reset
[2025-09-24 15:20:57 | Room 1] Player 0 joined room 1 and is now identified as Ashadow255 [e82a2a52]
[2025-09-24 15:21:05 | Room 1] Track #13 and 3 laps were selected
[2025-09-24 15:21:24 | Room 1] Player Ashadow255 (0) disconnected from room
[2025-09-24 15:21:24 | Room 1] Room has been killed as no players are left
[2025-09-24 15:28:10 | Room 2] Player 0 joined room 2 and is now identified as Ashadow255 [e82a2a52]
[2025-09-24 15:28:23 | Room 2] Track #3 and 1 laps were selected
[2025-09-24 15:28:57 | Room 2] Player Ashadow255 (0) disconnected from room
[2025-09-24 15:28:57 | Room 2] Room has been killed as no players are left
[2025-09-24 15:36:29 | Room 1] Player 0 joined room 1 and is now identified as Ashadow255 [e82a2a52]
[2025-09-24 15:36:34 | Room 1] Track #11 and 3 laps were selected
[2025-09-24 15:37:02 | Room 1] Player Ashadow255 (0) disconnected from room
[2025-09-24 15:37:02 | Room 1] Room has been killed as no players are left
[2025-09-24 15:37:02 | Room 1] Player 0 joined room 1 and is now identified as penta3 [9cb118b3]
[2025-09-24 15:37:19 | Room 1] Player 1 joined room 1 and is now identified as Ashadow255 [e82a2a52]
[2025-09-24 15:37:39 | Room 1] Track #3 and 3 laps were selected
Required players finished!
Race ends in 30 seconds
[2025-09-24 15:40:26 | Room 1] Countdown to finish started, resetting room soon
All players finished
Restarting in 3 seconds
[2025-09-24 15:40:35 | Room 1] Room has been reset
[2025-09-24 15:40:36 | Room 1] Player 1 joined room 1 and is now identified as Ashadow255 [e82a2a52]
[2025-09-24 15:40:36 | Room 1] Player 0 joined room 1 and is now identified as penta3 [9cb118b3]
[2025-09-24 15:40:58 | Room 1] Player penta3 (0) disconnected from room
[2025-09-24 15:41:07 | Room 1] Player Ashadow255 (1) disconnected from room
[2025-09-24 15:41:07 | Room 1] Room has been killed as no players are left
[2025-09-24 15:59:27 | Room 10] Player 0 joined room 10 and is now identified as mundocrash [466c89b1]
[2025-09-24 15:59:35 | Room 10] Track #11 and 3 laps were selected
[2025-09-24 16:00:00 | Room 10] Player mundocrash (0) disconnected from room
[2025-09-24 16:00:00 | Room 10] Room has been killed as no players are left
[2025-09-24 16:59:22 | Room 6] Player 0 joined room 6 and is now identified as MisterM [ef892d3e]
[2025-09-24 16:59:40 | Room 6] Player MisterM (0) disconnected from room
[2025-09-24 16:59:40 | Room 6] Room has been killed as no players are left
[2025-09-24 17:02:45 | Room 1] Player 0 joined room 1 and is now identified as MisterM [ef892d3e]
[2025-09-24 17:03:08 | Room 1] Track #3 and 9 laps were selected
[2025-09-24 17:05:06 | Room 1] Player MisterM (0) disconnected from room
[2025-09-24 17:05:06 | Room 1] Room has been killed as no players are left
[2025-09-24 17:05:21 | Room 13] Player 0 joined room 13 and is now identified as MisterM [ef892d3e]
[2025-09-24 17:06:10 | Room 13] Track #11 and 3 laps were selected
All players finished
Restarting in 6 seconds
1 player race detected, finishing
[2025-09-24 17:09:20 | Room 13] Countdown to finish started, resetting room soon
[2025-09-24 17:09:25 | Room 13] Room has been reset
[2025-09-24 17:09:26 | Room 13] Player 0 joined room 13 and is now identified as MisterM [ef892d3e]
[2025-09-24 17:09:26 | Room 13] Player 1 joined room 13 and is now identified as ANFROST [db7cb8c9]
[2025-09-24 17:10:13 | Room 13] Track #0 and 3 laps were selected
[2025-09-24 17:10:44 | Room 13] Player MisterM (0) disconnected from room
[2025-09-24 17:10:50 | Room 13] Player ANFROST (1) disconnected from room
[2025-09-24 17:10:50 | Room 13] Room has been killed as no players are left
[2025-09-24 17:10:58 | Room 1] Player 0 joined room 1 and is now identified as ANFROST [db7cb8c9]
[2025-09-24 17:11:48 | Room 1] Player 1 joined room 1 and is now identified as MisterM [ef892d3e]
[2025-09-24 17:12:35 | Room 1] Track #0 and 3 laps were selected
Required players finished!
Race ends in 30 seconds
[2025-09-24 17:14:23 | Room 1] Countdown to finish started, resetting room soon
All players finished
Restarting in 3 seconds
[2025-09-24 17:14:35 | Room 1] Room has been reset
[2025-09-24 17:14:36 | Room 1] Player 0 joined room 1 and is now identified as ANFROST [db7cb8c9]
[2025-09-24 17:14:36 | Room 1] Player 1 joined room 1 and is now identified as MisterM [ef892d3e]
[2025-09-24 17:14:52 | Room 1] Track #1 and 3 laps were selected
Required players finished!
Race ends in 30 seconds
[2025-09-24 17:16:47 | Room 1] Countdown to finish started, resetting room soon
All players finished
Restarting in 3 seconds
[2025-09-24 17:17:00 | Room 1] Room has been reset
[2025-09-24 17:17:01 | Room 1] Player 0 joined room 1 and is now identified as ANFROST [db7cb8c9]
[2025-09-24 17:17:01 | Room 1] Player 1 joined room 1 and is now identified as MisterM [ef892d3e]
[2025-09-24 17:17:23 | Room 1] Track #3 and 3 laps were selected
ban orb/clock 1
Required players finished!
Race ends in 30 seconds
[2025-09-24 17:19:07 | Room 1] Countdown to finish started, resetting room soon
All players finished
Restarting in 3 seconds
[2025-09-24 17:19:12 | Room 1] Room has been reset
[2025-09-24 17:19:13 | Room 1] Player 0 joined room 1 and is now identified as ANFROST [db7cb8c9]
[2025-09-24 17:19:13 | Room 1] Player 1 joined room 1 and is now identified as MisterM [ef892d3e]
[2025-09-24 17:19:14 | Room 1] Player 2 joined room 1 and is now identified as Brayan [4f0206b3]
[2025-09-24 17:19:38 | Room 1] Track #8 and 1 laps were selected
Required players finished!
Race ends in 30 seconds
[2025-09-24 17:21:51 | Room 1] Countdown to finish started, resetting room soon
All players finished
Restarting in 3 seconds
[2025-09-24 17:21:53 | Room 1] Room has been reset
[2025-09-24 17:21:54 | Room 1] Player 0 joined room 1 and is now identified as ANFROST [db7cb8c9]
[2025-09-24 17:21:54 | Room 1] Player 1 joined room 1 and is now identified as MisterM [ef892d3e]
[2025-09-24 17:21:54 | Room 1] Player 2 joined room 1 and is now identified as Brayan [4f0206b3]
[2025-09-24 17:22:13 | Room 1] Track #9 and 1 laps were selected
ban orb/clock 1
[2025-09-24 17:23:54 | Room 1] Player Brayan (2) disconnected from room
Required players finished!
Race ends in 30 seconds
[2025-09-24 17:24:27 | Room 1] Countdown to finish started, resetting room soon
All players finished
Restarting in 3 seconds
[2025-09-24 17:24:30 | Room 1] Room has been reset
[2025-09-24 17:24:31 | Room 1] Player 0 joined room 1 and is now identified as ANFROST [db7cb8c9]
[2025-09-24 17:24:31 | Room 1] Player 1 joined room 1 and is now identified as MisterM [ef892d3e]
[2025-09-24 17:24:57 | Room 1] Track #11 and 1 laps were selected
Required players finished!
Race ends in 30 seconds
[2025-09-24 17:26:29 | Room 1] Countdown to finish started, resetting room soon
All players finished
Restarting in 3 seconds
[2025-09-24 17:26:31 | Room 1] Room has been reset
[2025-09-24 17:26:32 | Room 1] Player 0 joined room 1 and is now identified as ANFROST [db7cb8c9]
[2025-09-24 17:26:32 | Room 1] Player 1 joined room 1 and is now identified as MisterM [ef892d3e]
[2025-09-24 17:26:32 | Room 1] Player 2 joined room 1 and is now identified as Pepe [605feabd]
[2025-09-24 17:26:32 | Room 1] Player 3 joined room 1 and is now identified as Brayan [4f0206b3]
[2025-09-24 17:26:49 | Room 1] Track #5 and 3 laps were selected
[2025-09-24 17:27:41 | Room 2] Player 0 joined room 2 and is now identified as PinkDodge [6f927f4f]
[2025-09-24 17:28:32 | Room 2] Track #3 and 3 laps were selected
Required players finished!
Race ends in 30 seconds
[2025-09-24 17:29:12 | Room 1] Countdown to finish started, resetting room soon
ban orb/clock 1
All players finished
Restarting in 3 seconds
[2025-09-24 17:29:41 | Room 1] Room has been reset
[2025-09-24 17:29:42 | Room 1] Player 2 joined room 1 and is now identified as Pepe [605feabd]
[2025-09-24 17:29:42 | Room 1] Player 0 joined room 1 and is now identified as ANFROST [db7cb8c9]
[2025-09-24 17:29:42 | Room 1] Player 1 joined room 1 and is now identified as MisterM [ef892d3e]
[2025-09-24 17:29:42 | Room 1] Player 3 joined room 1 and is now identified as Brayan [4f0206b3]
[2025-09-24 17:30:00 | Room 1] Track #2 and 3 laps were selected
All players finished
Restarting in 6 seconds
1 player race detected, finishing
[2025-09-24 17:30:27 | Room 2] Countdown to finish started, resetting room soon
[2025-09-24 17:30:32 | Room 2] Room has been reset
[2025-09-24 17:30:33 | Room 2] Player 0 joined room 2 and is now identified as PinkDodge [6f927f4f]
[2025-09-24 17:30:36 | Room 2] Player 1 joined room 2 and is now identified as Bandicoot96 [24adb256]
[2025-09-24 17:30:57 | Room 2] Track #6 and 5 laps were selected
Required players finished!
Race ends in 30 seconds
[2025-09-24 17:32:06 | Room 1] Countdown to finish started, resetting room soon
All players finished
Restarting in 3 seconds
[2025-09-24 17:32:16 | Room 1] Room has been reset
[2025-09-24 17:32:17 | Room 1] Player 2 joined room 1 and is now identified as Pepe [605feabd]
[2025-09-24 17:32:17 | Room 1] Player 0 joined room 1 and is now identified as ANFROST [db7cb8c9]
[2025-09-24 17:32:17 | Room 1] Player 1 joined room 1 and is now identified as MisterM [ef892d3e]
[2025-09-24 17:32:17 | Room 1] Player 3 joined room 1 and is now identified as Brayan [4f0206b3]
[2025-09-24 17:32:49 | Room 1] Track #6 and 1 laps were selected
Required players finished!
Race ends in 30 seconds
[2025-09-24 17:33:43 | Room 2] Countdown to finish started, resetting room soon
ban orb/clock 1
All players finished
Restarting in 3 seconds
[2025-09-24 17:34:01 | Room 2] Room has been reset
[2025-09-24 17:34:02 | Room 2] Player 1 joined room 2 and is now identified as Bandicoot96 [24adb256]
[2025-09-24 17:34:02 | Room 2] Player 0 joined room 2 and is now identified as PinkDodge [6f927f4f]
[2025-09-24 17:34:03 | Room 2] Player PinkDodge (0) disconnected from room
[2025-09-24 17:34:06 | Room 2] Player Bandicoot96 (1) disconnected from room
[2025-09-24 17:34:06 | Room 2] Room has been killed as no players are left
Required players finished!
Race ends in 30 seconds
[2025-09-24 17:35:38 | Room 1] Countdown to finish started, resetting room soon
All players finished
Restarting in 3 seconds
[2025-09-24 17:35:41 | Room 1] Room has been reset
[2025-09-24 17:35:42 | Room 1] Player 2 joined room 1 and is now identified as Pepe [605feabd]
[2025-09-24 17:35:42 | Room 1] Player 0 joined room 1 and is now identified as ANFROST [db7cb8c9]
[2025-09-24 17:35:42 | Room 1] Player 1 joined room 1 and is now identified as MisterM [ef892d3e]
[2025-09-24 17:35:42 | Room 1] Player 3 joined room 1 and is now identified as Brayan [4f0206b3]
[2025-09-24 17:35:42 | Room 1] Player 4 joined room 1 and is now identified as PinkDodge [6f927f4f]
[2025-09-24 17:35:56 | Room 1] Track #4 and 1 laps were selected
Required players finished!
Race ends in 30 seconds
[2025-09-24 17:39:39 | Room 1] Countdown to finish started, resetting room soon
All players finished
Restarting in 3 seconds
[2025-09-24 17:39:41 | Room 1] Room has been reset
[2025-09-24 17:39:42 | Room 1] Player 2 joined room 1 and is now identified as Pepe [605feabd]
[2025-09-24 17:39:42 | Room 1] Player 0 joined room 1 and is now identified as ANFROST [db7cb8c9]
[2025-09-24 17:39:42 | Room 1] Player 4 joined room 1 and is now identified as PinkDodge [6f927f4f]
[2025-09-24 17:39:42 | Room 1] Player 1 joined room 1 and is now identified as MisterM [ef892d3e]
[2025-09-24 17:39:42 | Room 1] Player 3 joined room 1 and is now identified as Brayan [4f0206b3]
[2025-09-24 17:40:28 | Room 1] Track #7 and 5 laps were selected
ban orb/clock 1
ban orb/clock 0
ban orb/clock 1
ban orb/clock 0
Required players finished!
Race ends in 30 seconds
[2025-09-24 17:46:15 | Room 1] Countdown to finish started, resetting room soon
All players finished
Restarting in 3 seconds
[2025-09-24 17:46:45 | Room 1] Room has been reset
[2025-09-24 17:46:46 | Room 1] Player 2 joined room 1 and is now identified as Pepe [605feabd]
[2025-09-24 17:46:46 | Room 1] Player 4 joined room 1 and is now identified as PinkDodge [6f927f4f]
[2025-09-24 17:46:46 | Room 1] Player 1 joined room 1 and is now identified as MisterM [ef892d3e]
[2025-09-24 17:46:46 | Room 1] Player 0 joined room 1 and is now identified as ANFROST [db7cb8c9]
[2025-09-24 17:46:46 | Room 1] Player 3 joined room 1 and is now identified as Brayan [4f0206b3]
[2025-09-24 17:47:22 | Room 1] Track #13 and 3 laps were selected
ban orb/clock 1
ban orb/clock 0
ban orb/clock 1
ban orb/clock 0
Required players finished!
Race ends in 30 seconds
[2025-09-24 17:51:58 | Room 1] Countdown to finish started, resetting room soon
All players finished
Restarting in 3 seconds
[2025-09-24 17:52:10 | Room 1] Room has been reset
[2025-09-24 17:52:11 | Room 1] Player 2 joined room 1 and is now identified as Pepe [605feabd]
[2025-09-24 17:52:11 | Room 1] Player 1 joined room 1 and is now identified as MisterM [ef892d3e]
[2025-09-24 17:52:11 | Room 1] Player 0 joined room 1 and is now identified as ANFROST [db7cb8c9]
[2025-09-24 17:52:11 | Room 1] Player 4 joined room 1 and is now identified as PinkDodge [6f927f4f]
[2025-09-24 17:52:11 | Room 1] Player 3 joined room 1 and is now identified as Brayan [4f0206b3]
[2025-09-24 17:52:11 | Room 1] Player 5 joined room 1 and is now identified as Bul*tr@K [b3dcd5c9]
[2025-09-24 17:52:49 | Room 1] Track #14 and 5 laps were selected
[2025-09-24 17:53:35 | Room 1] Player Bul*tr@K (5) disconnected from room
ban orb/clock 1
ban orb/clock 0
Required players finished!
Race ends in 30 seconds
[2025-09-24 17:56:14 | Room 1] Countdown to finish started, resetting room soon
All players finished
Restarting in 3 seconds
[2025-09-24 17:56:21 | Room 1] Room has been reset
[2025-09-24 17:56:22 | Room 1] Player 2 joined room 1 and is now identified as Pepe [605feabd]
[2025-09-24 17:56:22 | Room 1] Player 0 joined room 1 and is now identified as ANFROST [db7cb8c9]
[2025-09-24 17:56:22 | Room 1] Player 1 joined room 1 and is now identified as MisterM [ef892d3e]
[2025-09-24 17:56:22 | Room 1] Player 4 joined room 1 and is now identified as PinkDodge [6f927f4f]
[2025-09-24 17:56:22 | Room 1] Player 3 joined room 1 and is now identified as Brayan [4f0206b3]
[2025-09-24 17:56:22 | Room 1] Player 5 joined room 1 and is now identified as Bul*tr@K [b3dcd5c9]
[2025-09-24 17:57:01 | Room 1] Track #3 and 5 laps were selected
ban orb/clock 1
ban orb/clock 0
ban orb/clock 1
ban orb/clock 0
Required players finished!
Race ends in 30 seconds
[2025-09-24 17:59:57 | Room 1] Countdown to finish started, resetting room soon
[2025-09-24 18:00:01 | Room 1] Player PinkDodge (4) disconnected from room
All players finished
Restarting in 3 seconds
[2025-09-24 18:00:15 | Room 1] Room has been reset
[2025-09-24 18:00:16 | Room 1] Player 2 joined room 1 and is now identified as Pepe [605feabd]
[2025-09-24 18:00:16 | Room 1] Player 0 joined room 1 and is now identified as ANFROST [db7cb8c9]
[2025-09-24 18:00:16 | Room 1] Player 1 joined room 1 and is now identified as MisterM [ef892d3e]
[2025-09-24 18:00:16 | Room 1] Player 5 joined room 1 and is now identified as Bul*tr@K [b3dcd5c9]
[2025-09-24 18:00:16 | Room 1] Player 3 joined room 1 and is now identified as Brayan [4f0206b3]
[2025-09-24 18:00:59 | Room 1] Track #0 and 3 laps were selected
Required players finished!
Race ends in 30 seconds
[2025-09-24 18:03:10 | Room 1] Countdown to finish started, resetting room soon
All players finished
Restarting in 3 seconds
[2025-09-24 18:03:18 | Room 1] Room has been reset
[2025-09-24 18:03:19 | Room 1] Player 2 joined room 1 and is now identified as Pepe [605feabd]
[2025-09-24 18:03:19 | Room 1] Player 1 joined room 1 and is now identified as MisterM [ef892d3e]
[2025-09-24 18:03:19 | Room 1] Player 0 joined room 1 and is now identified as ANFROST [db7cb8c9]
[2025-09-24 18:03:19 | Room 1] Player 5 joined room 1 and is now identified as Bul*tr@K [b3dcd5c9]
[2025-09-24 18:03:19 | Room 1] Player 3 joined room 1 and is now identified as Brayan [4f0206b3]
[2025-09-24 18:03:50 | Room 1] Track #5 and 1 laps were selected
Required players finished!
Race ends in 30 seconds
[2025-09-24 18:06:42 | Room 1] Countdown to finish started, resetting room soon
All players finished
Restarting in 3 seconds
[2025-09-24 18:06:44 | Room 1] Room has been reset
[2025-09-24 18:06:45 | Room 1] Player 2 joined room 1 and is now identified as Pepe [605feabd]
[2025-09-24 18:06:45 | Room 1] Player 1 joined room 1 and is now identified as MisterM [ef892d3e]
[2025-09-24 18:06:45 | Room 1] Player 0 joined room 1 and is now identified as ANFROST [db7cb8c9]
[2025-09-24 18:06:45 | Room 1] Player 5 joined room 1 and is now identified as Bul*tr@K [b3dcd5c9]
[2025-09-24 18:06:45 | Room 1] Player 3 joined room 1 and is now identified as Brayan [4f0206b3]
[2025-09-24 18:07:07 | Room 1] Track #4 and 1 laps were selected
Required players finished!
Race ends in 30 seconds
[2025-09-24 18:10:35 | Room 1] Countdown to finish started, resetting room soon
All players finished
Restarting in 3 seconds
[2025-09-24 18:10:37 | Room 1] Room has been reset
[2025-09-24 18:10:38 | Room 1] Player 2 joined room 1 and is now identified as Pepe [605feabd]
[2025-09-24 18:10:38 | Room 1] Player 0 joined room 1 and is now identified as ANFROST [db7cb8c9]
[2025-09-24 18:10:38 | Room 1] Player 1 joined room 1 and is now identified as MisterM [ef892d3e]
[2025-09-24 18:10:38 | Room 1] Player 5 joined room 1 and is now identified as Bul*tr@K [b3dcd5c9]
[2025-09-24 18:10:38 | Room 1] Player 3 joined room 1 and is now identified as Brayan [4f0206b3]
[2025-09-24 18:11:00 | Room 1] Track #2 and 3 laps were selected
Required players finished!
Race ends in 30 seconds
[2025-09-24 18:12:52 | Room 1] Countdown to finish started, resetting room soon
[2025-09-24 18:13:07 | Room 1] Player Pepe (2) disconnected from room
All players finished
Restarting in 3 seconds
[2025-09-24 18:13:17 | Room 1] Room has been reset
[2025-09-24 18:13:18 | Room 1] Player 1 joined room 1 and is now identified as MisterM [ef892d3e]
[2025-09-24 18:13:18 | Room 1] Player 0 joined room 1 and is now identified as ANFROST [db7cb8c9]
[2025-09-24 18:13:18 | Room 1] Player 5 joined room 1 and is now identified as Bul*tr@K [b3dcd5c9]
[2025-09-24 18:13:18 | Room 1] Player 3 joined room 1 and is now identified as Brayan [4f0206b3]
[2025-09-24 18:13:56 | Room 1] Track #12 and 3 laps were selected
[2025-09-24 18:15:09 | Room 1] Player Brayan (3) disconnected from room
ban orb/clock 1
Required players finished!
Race ends in 30 seconds
[2025-09-24 18:16:57 | Room 1] Countdown to finish started, resetting room soon
[2025-09-24 18:17:00 | Room 1] Player ANFROST (0) disconnected from room
All players finished
Restarting in 3 seconds
[2025-09-24 18:17:03 | Room 1] Room has been reset
[2025-09-24 18:17:04 | Room 1] Player 1 joined room 1 and is now identified as MisterM [ef892d3e]
[2025-09-24 18:17:04 | Room 1] Player 5 joined room 1 and is now identified as Bul*tr@K [b3dcd5c9]
[2025-09-24 18:17:06 | Room 1] Player Bul*tr@K (5) disconnected from room
[2025-09-24 18:17:15 | Room 1] Player 0 joined room 1 and is now identified as Bul*tr@K [b3dcd5c9]
[2025-09-24 18:17:28 | Room 1] Player MisterM (1) disconnected from room
[2025-09-24 18:17:42 | Room 1] Player Bul*tr@K (0) disconnected from room
[2025-09-24 18:17:42 | Room 1] Room has been killed as no players are left
[2025-09-24 18:18:29 | Room 1] Player 0 joined room 1 and is now identified as MisterM [ef892d3e]
[2025-09-24 18:18:50 | Room 1] Track #3 and 1 laps were selected
[2025-09-24 18:18:56 | Room 1] Player MisterM (0) disconnected from room
[2025-09-24 18:18:56 | Room 1] Room has been killed as no players are left
[2025-09-24 18:24:03 | Room 1] Player 0 joined room 1 and is now identified as MisterM [ef892d3e]
[2025-09-24 18:24:06 | Room 1] Player MisterM (0) disconnected from room
[2025-09-24 18:24:06 | Room 1] Room has been killed as no players are left
[2025-09-24 18:55:38 | Room 2] Player 0 joined room 2 and is now identified as Buniarts [983508b1]
[2025-09-24 18:55:53 | Room 2] Track #8 and 3 laps were selected
[2025-09-24 18:56:11 | Room 1] Player 0 joined room 1 and is now identified as K.Modo [62788825]
[2025-09-24 18:56:16 | Room 1] Player K.Modo (0) disconnected from room
[2025-09-24 18:56:16 | Room 1] Room has been killed as no players are left
[2025-09-24 18:56:52 | Room 2] Player Buniarts (0) disconnected from room
[2025-09-24 18:56:52 | Room 2] Room has been killed as no players are left
[2025-09-24 18:57:02 | Room 1] Player 0 joined room 1 and is now identified as Buniarts [983508b1]
[2025-09-24 18:57:10 | Room 1] Track #12 and 3 laps were selected
All players finished
Restarting in 6 seconds
1 player race detected, finishing
[2025-09-24 18:59:36 | Room 1] Countdown to finish started, resetting room soon
[2025-09-24 18:59:41 | Room 1] Room has been reset
[2025-09-24 18:59:42 | Room 1] Player 0 joined room 1 and is now identified as Buniarts [983508b1]
[2025-09-24 18:59:47 | Room 1] Track #6 and 3 laps were selected
[2025-09-24 19:00:34 | Room 14] Player 0 joined room 14 and is now identified as Oleg [36e77025]
[2025-09-24 19:00:36 | Room 14] Track #0 and 1 laps were selected
[2025-09-24 19:00:48 | Room 1] Player Buniarts (0) disconnected from room
[2025-09-24 19:00:48 | Room 1] Room has been killed as no players are left
[2025-09-24 19:00:59 | Room 1] Player 0 joined room 1 and is now identified as Buniarts [983508b1]
[2025-09-24 19:01:08 | Room 1] Player Buniarts (0) disconnected from room
[2025-09-24 19:01:08 | Room 1] Room has been killed as no players are left
All players finished
Restarting in 6 seconds
1 player race detected, finishing
[2025-09-24 19:01:40 | Room 14] Countdown to finish started, resetting room soon
[2025-09-24 19:01:45 | Room 14] Room has been reset
[2025-09-24 19:01:46 | Room 14] Player 0 joined room 14 and is now identified as Oleg [36e77025]
[2025-09-24 19:02:14 | Room 14] Track #6 and 31 laps were selected
[2025-09-24 19:04:46 | Room 14] Player Oleg (0) disconnected from room
[2025-09-24 19:04:46 | Room 14] Room has been killed as no players are left
[2025-09-24 19:11:20 | Room 1] Player 0 joined room 1 and is now identified as Patoxoop [236d4fba]
[2025-09-24 19:11:24 | Room 1] Track #0 and 3 laps were selected
[2025-09-24 19:11:38 | Room 1] Player Patoxoop (0) disconnected from room
[2025-09-24 19:11:38 | Room 1] Room has been killed as no players are left
[2025-09-24 19:11:57 | Room 2] Player 0 joined room 2 and is now identified as Patoxoop [236d4fba]
[2025-09-24 19:11:59 | Room 2] Track #0 and 3 laps were selected
[2025-09-24 19:12:16 | Room 2] Player Patoxoop (0) disconnected from room
[2025-09-24 19:12:16 | Room 2] Room has been killed as no players are left
[2025-09-24 20:19:22 | Room 12] Player 0 joined room 12 and is now identified as aRBee [085e47c8]
[2025-09-24 20:19:52 | Room 12] Player 1 joined room 12 and is now identified as Sanswich [4fcd226c]
[2025-09-24 20:19:59 | Room 12] Track #3 and 3 laps were selected
Required players finished!
Race ends in 30 seconds
[2025-09-24 20:21:53 | Room 12] Countdown to finish started, resetting room soon
All players finished
Restarting in 3 seconds
[2025-09-24 20:21:58 | Room 12] Room has been reset
[2025-09-24 20:21:59 | Room 12] Player 1 joined room 12 and is now identified as Sanswich [4fcd226c]
[2025-09-24 20:21:59 | Room 12] Player 0 joined room 12 and is now identified as aRBee [085e47c8]
[2025-09-24 20:22:11 | Room 12] Player aRBee (0) disconnected from room
[2025-09-24 20:22:12 | Room 12] Player Sanswich (1) disconnected from room
[2025-09-24 20:22:12 | Room 12] Room has been killed as no players are left
[2025-09-24 23:13:11 | Room 1] Player 0 joined room 1 and is now identified as jinwoo [e20041b5]
[2025-09-24 23:13:12 | Room 1] Track #0 and 1 laps were selected
All players finished
Restarting in 6 seconds
1 player race detected, finishing
[2025-09-24 23:13:53 | Room 1] Countdown to finish started, resetting room soon
[2025-09-24 23:13:58 | Room 1] Room has been reset
[2025-09-24 23:13:59 | Room 1] Player 0 joined room 1 and is now identified as jinwoo [e20041b5]
[2025-09-24 23:14:02 | Room 1] Track #0 and 1 laps were selected
[2025-09-24 23:14:19 | Room 1] Player jinwoo (0) disconnected from room
[2025-09-24 23:14:19 | Room 1] Room has been killed as no players are left
[2025-09-24 23:14:24 | Room 1] Player 0 joined room 1 and is now identified as jinwoo [e20041b5]
[2025-09-24 23:14:27 | Room 1] Track #0 and 1 laps were selected
[2025-09-24 23:14:36 | Room 1] Player jinwoo (0) disconnected from room
[2025-09-24 23:14:36 | Room 1] Room has been killed as no players are left
[2025-09-24 23:31:36 | Room 1] Player 0 joined room 1 and is now identified as jinwoo [e20041b5]
[2025-09-24 23:31:37 | Room 1] Track #0 and 1 laps were selected
[2025-09-24 23:32:00 | Room 1] Player jinwoo (0) disconnected from room
[2025-09-24 23:32:00 | Room 1] Room has been killed as no players are left
[2025-09-24 23:42:38 | Room 1] Player 0 joined room 1 and is now identified as jinwoo [e20041b5]
[2025-09-24 23:42:40 | Room 1] Track #0 and 1 laps were selected
All players finished
Restarting in 6 seconds
1 player race detected, finishing
[2025-09-24 23:43:29 | Room 1] Countdown to finish started, resetting room soon
[2025-09-24 23:43:34 | Room 1] Room has been reset
[2025-09-24 23:43:35 | Room 1] Player 0 joined room 1 and is now identified as jinwoo [e20041b5]
[2025-09-24 23:44:01 | Room 1] Track #6 and 1 laps were selected
[2025-09-24 23:45:22 | Room 1] Player jinwoo (0) disconnected from room
[2025-09-24 23:45:22 | Room 1] Room has been killed as no players are left
[2025-09-25 00:11:43 | Room 1] Player 0 joined room 1 and is now identified as jinwoo [e20041b5]
[2025-09-25 00:11:48 | Room 1] Track #2 and 1 laps were selected
All players finished
Restarting in 6 seconds
1 player race detected, finishing
[2025-09-25 00:13:07 | Room 1] Countdown to finish started, resetting room soon
[2025-09-25 00:13:12 | Room 1] Room has been reset
[2025-09-25 00:13:13 | Room 1] Player 0 joined room 1 and is now identified as jinwoo [e20041b5]
[2025-09-25 00:13:20 | Room 1] Track #3 and 1 laps were selected
[2025-09-25 00:14:16 | Room 1] Player jinwoo (0) disconnected from room
[2025-09-25 00:14:16 | Room 1] Room has been killed as no players are left
[2025-09-25 02:19:17 | Room 1] Player 0 joined room 1 and is now identified as Buniarts [983508b1]
[2025-09-25 02:19:22 | Room 1] Track #6 and 3 laps were selected
[2025-09-25 02:20:27 | Room 1] Player Buniarts (0) disconnected from room
[2025-09-25 02:20:27 | Room 1] Room has been killed as no players are left
[2025-09-25 02:20:32 | Room 1] Player 0 joined room 1 and is now identified as Buniarts [983508b1]
[2025-09-25 02:20:42 | Room 1] Track #1 and 3 laps were selected
All players finished
Restarting in 6 seconds
1 player race detected, finishing
[2025-09-25 02:22:19 | Room 1] Countdown to finish started, resetting room soon
[2025-09-25 02:22:24 | Room 1] Room has been reset
[2025-09-25 02:22:25 | Room 1] Player 0 joined room 1 and is now identified as Buniarts [983508b1]
[2025-09-25 02:22:30 | Room 1] Track #3 and 3 laps were selected
All players finished
Restarting in 6 seconds
1 player race detected, finishing
[2025-09-25 02:24:04 | Room 1] Countdown to finish started, resetting room soon
[2025-09-25 02:24:09 | Room 1] Room has been reset
[2025-09-25 02:24:10 | Room 1] Player 0 joined room 1 and is now identified as Buniarts [983508b1]
[2025-09-25 02:24:18 | Room 1] Track #14 and 3 laps were selected
All players finished
Restarting in 6 seconds
1 player race detected, finishing
[2025-09-25 02:25:51 | Room 1] Countdown to finish started, resetting room soon
[2025-09-25 02:25:56 | Room 1] Room has been reset
[2025-09-25 02:25:57 | Room 1] Player 0 joined room 1 and is now identified as Buniarts [983508b1]
[2025-09-25 02:26:05 | Room 1] Track #9 and 3 laps were selected
[2025-09-25 02:26:52 | Room 1] Player Buniarts (0) disconnected from room
[2025-09-25 02:26:52 | Room 1] Room has been killed as no players are left
[2025-09-25 02:27:02 | Room 1] Player 0 joined room 1 and is now identified as Buniarts [983508b1]
[2025-09-25 02:27:09 | Room 1] Track #9 and 3 laps were selected
All players finished
Restarting in 6 seconds
1 player race detected, finishing
[2025-09-25 02:29:38 | Room 1] Countdown to finish started, resetting room soon
[2025-09-25 02:29:43 | Room 1] Room has been reset
[2025-09-25 02:29:44 | Room 1] Player 0 joined room 1 and is now identified as Buniarts [983508b1]
[2025-09-25 02:29:48 | Room 1] Track #12 and 3 laps were selected
All players finished
Restarting in 6 seconds
1 player race detected, finishing
[2025-09-25 02:32:34 | Room 1] Countdown to finish started, resetting room soon
[2025-09-25 02:32:40 | Room 1] Room has been reset
[2025-09-25 02:32:41 | Room 1] Player 0 joined room 1 and is now identified as Buniarts [983508b1]
[2025-09-25 02:33:07 | Room 1] Track #8 and 3 laps were selected
[2025-09-25 02:33:31 | Room 1] Player Buniarts (0) disconnected from room
[2025-09-25 02:33:31 | Room 1] Room has been killed as no players are left
[2025-09-25 02:33:37 | Room 1] Player 0 joined room 1 and is now identified as Buniarts [983508b1]
[2025-09-25 02:33:43 | Room 1] Track #6 and 3 laps were selected
All players finished
Restarting in 6 seconds
1 player race detected, finishing
[2025-09-25 02:42:53 | Room 1] Countdown to finish started, resetting room soon
[2025-09-25 02:42:58 | Room 1] Room has been reset
[2025-09-25 02:42:59 | Room 1] Player 0 joined room 1 and is now identified as Buniarts [983508b1]
[2025-09-25 02:42:59 | Room 1] Player 1 joined room 1 and is now identified as EliasPapp [5c0b21bd]
[2025-09-25 02:43:06 | Room 1] Track #0 and 3 laps were selected
Required players finished!
Race ends in 30 seconds
[2025-09-25 02:45:02 | Room 1] Countdown to finish started, resetting room soon
All players finished
Restarting in 3 seconds
[2025-09-25 02:45:05 | Room 1] Room has been reset
[2025-09-25 02:45:06 | Room 1] Player 1 joined room 1 and is now identified as EliasPapp [5c0b21bd]
[2025-09-25 02:45:06 | Room 1] Player 0 joined room 1 and is now identified as Buniarts [983508b1]
[2025-09-25 02:45:11 | Room 1] Track #1 and 3 laps were selected
Required players finished!
Race ends in 30 seconds
[2025-09-25 02:47:01 | Room 1] Countdown to finish started, resetting room soon
All players finished
Restarting in 3 seconds
[2025-09-25 02:47:16 | Room 1] Room has been reset
[2025-09-25 02:47:17 | Room 1] Player 0 joined room 1 and is now identified as Buniarts [983508b1]
[2025-09-25 02:47:21 | Room 1] Track #2 and 3 laps were selected
[2025-09-25 02:47:23 | Room 1] Player EliasPapp (1) disconnected from room
[2025-09-25 02:47:25 | Room 1] Player Buniarts (0) disconnected from room
[2025-09-25 02:47:25 | Room 1] Room has been killed as no players are left
[2025-09-25 02:47:40 | Room 1] Player 0 joined room 1 and is now identified as EliasPapp [5c0b21bd]
[2025-09-25 02:47:41 | Room 1] Player EliasPapp (0) disconnected from room
[2025-09-25 02:47:41 | Room 1] Room has been killed as no players are left
[2025-09-25 03:05:33 | Room 1] Player 0 joined room 1 and is now identified as LuaCodeBK [04ba13bb]
[2025-09-25 03:05:38 | Room 1] Player LuaCodeBK (0) disconnected from room
[2025-09-25 03:05:38 | Room 1] Room has been killed as no players are left
[2025-09-25 04:01:18 | Room 1] Player 0 joined room 1 and is now identified as PSG1999 [864c758a]
[2025-09-25 04:01:26 | Room 1] Track #0 and 1 laps were selected
[2025-09-25 04:01:39 | Room 1] Player PSG1999 (0) disconnected from room
[2025-09-25 04:01:39 | Room 1] Room has been killed as no players are left
[2025-09-25 04:02:49 | Room 1] Player 0 joined room 1 and is now identified as PSG1999 [864c758a]
[2025-09-25 04:02:58 | Room 1] Track #0 and 3 laps were selected
[2025-09-25 04:03:08 | Room 1] Player PSG1999 (0) disconnected from room
[2025-09-25 04:03:08 | Room 1] Room has been killed as no players are left
[2025-09-25 05:05:54 | Room 1] Player 0 joined room 1 and is now identified as D.S.B [ea58b6ba]
[2025-09-25 05:06:28 | Room 1] Track #3 and 3 laps were selected
All players finished
Restarting in 6 seconds
1 player race detected, finishing
[2025-09-25 05:08:32 | Room 1] Countdown to finish started, resetting room soon
[2025-09-25 05:08:37 | Room 1] Room has been reset
[2025-09-25 05:08:38 | Room 1] Player 0 joined room 1 and is now identified as D.S.B [ea58b6ba]
[2025-09-25 05:08:45 | Room 1] Player D.S.B (0) disconnected from room
[2025-09-25 05:08:45 | Room 1] Room has been killed as no players are left
[2025-09-25 05:09:10 | Room 1] Player 0 joined room 1 and is now identified as D.S.B [ea58b6ba]
[2025-09-25 05:09:43 | Room 1] Track #3 and 3 laps were selected
All players finished
Restarting in 6 seconds
1 player race detected, finishing
[2025-09-25 05:11:36 | Room 1] Countdown to finish started, resetting room soon
[2025-09-25 05:11:41 | Room 1] Room has been reset
[2025-09-25 05:11:42 | Room 1] Player 0 joined room 1 and is now identified as D.S.B [ea58b6ba]
[2025-09-25 05:12:29 | Room 1] Track #17 and 1 laps were selected
All players finished
Restarting in 6 seconds
1 player race detected, finishing
[2025-09-25 05:13:32 | Room 1] Countdown to finish started, resetting room soon
[2025-09-25 05:13:37 | Room 1] Room has been reset
[2025-09-25 05:13:38 | Room 1] Player 0 joined room 1 and is now identified as D.S.B [ea58b6ba]
[2025-09-25 05:13:53 | Room 1] Track #5 and 3 laps were selected
All players finished
Restarting in 6 seconds
1 player race detected, finishing
[2025-09-25 05:16:07 | Room 1] Countdown to finish started, resetting room soon
[2025-09-25 05:16:12 | Room 1] Room has been reset
[2025-09-25 05:16:13 | Room 1] Player 0 joined room 1 and is now identified as D.S.B [ea58b6ba]
[2025-09-25 05:16:23 | Room 1] Player D.S.B (0) disconnected from room
[2025-09-25 05:16:23 | Room 1] Room has been killed as no players are left
[2025-09-25 05:25:10 | Room 8] Player 0 joined room 8 and is now identified as Liuxover [128ec0bd]
[2025-09-25 05:25:15 | Room 8] Player 1 joined room 8 and is now identified as JoyMc [4fb4d8bd]
[2025-09-25 05:26:14 | Room 8] Track #0 and 5 laps were selected
Required players finished!
Race ends in 30 seconds
[2025-09-25 05:30:07 | Room 8] Countdown to finish started, resetting room soon
All players finished
Restarting in 3 seconds
[2025-09-25 05:30:17 | Room 8] Room has been reset
[2025-09-25 05:30:18 | Room 8] Player 0 joined room 8 and is now identified as Liuxover [128ec0bd]
[2025-09-25 05:30:18 | Room 8] Player 1 joined room 8 and is now identified as JoyMc [4fb4d8bd]
[2025-09-25 05:30:24 | Room 8] Track #1 and 5 laps were selected
Required players finished!
Race ends in 30 seconds
[2025-09-25 05:33:41 | Room 8] Countdown to finish started, resetting room soon
All players finished
Restarting in 3 seconds
[2025-09-25 05:33:55 | Room 8] Room has been reset
[2025-09-25 05:33:56 | Room 8] Player 0 joined room 8 and is now identified as Liuxover [128ec0bd]
[2025-09-25 05:33:56 | Room 8] Player 1 joined room 8 and is now identified as JoyMc [4fb4d8bd]
[2025-09-25 05:34:04 | Room 8] Track #2 and 5 laps were selected
[2025-09-25 05:34:24 | Room 8] Player JoyMc (1) disconnected from room
[2025-09-25 05:34:58 | Room 8] Player Liuxover (0) disconnected from room
[2025-09-25 05:34:58 | Room 8] Room has been killed as no players are left
[2025-09-25 05:35:05 | Room 2] Player 0 joined room 2 and is now identified as Liuxover [128ec0bd]
[2025-09-25 05:35:07 | Room 2] Player 1 joined room 2 and is now identified as JoyMc [4fb4d8bd]
[2025-09-25 05:35:15 | Room 2] Track #2 and 5 laps were selected
Required players finished!
Race ends in 30 seconds
[2025-09-25 05:38:37 | Room 2] Countdown to finish started, resetting room soon
All players finished
Restarting in 3 seconds
[2025-09-25 05:38:42 | Room 2] Room has been reset
[2025-09-25 05:38:43 | Room 2] Player 0 joined room 2 and is now identified as Liuxover [128ec0bd]
[2025-09-25 05:38:43 | Room 2] Player 1 joined room 2 and is now identified as JoyMc [4fb4d8bd]
[2025-09-25 05:38:50 | Room 2] Track #3 and 5 laps were selected
Required players finished!
Race ends in 30 seconds
[2025-09-25 05:41:52 | Room 2] Countdown to finish started, resetting room soon
All players finished
Restarting in 3 seconds
[2025-09-25 05:41:54 | Room 2] Room has been reset
[2025-09-25 05:41:55 | Room 2] Player 0 joined room 2 and is now identified as Liuxover [128ec0bd]
[2025-09-25 05:41:55 | Room 2] Player 1 joined room 2 and is now identified as JoyMc [4fb4d8bd]
[2025-09-25 05:42:06 | Room 2] Track #4 and 5 laps were selected
Required players finished!
Race ends in 30 seconds
[2025-09-25 05:45:49 | Room 2] Countdown to finish started, resetting room soon
All players finished
Restarting in 3 seconds
[2025-09-25 05:45:52 | Room 2] Room has been reset
[2025-09-25 05:45:53 | Room 2] Player 0 joined room 2 and is now identified as Liuxover [128ec0bd]
[2025-09-25 05:45:53 | Room 2] Player 1 joined room 2 and is now identified as JoyMc [4fb4d8bd]
[2025-09-25 05:45:53 | Room 2] Player 2 joined room 2 and is now identified as Brayan [4f0206b3]
[2025-09-25 05:45:58 | Room 2] Track #5 and 5 laps were selected
Required players finished!
Race ends in 30 seconds
[2025-09-25 05:49:48 | Room 2] Countdown to finish started, resetting room soon
All players finished
Restarting in 3 seconds
[2025-09-25 05:50:01 | Room 2] Room has been reset
[2025-09-25 05:50:02 | Room 2] Player 0 joined room 2 and is now identified as Liuxover [128ec0bd]
[2025-09-25 05:50:02 | Room 2] Player 1 joined room 2 and is now identified as JoyMc [4fb4d8bd]
[2025-09-25 05:50:02 | Room 2] Player 2 joined room 2 and is now identified as Brayan [4f0206b3]
[2025-09-25 05:50:02 | Room 2] Player 3 joined room 2 and is now identified as wolfer [4c0606b3]
[2025-09-25 05:50:09 | Room 2] Track #6 and 5 laps were selected
Required players finished!
Race ends in 30 seconds
[2025-09-25 05:53:25 | Room 2] Countdown to finish started, resetting room soon
All players finished
Restarting in 3 seconds
[2025-09-25 05:53:30 | Room 2] Room has been reset
[2025-09-25 05:53:31 | Room 2] Player 0 joined room 2 and is now identified as Liuxover [128ec0bd]
[2025-09-25 05:53:31 | Room 2] Player 1 joined room 2 and is now identified as JoyMc [4fb4d8bd]
[2025-09-25 05:53:31 | Room 2] Player 3 joined room 2 and is now identified as wolfer [4c0606b3]
[2025-09-25 05:53:31 | Room 2] Player 2 joined room 2 and is now identified as Brayan [4f0206b3]
[2025-09-25 05:53:38 | Room 2] Track #7 and 5 laps were selected
[2025-09-25 05:59:09 | Room 2] Player wolfer (3) disconnected from room
[2025-09-25 05:59:59 | Room 2] Player JoyMc (1) disconnected from room
Required players finished!
Race ends in 30 seconds
[2025-09-25 06:00:03 | Room 2] Countdown to finish started, resetting room soon
All players finished
Restarting in 3 seconds
[2025-09-25 06:00:09 | Room 2] Room has been reset
[2025-09-25 06:00:10 | Room 2] Player 0 joined room 2 and is now identified as Liuxover [128ec0bd]
[2025-09-25 06:00:10 | Room 2] Player 2 joined room 2 and is now identified as Brayan [4f0206b3]
[2025-09-25 06:00:10 | Room 2] Player 1 joined room 2 and is now identified as jcm'crew [4c0606b3]
[2025-09-25 06:00:14 | Room 2] Player Liuxover (0) disconnected from room
[2025-09-25 06:00:17 | Room 2] Player jcm'crew (1) disconnected from room
[2025-09-25 06:00:22 | Room 2] Player Brayan (2) disconnected from room
[2025-09-25 06:00:22 | Room 2] Room has been killed as no players are left
[2025-09-25 06:00:29 | Room 16] Player 0 joined room 16 and is now identified as JoyMc [4fb4d8bd]
[2025-09-25 06:00:29 | Room 16] Player 1 joined room 16 and is now identified as Liuxover [128ec0bd]
[2025-09-25 06:00:33 | Room 16] Player JoyMc (0) disconnected from room
[2025-09-25 06:00:36 | Room 16] Player Liuxover (1) disconnected from room
[2025-09-25 06:00:36 | Room 16] Room has been killed as no players are left
[2025-09-25 06:00:40 | Room 16] Player 0 joined room 16 and is now identified as Liuxover [128ec0bd]
[2025-09-25 06:00:42 | Room 16] Player 1 joined room 16 and is now identified as JoyMc [4fb4d8bd]
[2025-09-25 06:00:47 | Room 16] Track #8 and 5 laps were selected
Required players finished!
Race ends in 30 seconds
[2025-09-25 06:05:08 | Room 16] Countdown to finish started, resetting room soon
All players finished
Restarting in 3 seconds
[2025-09-25 06:05:13 | Room 16] Room has been reset
[2025-09-25 06:05:14 | Room 16] Player 0 joined room 16 and is now identified as Liuxover [128ec0bd]
[2025-09-25 06:05:14 | Room 16] Player 1 joined room 16 and is now identified as JoyMc [4fb4d8bd]
[2025-09-25 06:05:14 | Room 16] Player 2 joined room 16 and is now identified as FuzionSynth [5948d14b]
[2025-09-25 06:05:14 | Room 16] Player 3 joined room 16 and is now identified as jcm'crew [4c0606b3]
[2025-09-25 06:05:14 | Room 16] Player 4 joined room 16 and is now identified as FRDS [a7e65324]
[2025-09-25 06:05:14 | Room 16] Player 5 joined room 16 and is now identified as Brayan [4f0206b3]
[2025-09-25 06:05:22 | Room 16] Track #9 and 5 laps were selected
Required players finished!
Race ends in 30 seconds
[2025-09-25 06:09:34 | Room 16] Countdown to finish started, resetting room soon
All players finished
Restarting in 3 seconds
[2025-09-25 06:09:51 | Room 16] Room has been reset
[2025-09-25 06:09:52 | Room 16] Player 0 joined room 16 and is now identified as Liuxover [128ec0bd]
[2025-09-25 06:09:52 | Room 16] Player 2 joined room 16 and is now identified as FuzionSynth [5948d14b]
[2025-09-25 06:09:52 | Room 16] Player 1 joined room 16 and is now identified as JoyMc [4fb4d8bd]
[2025-09-25 06:09:52 | Room 16] Player 3 joined room 16 and is now identified as jcm'crew [4c0606b3]
[2025-09-25 06:09:52 | Room 16] Player 5 joined room 16 and is now identified as Brayan [4f0206b3]
[2025-09-25 06:09:52 | Room 16] Player 4 joined room 16 and is now identified as FRDS [a7e65324]
[2025-09-25 06:09:59 | Room 16] Track #10 and 5 laps were selected
[2025-09-25 06:14:21 | Room 16] Player FuzionSynth (2) disconnected from room
Required players finished!
Race ends in 30 seconds
[2025-09-25 06:14:48 | Room 16] Countdown to finish started, resetting room soon
[2025-09-25 06:15:17 | Room 16] Room has been reset
[2025-09-25 06:15:18 | Room 16] Player 0 joined room 16 and is now identified as Liuxover [128ec0bd]
[2025-09-25 06:15:18 | Room 16] Player 1 joined room 16 and is now identified as JoyMc [4fb4d8bd]
[2025-09-25 06:15:18 | Room 16] Player 5 joined room 16 and is now identified as Brayan [4f0206b3]
[2025-09-25 06:15:18 | Room 16] Player 3 joined room 16 and is now identified as jcm'crew [4c0606b3]
[2025-09-25 06:15:18 | Room 16] Player 2 joined room 16 and is now identified as FuzionSynth [5948d14b]
[2025-09-25 06:15:18 | Room 16] Player 4 joined room 16 and is now identified as FRDS [a7e65324]
[2025-09-25 06:16:01 | Room 16] Track #11 and 5 laps were selected
[2025-09-25 06:16:45 | Room 16] Player FRDS (4) disconnected from room
[2025-09-25 06:17:33 | Room 1] Player 0 joined room 1 and is now identified as FRDS [a7e65324]
[2025-09-25 06:17:34 | Room 1] Player FRDS (0) disconnected from room
[2025-09-25 06:17:34 | Room 1] Room has been killed as no players are left
Required players finished!
Race ends in 30 seconds
[2025-09-25 06:20:54 | Room 16] Countdown to finish started, resetting room soon
[2025-09-25 06:21:23 | Room 16] Room has been reset
[2025-09-25 06:21:24 | Room 16] Player 0 joined room 16 and is now identified as Liuxover [128ec0bd]
[2025-09-25 06:21:24 | Room 16] Player 2 joined room 16 and is now identified as FuzionSynth [5948d14b]
[2025-09-25 06:21:24 | Room 16] Player 1 joined room 16 and is now identified as JoyMc [4fb4d8bd]
[2025-09-25 06:21:24 | Room 16] Player 3 joined room 16 and is now identified as jcm'crew [4c0606b3]
[2025-09-25 06:21:24 | Room 16] Player 5 joined room 16 and is now identified as Brayan [4f0206b3]
[2025-09-25 06:21:24 | Room 16] Player 4 joined room 16 and is now identified as FRDS [a7e65324]
[2025-09-25 06:21:41 | Room 16] Player Liuxover (0) disconnected from room
[2025-09-25 06:21:41 | Room 16] Player JoyMc (1) disconnected from room
[2025-09-25 06:21:45 | Room 16] Player FuzionSynth (2) disconnected from room
[2025-09-25 06:21:52 | Room 16] Player jcm'crew (3) disconnected from room
[2025-09-25 06:21:53 | Room 16] Player 0 joined room 16 and is now identified as FuzionSynth [5948d14b]
[2025-09-25 06:22:17 | Room 16] Track #2 and 5 laps were selected
[2025-09-25 06:22:30 | Room 16] Player Brayan (5) disconnected from room
[2025-09-25 06:23:02 | Room 1] Player 0 joined room 1 and is now identified as Liuxover [128ec0bd]
ban orb/clock 1
[2025-09-25 06:23:17 | Room 1] Track #17 and 1 laps were selected
[2025-09-25 06:23:37 | Room 1] Player Liuxover (0) disconnected from room
[2025-09-25 06:23:37 | Room 1] Room has been killed as no players are left
ban orb/clock 0
Required players finished!
Race ends in 30 seconds
[2025-09-25 06:24:27 | Room 16] Countdown to finish started, resetting room soon
ban orb/clock 1
All players finished
Restarting in 3 seconds
[2025-09-25 06:24:56 | Room 16] Room has been reset
[2025-09-25 06:24:57 | Room 16] Player 0 joined room 16 and is now identified as FuzionSynth [5948d14b]
[2025-09-25 06:24:57 | Room 16] Player 4 joined room 16 and is now identified as FRDS [a7e65324]
[2025-09-25 06:24:57 | Room 16] Player 1 joined room 16 and is now identified as Brayan [4f0206b3]
[2025-09-25 06:25:12 | Room 16] Player 2 joined room 16 and is now identified as jcm'crew [4c0606b3]
[2025-09-25 06:25:22 | Room 16] Track #7 and 5 laps were selected
ban orb/clock 1
ban orb/clock 0
ban orb/clock 1
[2025-09-25 06:28:24 | Room 16] Player FuzionSynth (0) disconnected from room
ban orb/clock 0
ban orb/clock 1
ban orb/clock 0
[2025-09-25 06:30:32 | Room 8] Player 0 joined room 8 and is now identified as Liuxover [128ec0bd]
[2025-09-25 06:31:15 | Room 8] Player Liuxover (0) disconnected from room
[2025-09-25 06:31:15 | Room 8] Room has been killed as no players are left
Required players finished!
Race ends in 30 seconds
[2025-09-25 06:32:19 | Room 16] Countdown to finish started, resetting room soon
[2025-09-25 06:32:48 | Room 16] Room has been reset
[2025-09-25 06:32:49 | Room 16] Player 2 joined room 16 and is now identified as jcm'crew [4c0606b3]
[2025-09-25 06:32:49 | Room 16] Player 1 joined room 16 and is now identified as Brayan [4f0206b3]
[2025-09-25 06:32:49 | Room 16] Player 0 joined room 16 and is now identified as FuzionSynth [5948d14b]
[2025-09-25 06:32:49 | Room 16] Player 4 joined room 16 and is now identified as FRDS [a7e65324]
[2025-09-25 06:33:16 | Room 16] Track #8 and 5 laps were selected
[2025-09-25 06:35:26 | Room 16] Player FuzionSynth (0) disconnected from room
ban orb/clock 1
ban orb/clock 0
ban orb/clock 1
Required players finished!
Race ends in 30 seconds
[2025-09-25 06:37:23 | Room 16] Countdown to finish started, resetting room soon
All players finished
Restarting in 3 seconds
[2025-09-25 06:37:35 | Room 16] Room has been reset
[2025-09-25 06:37:36 | Room 16] Player 2 joined room 16 and is now identified as jcm'crew [4c0606b3]
[2025-09-25 06:37:36 | Room 16] Player 0 joined room 16 and is now identified as FuzionSynth [5948d14b]
[2025-09-25 06:37:36 | Room 16] Player 1 joined room 16 and is now identified as Brayan [4f0206b3]
[2025-09-25 06:37:36 | Room 16] Player 4 joined room 16 and is now identified as FRDS [a7e65324]
[2025-09-25 06:37:46 | Room 16] Track #14 and 3 laps were selected
Required players finished!
Race ends in 30 seconds
[2025-09-25 06:39:41 | Room 16] Countdown to finish started, resetting room soon
All players finished
Restarting in 3 seconds
[2025-09-25 06:39:47 | Room 16] Room has been reset
[2025-09-25 06:39:48 | Room 16] Player 0 joined room 16 and is now identified as FuzionSynth [5948d14b]
[2025-09-25 06:39:48 | Room 16] Player 2 joined room 16 and is now identified as jcm'crew [4c0606b3]
[2025-09-25 06:39:48 | Room 16] Player 1 joined room 16 and is now identified as Brayan [4f0206b3]
[2025-09-25 06:39:48 | Room 16] Player 4 joined room 16 and is now identified as FRDS [a7e65324]
[2025-09-25 06:40:04 | Room 16] Track #5 and 5 laps were selected
ban orb/clock 1
ban orb/clock 0
ban orb/clock 1
Required players finished!
Race ends in 30 seconds
[2025-09-25 06:43:51 | Room 16] Countdown to finish started, resetting room soon
[2025-09-25 06:44:20 | Room 16] Room has been reset
[2025-09-25 06:44:21 | Room 16] Player 0 joined room 16 and is now identified as FuzionSynth [5948d14b]
[2025-09-25 06:44:21 | Room 16] Player 1 joined room 16 and is now identified as Brayan [4f0206b3]
[2025-09-25 06:44:21 | Room 16] Player 2 joined room 16 and is now identified as jcm'crew [4c0606b3]
[2025-09-25 06:44:21 | Room 16] Player 4 joined room 16 and is now identified as FRDS [a7e65324]
[2025-09-25 06:44:48 | Room 16] Track #12 and 5 laps were selected
ban orb/clock 1
[2025-09-25 06:46:52 | Room 16] Player FuzionSynth (0) disconnected from room
ban orb/clock 0
Required players finished!
Race ends in 30 seconds
[2025-09-25 06:50:33 | Room 16] Countdown to finish started, resetting room soon
All players finished
Restarting in 3 seconds
[2025-09-25 06:50:53 | Room 16] Room has been reset
[2025-09-25 06:50:54 | Room 16] Player 2 joined room 16 and is now identified as jcm'crew [4c0606b3]
[2025-09-25 06:50:54 | Room 16] Player 0 joined room 16 and is now identified as FuzionSynth [5948d14b]
[2025-09-25 06:50:54 | Room 16] Player 1 joined room 16 and is now identified as Brayan [4f0206b3]
[2025-09-25 06:50:54 | Room 16] Player 4 joined room 16 and is now identified as FRDS [a7e65324]
[2025-09-25 06:51:16 | Room 16] Player FRDS (4) disconnected from room
[2025-09-25 06:51:32 | Room 16] Track #1 and 5 laps were selected
ban orb/clock 1
ban orb/clock 0
Required players finished!
Race ends in 30 seconds
[2025-09-25 06:54:34 | Room 16] Countdown to finish started, resetting room soon
All players finished
Restarting in 3 seconds
[2025-09-25 06:54:39 | Room 16] Room has been reset
[2025-09-25 06:54:40 | Room 16] Player 0 joined room 16 and is now identified as FuzionSynth [5948d14b]
[2025-09-25 06:54:40 | Room 16] Player 2 joined room 16 and is now identified as jcm'crew [4c0606b3]
[2025-09-25 06:54:40 | Room 16] Player 1 joined room 16 and is now identified as Brayan [4f0206b3]
[2025-09-25 06:54:46 | Room 16] Track #4 and 5 laps were selected
[2025-09-25 06:57:25 | Room 16] Player FuzionSynth (0) disconnected from room
Required players finished!
Race ends in 30 seconds
[2025-09-25 06:58:24 | Room 16] Countdown to finish started, resetting room soon
All players finished
Restarting in 3 seconds
[2025-09-25 06:58:29 | Room 16] Room has been reset
[2025-09-25 06:58:30 | Room 16] Player 2 joined room 16 and is now identified as jcm'crew [4c0606b3]
[2025-09-25 06:58:30 | Room 16] Player 1 joined room 16 and is now identified as Brayan [4f0206b3]
[2025-09-25 06:58:31 | Room 16] Player Brayan (1) disconnected from room
[2025-09-25 06:58:33 | Room 16] Player jcm'crew (2) disconnected from room
[2025-09-25 06:58:33 | Room 16] Room has been killed as no players are left
[2025-09-25 07:32:33 | Room 1] Player 0 joined room 1 and is now identified as Gasmoxian [e1c3d9bd]
[2025-09-25 07:32:41 | Room 1] Track #0 and 3 laps were selected
All players finished
Restarting in 6 seconds
1 player race detected, finishing
[2025-09-25 07:35:05 | Room 1] Countdown to finish started, resetting room soon
[2025-09-25 07:35:10 | Room 1] Room has been reset
[2025-09-25 07:35:11 | Room 1] Player 0 joined room 1 and is now identified as Gasmoxian [e1c3d9bd]
[2025-09-25 07:35:37 | Room 1] Track #1 and 3 laps were selected
All players finished
Restarting in 6 seconds
1 player race detected, finishing
[2025-09-25 07:37:35 | Room 1] Countdown to finish started, resetting room soon
[2025-09-25 07:37:40 | Room 1] Room has been reset
[2025-09-25 07:37:41 | Room 1] Player 0 joined room 1 and is now identified as Gasmoxian [e1c3d9bd]
[2025-09-25 07:37:45 | Room 1] Track #2 and 3 laps were selected
All players finished
Restarting in 6 seconds
1 player race detected, finishing
[2025-09-25 07:39:36 | Room 1] Countdown to finish started, resetting room soon
[2025-09-25 07:39:41 | Room 1] Room has been reset
[2025-09-25 07:39:42 | Room 1] Player 0 joined room 1 and is now identified as Gasmoxian [e1c3d9bd]
[2025-09-25 07:39:47 | Room 1] Track #3 and 3 laps were selected
All players finished
Restarting in 6 seconds
1 player race detected, finishing
[2025-09-25 07:41:24 | Room 1] Countdown to finish started, resetting room soon
[2025-09-25 07:41:29 | Room 1] Room has been reset
[2025-09-25 07:41:30 | Room 1] Player 0 joined room 1 and is now identified as Gasmoxian [e1c3d9bd]
[2025-09-25 07:41:40 | Room 1] Track #4 and 3 laps were selected
All players finished
Restarting in 6 seconds
1 player race detected, finishing
[2025-09-25 07:43:42 | Room 1] Countdown to finish started, resetting room soon
[2025-09-25 07:43:47 | Room 1] Room has been reset
[2025-09-25 07:43:48 | Room 1] Player 0 joined room 1 and is now identified as Gasmoxian [e1c3d9bd]
[2025-09-25 07:43:54 | Room 1] Track #5 and 3 laps were selected
All players finished
Restarting in 6 seconds
1 player race detected, finishing
[2025-09-25 07:46:08 | Room 1] Countdown to finish started, resetting room soon
[2025-09-25 07:46:13 | Room 1] Room has been reset
[2025-09-25 07:46:14 | Room 1] Player 0 joined room 1 and is now identified as Gasmoxian [e1c3d9bd]
[2025-09-25 07:46:18 | Room 1] Track #6 and 3 laps were selected
All players finished
Restarting in 6 seconds
1 player race detected, finishing
[2025-09-25 07:47:54 | Room 1] Countdown to finish started, resetting room soon
[2025-09-25 07:47:59 | Room 1] Room has been reset
[2025-09-25 07:48:00 | Room 1] Player 0 joined room 1 and is now identified as Gasmoxian [e1c3d9bd]
[2025-09-25 07:48:06 | Room 1] Track #7 and 3 laps were selected
All players finished
Restarting in 6 seconds
1 player race detected, finishing
[2025-09-25 07:51:16 | Room 1] Countdown to finish started, resetting room soon
[2025-09-25 07:51:21 | Room 1] Room has been reset
[2025-09-25 07:51:22 | Room 1] Player 0 joined room 1 and is now identified as Gasmoxian [e1c3d9bd]
[2025-09-25 07:51:26 | Room 1] Track #8 and 3 laps were selected
All players finished
Restarting in 6 seconds
1 player race detected, finishing
[2025-09-25 07:53:31 | Room 1] Countdown to finish started, resetting room soon
[2025-09-25 07:53:36 | Room 1] Room has been reset
[2025-09-25 07:53:37 | Room 1] Player 0 joined room 1 and is now identified as Gasmoxian [e1c3d9bd]
[2025-09-25 07:53:55 | Room 1] Track #9 and 3 laps were selected
All players finished
Restarting in 6 seconds
1 player race detected, finishing
[2025-09-25 07:56:14 | Room 1] Countdown to finish started, resetting room soon
[2025-09-25 07:56:19 | Room 1] Room has been reset
[2025-09-25 07:56:20 | Room 1] Player 0 joined room 1 and is now identified as Gasmoxian [e1c3d9bd]
[2025-09-25 07:56:26 | Room 1] Track #10 and 3 laps were selected
All players finished
Restarting in 6 seconds
1 player race detected, finishing
[2025-09-25 07:59:25 | Room 1] Countdown to finish started, resetting room soon
[2025-09-25 07:59:30 | Room 1] Room has been reset
[2025-09-25 07:59:31 | Room 1] Player 0 joined room 1 and is now identified as Gasmoxian [e1c3d9bd]
[2025-09-25 07:59:35 | Room 1] Track #11 and 3 laps were selected
All players finished
Restarting in 6 seconds
1 player race detected, finishing
[2025-09-25 08:02:30 | Room 1] Countdown to finish started, resetting room soon
[2025-09-25 08:02:35 | Room 1] Room has been reset
[2025-09-25 08:02:36 | Room 1] Player 0 joined room 1 and is now identified as Gasmoxian [e1c3d9bd]
[2025-09-25 08:03:05 | Room 1] Track #12 and 3 laps were selected
All players finished
Restarting in 6 seconds
1 player race detected, finishing
[2025-09-25 08:06:38 | Room 1] Countdown to finish started, resetting room soon
[2025-09-25 08:06:43 | Room 1] Room has been reset
[2025-09-25 08:06:44 | Room 1] Player 0 joined room 1 and is now identified as Gasmoxian [e1c3d9bd]
[2025-09-25 08:07:00 | Room 1] Track #13 and 3 laps were selected
All players finished
Restarting in 6 seconds
1 player race detected, finishing
[2025-09-25 08:09:57 | Room 1] Countdown to finish started, resetting room soon
[2025-09-25 08:10:02 | Room 1] Room has been reset
[2025-09-25 08:10:03 | Room 1] Player 0 joined room 1 and is now identified as Gasmoxian [e1c3d9bd]
[2025-09-25 08:10:09 | Room 1] Track #14 and 3 laps were selected
All players finished
Restarting in 6 seconds
1 player race detected, finishing
[2025-09-25 08:11:47 | Room 1] Countdown to finish started, resetting room soon
[2025-09-25 08:11:52 | Room 1] Room has been reset
[2025-09-25 08:11:53 | Room 1] Player 0 joined room 1 and is now identified as Gasmoxian [e1c3d9bd]
[2025-09-25 08:11:59 | Room 1] Track #15 and 3 laps were selected
All players finished
Restarting in 6 seconds
1 player race detected, finishing
[2025-09-25 08:15:55 | Room 1] Countdown to finish started, resetting room soon
[2025-09-25 08:16:00 | Room 1] Room has been reset
[2025-09-25 08:16:01 | Room 1] Player 0 joined room 1 and is now identified as Gasmoxian [e1c3d9bd]
[2025-09-25 08:16:17 | Room 1] Track #16 and 3 laps were selected
All players finished
Restarting in 6 seconds
1 player race detected, finishing
[2025-09-25 08:18:29 | Room 1] Countdown to finish started, resetting room soon
[2025-09-25 08:18:34 | Room 1] Room has been reset
[2025-09-25 08:18:35 | Room 1] Player 0 joined room 1 and is now identified as Gasmoxian [e1c3d9bd]
[2025-09-25 08:18:47 | Room 1] Track #17 and 3 laps were selected
All players finished
Restarting in 6 seconds
1 player race detected, finishing
[2025-09-25 08:21:00 | Room 1] Countdown to finish started, resetting room soon
[2025-09-25 08:21:05 | Room 1] Room has been reset
[2025-09-25 08:21:06 | Room 1] Player 0 joined room 1 and is now identified as Gasmoxian [e1c3d9bd]
[2025-09-25 08:21:24 | Room 1] Player Gasmoxian (0) disconnected from room
[2025-09-25 08:21:24 | Room 1] Room has been killed as no players are left
[2025-09-25 12:23:12 | Room 1] Player 0 joined room 1 and is now identified as Buniarts [983508b1]
[2025-09-25 12:23:18 | Room 1] Track #6 and 3 laps were selected
All players finished
Restarting in 6 seconds
1 player race detected, finishing
[2025-09-25 12:27:02 | Room 1] Countdown to finish started, resetting room soon
[2025-09-25 12:27:07 | Room 1] Room has been reset
[2025-09-25 12:27:08 | Room 1] Player 0 joined room 1 and is now identified as Buniarts [983508b1]
[2025-09-25 12:27:13 | Room 1] Track #6 and 3 laps were selected
[2025-09-25 12:28:28 | Room 1] Player Buniarts (0) disconnected from room
[2025-09-25 12:28:28 | Room 1] Room has been killed as no players are left
[2025-09-25 12:38:06 | Room 1] Player 0 joined room 1 and is now identified as Buniarts [983508b1]
[2025-09-25 12:38:10 | Room 1] Track #6 and 3 laps were selected
All players finished
Restarting in 6 seconds
1 player race detected, finishing
[2025-09-25 12:39:41 | Room 1] Countdown to finish started, resetting room soon
[2025-09-25 12:39:46 | Room 1] Room has been reset
[2025-09-25 12:39:47 | Room 1] Player 0 joined room 1 and is now identified as Buniarts [983508b1]
[2025-09-25 12:39:56 | Room 1] Track #3 and 3 laps were selected
All players finished
Restarting in 6 seconds
1 player race detected, finishing
[2025-09-25 12:41:45 | Room 1] Countdown to finish started, resetting room soon
[2025-09-25 12:41:50 | Room 1] Room has been reset
[2025-09-25 12:41:51 | Room 1] Player 0 joined room 1 and is now identified as Buniarts [983508b1]
[2025-09-25 12:42:09 | Room 1] Track #6 and 3 laps were selected
All players finished
Restarting in 6 seconds
1 player race detected, finishing
[2025-09-25 12:43:38 | Room 1] Countdown to finish started, resetting room soon
[2025-09-25 12:43:43 | Room 1] Room has been reset
[2025-09-25 12:43:44 | Room 1] Player 0 joined room 1 and is now identified as Buniarts [983508b1]
[2025-09-25 12:43:51 | Room 1] Track #6 and 3 laps were selected
[2025-09-25 12:45:09 | Room 1] Player Buniarts (0) disconnected from room
[2025-09-25 12:45:09 | Room 1] Room has been killed as no players are left
[2025-09-25 13:49:46 | Room 1] Player 0 joined room 1 and is now identified as Oleg [36e77025]
[2025-09-25 13:49:47 | Room 1] Player Oleg (0) disconnected from room
[2025-09-25 13:49:47 | Room 1] Room has been killed as no players are left
[2025-09-25 15:35:05 | Room 1] Player 0 joined room 1 and is now identified as LHB1 [572005be]
[2025-09-25 15:35:06 | Room 1] Player LHB1 (0) disconnected from room
[2025-09-25 15:35:06 | Room 1] Room has been killed as no players are left
[2025-09-25 20:38:19 | Room 1] Player 0 joined room 1 and is now identified as Buniarts [983508b1]
[2025-09-25 20:38:24 | Room 1] Track #6 and 3 laps were selected
All players finished
Restarting in 6 seconds
1 player race detected, finishing
[2025-09-25 20:39:54 | Room 1] Countdown to finish started, resetting room soon
[2025-09-25 20:39:59 | Room 1] Room has been reset
[2025-09-25 20:40:00 | Room 1] Player 0 joined room 1 and is now identified as Buniarts [983508b1]
[2025-09-25 20:40:04 | Room 1] Track #6 and 3 laps were selected
[2025-09-25 20:41:02 | Room 1] Player Buniarts (0) disconnected from room
[2025-09-25 20:41:02 | Room 1] Room has been killed as no players are left
[2025-09-25 21:53:16 | Room 1] Player 0 joined room 1 and is now identified as STUDSX [929906bc]
[2025-09-25 21:53:31 | Room 1] Player STUDSX (0) disconnected from room
[2025-09-25 21:53:31 | Room 1] Room has been killed as no players are left
[2025-09-25 21:54:29 | Room 1] Player 0 joined room 1 and is now identified as STUDSX [929906bc]
[2025-09-25 21:54:34 | Room 1] Track #5 and 1 laps were selected
[2025-09-25 21:54:36 | Room 1] Player STUDSX (0) disconnected from room
[2025-09-25 21:54:36 | Room 1] Room has been killed as no players are left
[2025-09-25 21:54:38 | Room 1] Player 0 joined room 1 and is now identified as STUDSX [929906bc]
[2025-09-25 21:54:43 | Room 1] Player STUDSX (0) disconnected from room
[2025-09-25 21:54:43 | Room 1] Room has been killed as no players are left
[2025-09-25 21:54:44 | Room 1] Player 0 joined room 1 and is now identified as STUDSX [929906bc]
[2025-09-25 21:54:48 | Room 1] Player STUDSX (0) disconnected from room
[2025-09-25 21:54:48 | Room 1] Room has been killed as no players are left
[2025-09-25 21:54:50 | Room 1] Player 0 joined room 1 and is now identified as STUDSX [929906bc]
[2025-09-25 21:55:49 | Room 1] Player STUDSX (0) disconnected from room
[2025-09-25 21:55:49 | Room 1] Room has been killed as no players are left
[2025-09-25 21:56:04 | Room 1] Player 0 joined room 1 and is now identified as STUDSX [929906bc]
[2025-09-25 21:56:32 | Room 1] Track #12 and 3 laps were selected
[2025-09-25 21:57:50 | Room 1] Player STUDSX (0) disconnected from room
[2025-09-25 21:57:50 | Room 1] Room has been killed as no players are left
[2025-09-25 21:58:08 | Room 1] Player 0 joined room 1 and is now identified as STUDSX [929906bc]
[2025-09-25 21:58:23 | Room 1] Track #13 and 3 laps were selected
[2025-09-25 21:59:52 | Room 1] Player STUDSX (0) disconnected from room
[2025-09-25 21:59:52 | Room 1] Room has been killed as no players are left
[2025-09-25 21:59:55 | Room 1] Player 0 joined room 1 and is now identified as STUDSX [929906bc]
[2025-09-25 22:00:01 | Room 1] Track #5 and 3 laps were selected
[2025-09-25 22:00:47 | Room 1] Player STUDSX (0) disconnected from room
[2025-09-25 22:00:47 | Room 1] Room has been killed as no players are left
[2025-09-25 22:00:51 | Room 1] Player 0 joined room 1 and is now identified as STUDSX [929906bc]
[2025-09-25 22:01:03 | Room 1] Player STUDSX (0) disconnected from room
[2025-09-25 22:01:03 | Room 1] Room has been killed as no players are left
[2025-09-25 22:01:06 | Room 1] Player 0 joined room 1 and is now identified as STUDSX [929906bc]
[2025-09-25 22:01:14 | Room 1] Track #6 and 3 laps were selected
All players finished
Restarting in 6 seconds
1 player race detected, finishing
[2025-09-25 22:02:54 | Room 1] Countdown to finish started, resetting room soon
[2025-09-25 22:02:59 | Room 1] Room has been reset
[2025-09-25 22:03:00 | Room 1] Player 0 joined room 1 and is now identified as STUDSX [929906bc]
[2025-09-25 22:03:22 | Room 1] Track #7 and 3 laps were selected
[2025-09-25 22:05:43 | Room 1] Player STUDSX (0) disconnected from room
[2025-09-25 22:05:43 | Room 1] Room has been killed as no players are left
[2025-09-26 00:35:31 | Room 3] Player 0 joined room 3 and is now identified as ATA [039f62bf]
[2025-09-26 00:35:37 | Room 3] Player ATA (0) disconnected from room
[2025-09-26 00:35:37 | Room 3] Room has been killed as no players are left
[2025-09-26 01:00:26 | Room 9] Player 0 joined room 9 and is now identified as TubbaGL672 [19b1bebb]
[2025-09-26 01:00:46 | Room 9] Player TubbaGL672 (0) disconnected from room
[2025-09-26 01:00:46 | Room 9] Room has been killed as no players are left
[2025-09-26 01:01:13 | Room 1] Player 0 joined room 1 and is now identified as NOS [68c1a71f]
[2025-09-26 01:01:25 | Room 1] Track #8 and 3 laps were selected
[2025-09-26 01:02:00 | Room 1] Player NOS (0) disconnected from room
[2025-09-26 01:02:00 | Room 1] Room has been killed as no players are left
[2025-09-26 01:52:48 | Room 9] Player 0 joined room 9 and is now identified as gwktm [5a10bebb]
[2025-09-26 01:53:09 | Room 9] Track #8 and 3 laps were selected
[2025-09-26 01:53:22 | Room 9] Player gwktm (0) disconnected from room
[2025-09-26 01:53:22 | Room 9] Room has been killed as no players are left
[2025-09-26 02:03:46 | Room 10] Player 0 joined room 10 and is now identified as gwktm [5a10bebb]
[2025-09-26 02:03:48 | Room 10] Track #2 and 3 laps were selected
[2025-09-26 02:04:02 | Room 10] Player gwktm (0) disconnected from room
[2025-09-26 02:04:02 | Room 10] Room has been killed as no players are left
[2025-09-26 02:21:15 | Room 3] Player 0 joined room 3 and is now identified as kkkabc [5a10bebb]
[2025-09-26 02:21:20 | Room 3] Player kkkabc (0) disconnected from room
[2025-09-26 02:21:20 | Room 3] Room has been killed as no players are left
[2025-09-26 02:21:42 | Room 2] Player 0 joined room 2 and is now identified as kkkabc [5a10bebb]
[2025-09-26 02:21:43 | Room 2] Player kkkabc (0) disconnected from room
[2025-09-26 02:21:43 | Room 2] Room has been killed as no players are left
[2025-09-26 02:27:36 | Room 9] Player 0 joined room 9 and is now identified as Gasmoxian [5a10bebb]
[2025-09-26 02:27:38 | Room 9] Player Gasmoxian (0) disconnected from room
[2025-09-26 02:27:38 | Room 9] Room has been killed as no players are left
[2025-09-26 02:39:37 | Room 8] Player 0 joined room 8 and is now identified as 2e3e3 [5a10bebb]
[2025-09-26 02:40:48 | Room 8] Player 2e3e3 (0) disconnected from room
[2025-09-26 02:40:48 | Room 8] Room has been killed as no players are left
[2025-09-26 03:06:21 | Room 9] Player 0 joined room 9 and is now identified as Aimar [475b6bc8]
[2025-09-26 03:06:25 | Room 9] Player Aimar (0) disconnected from room
[2025-09-26 03:06:25 | Room 9] Room has been killed as no players are left
[2025-09-26 07:25:54 | Room 1] Player 0 joined room 1 and is now identified as JoyMc [4fb4d8bd]
[2025-09-26 07:26:28 | Room 1] Track #4 and 5 laps were selected
All players finished
Restarting in 6 seconds
1 player race detected, finishing
[2025-09-26 07:30:23 | Room 1] Countdown to finish started, resetting room soon
[2025-09-26 07:30:28 | Room 1] Room has been reset
[2025-09-26 07:30:29 | Room 1] Player 0 joined room 1 and is now identified as JoyMc [4fb4d8bd]
[2025-09-26 07:30:45 | Room 1] Track #2 and 3 laps were selected
All players finished
Restarting in 6 seconds
1 player race detected, finishing
[2025-09-26 07:32:29 | Room 1] Countdown to finish started, resetting room soon
[2025-09-26 07:32:34 | Room 1] Room has been reset
[2025-09-26 07:32:35 | Room 1] Player 0 joined room 1 and is now identified as JoyMc [4fb4d8bd]
[2025-09-26 07:32:53 | Room 1] Track #7 and 7 laps were selected
All players finished
Restarting in 6 seconds
1 player race detected, finishing
[2025-09-26 07:42:35 | Room 1] Countdown to finish started, resetting room soon
[2025-09-26 07:42:40 | Room 1] Room has been reset
[2025-09-26 07:42:41 | Room 1] Player 0 joined room 1 and is now identified as JoyMc [4fb4d8bd]
[2025-09-26 07:42:50 | Room 1] Track #11 and 1 laps were selected
[2025-09-26 07:42:50 | Room 1] Player JoyMc (0) disconnected from room
[2025-09-26 07:42:50 | Room 1] Room has been killed as no players are left
[2025-09-26 10:33:19 | Room 1] Player 0 joined room 1 and is now identified as SnifflesCat [e087b831]
[2025-09-26 10:33:35 | Room 1] Track #5 and 3 laps were selected
[2025-09-26 10:34:15 | Room 1] Player SnifflesCat (0) disconnected from room
[2025-09-26 10:34:15 | Room 1] Room has been killed as no players are left
[2025-09-26 10:34:46 | Room 9] Player 0 joined room 9 and is now identified as SnifflesCat [e087b831]
[2025-09-26 10:35:06 | Room 9] Player SnifflesCat (0) disconnected from room
[2025-09-26 10:35:06 | Room 9] Room has been killed as no players are left
[2025-09-26 11:42:27 | Room 1] Player 0 joined room 1 and is now identified as STUDSX [0277e4c3]
[2025-09-26 11:42:47 | Room 1] Track #12 and 3 laps were selected
All players finished
Restarting in 6 seconds
1 player race detected, finishing
[2025-09-26 11:45:54 | Room 1] Countdown to finish started, resetting room soon
[2025-09-26 11:45:59 | Room 1] Room has been reset
[2025-09-26 11:46:00 | Room 1] Player 0 joined room 1 and is now identified as STUDSX [0277e4c3]
[2025-09-26 11:46:12 | Room 1] Player STUDSX (0) disconnected from room
[2025-09-26 11:46:12 | Room 1] Room has been killed as no players are left
[2025-09-26 13:18:43 | Room 1] Player 0 joined room 1 and is now identified as D0ng [855796ba]
[2025-09-26 13:19:56 | Room 1] Track #11 and 3 laps were selected
All players finished
Restarting in 6 seconds
1 player race detected, finishing
[2025-09-26 13:22:49 | Room 1] Countdown to finish started, resetting room soon
[2025-09-26 13:22:54 | Room 1] Room has been reset
[2025-09-26 13:22:55 | Room 1] Player 0 joined room 1 and is now identified as D0ng [855796ba]
[2025-09-26 13:23:05 | Room 1] Player D0ng (0) disconnected from room
[2025-09-26 13:23:05 | Room 1] Room has been killed as no players are left
[2025-09-26 15:11:06 | Room 1] Player 0 joined room 1 and is now identified as STUDSX [0277e4c3]
[2025-09-26 15:11:13 | Room 1] Track #0 and 3 laps were selected
[2025-09-26 15:12:12 | Room 1] Player STUDSX (0) disconnected from room
[2025-09-26 15:12:12 | Room 1] Room has been killed as no players are left
[2025-09-26 15:13:00 | Room 1] Player 0 joined room 1 and is now identified as STUDSX [0277e4c3]
[2025-09-26 15:13:09 | Room 1] Track #1 and 3 laps were selected
All players finished
Restarting in 6 seconds
1 player race detected, finishing
[2025-09-26 15:15:06 | Room 1] Countdown to finish started, resetting room soon
[2025-09-26 15:15:11 | Room 1] Room has been reset
[2025-09-26 15:15:12 | Room 1] Player 0 joined room 1 and is now identified as STUDSX [0277e4c3]
[2025-09-26 15:15:17 | Room 1] Track #2 and 3 laps were selected
All players finished
Restarting in 6 seconds
1 player race detected, finishing
[2025-09-26 15:17:17 | Room 1] Countdown to finish started, resetting room soon
[2025-09-26 15:17:22 | Room 1] Room has been reset
[2025-09-26 15:17:23 | Room 1] Player 0 joined room 1 and is now identified as STUDSX [0277e4c3]
[2025-09-26 15:17:28 | Room 1] Track #3 and 3 laps were selected
All players finished
Restarting in 6 seconds
1 player race detected, finishing
[2025-09-26 15:19:47 | Room 1] Countdown to finish started, resetting room soon
[2025-09-26 15:19:52 | Room 1] Room has been reset
[2025-09-26 15:19:53 | Room 1] Player 0 joined room 1 and is now identified as STUDSX [0277e4c3]
[2025-09-26 15:20:02 | Room 1] Player STUDSX (0) disconnected from room
[2025-09-26 15:20:02 | Room 1] Room has been killed as no players are left
[2025-09-26 15:28:29 | Room 1] Player 0 joined room 1 and is now identified as IDR [87875652]
[2025-09-26 15:28:42 | Room 1] Player IDR (0) disconnected from room
[2025-09-26 15:28:42 | Room 1] Room has been killed as no players are left
[2025-09-26 15:28:58 | Room 1] Player 0 joined room 1 and is now identified as IDR [87875652]
[2025-09-26 15:29:52 | Room 1] Player IDR (0) disconnected from room
[2025-09-26 15:29:52 | Room 1] Room has been killed as no players are left
[2025-09-26 20:54:36 | Room 1] Player 0 joined room 1 and is now identified as drm [6806fb18]
[2025-09-26 20:54:58 | Room 1] Player drm (0) disconnected from room
[2025-09-26 20:54:58 | Room 1] Room has been killed as no players are left
[2025-09-26 21:06:47 | Room 1] Player 0 joined room 1 and is now identified as D0ng [855796ba]
[2025-09-26 21:07:27 | Room 1] Track #9 and 3 laps were selected
All players finished
Restarting in 6 seconds
1 player race detected, finishing
[2025-09-26 21:10:03 | Room 1] Countdown to finish started, resetting room soon
[2025-09-26 21:10:08 | Room 1] Room has been reset
[2025-09-26 21:10:09 | Room 1] Player 0 joined room 1 and is now identified as D0ng [855796ba]
[2025-09-26 21:10:20 | Room 1] Track #9 and 3 laps were selected
All players finished
Restarting in 6 seconds
1 player race detected, finishing
[2025-09-26 21:12:45 | Room 1] Countdown to finish started, resetting room soon
[2025-09-26 21:12:50 | Room 1] Room has been reset
[2025-09-26 21:12:51 | Room 1] Player 0 joined room 1 and is now identified as D0ng [855796ba]
[2025-09-26 21:13:28 | Room 1] Track #8 and 3 laps were selected
All players finished
Restarting in 6 seconds
1 player race detected, finishing
[2025-09-26 21:15:48 | Room 1] Countdown to finish started, resetting room soon
[2025-09-26 21:15:53 | Room 1] Room has been reset
[2025-09-26 21:15:54 | Room 1] Player 0 joined room 1 and is now identified as D0ng [855796ba]
[2025-09-26 21:16:54 | Room 1] Track #12 and 3 laps were selected
All players finished
Restarting in 6 seconds
1 player race detected, finishing
[2025-09-26 21:19:53 | Room 1] Countdown to finish started, resetting room soon
[2025-09-26 21:19:58 | Room 1] Room has been reset
[2025-09-26 21:19:59 | Room 1] Player 0 joined room 1 and is now identified as D0ng [855796ba]
[2025-09-26 21:20:32 | Room 1] Player D0ng (0) disconnected from room
[2025-09-26 21:20:32 | Room 1] Room has been killed as no players are left
[2025-09-26 21:24:28 | Room 1] Player 0 joined room 1 and is now identified as drm [6806fb18]
[2025-09-26 21:24:51 | Room 1] Player drm (0) disconnected from room
[2025-09-26 21:24:51 | Room 1] Room has been killed as no players are left
[2025-09-26 21:24:58 | Room 1] Player 0 joined room 1 and is now identified as drm [6806fb18]
[2025-09-26 21:25:39 | Room 1] Player 1 joined room 1 and is now identified as Jesus [10c1a9d4]
[2025-09-26 21:26:05 | Room 1] Track #3 and 3 laps were selected
Required players finished!
Race ends in 30 seconds
[2025-09-26 21:28:53 | Room 1] Countdown to finish started, resetting room soon
All players finished
Restarting in 3 seconds
[2025-09-26 21:28:57 | Room 1] Room has been reset
[2025-09-26 21:28:58 | Room 1] Player 0 joined room 1 and is now identified as drm [6806fb18]
[2025-09-26 21:28:58 | Room 1] Player 1 joined room 1 and is now identified as Jesus [10c1a9d4]
[2025-09-26 21:28:58 | Room 1] Player 2 joined room 1 and is now identified as IDR [87875652]
[2025-09-26 21:29:06 | Room 1] Player Jesus (1) disconnected from room
[2025-09-26 21:29:11 | Room 1] Player drm (0) disconnected from room
[2025-09-26 21:29:14 | Room 1] Player IDR (2) disconnected from room
[2025-09-26 21:29:14 | Room 1] Room has been killed as no players are left
[2025-09-26 21:31:02 | Room 1] Player 0 joined room 1 and is now identified as Jesus [10c1a9d4]
[2025-09-26 21:31:03 | Room 1] Player Jesus (0) disconnected from room
[2025-09-26 21:31:03 | Room 1] Room has been killed as no players are left
[2025-09-26 21:31:36 | Room 1] Player 0 joined room 1 and is now identified as drm [6806fb18]
[2025-09-26 21:31:48 | Room 1] Player 1 joined room 1 and is now identified as Jesus [10c1a9d4]
[2025-09-26 21:32:22 | Room 1] Track #2 and 3 laps were selected
ban orb/clock 1
ban orb/clock 0
Required players finished!
Race ends in 30 seconds
[2025-09-26 21:34:50 | Room 1] Countdown to finish started, resetting room soon
All players finished
Restarting in 3 seconds
[2025-09-26 21:34:53 | Room 1] Room has been reset
[2025-09-26 21:34:54 | Room 1] Player 0 joined room 1 and is now identified as drm [6806fb18]
[2025-09-26 21:34:54 | Room 1] Player 1 joined room 1 and is now identified as Jesus [10c1a9d4]
[2025-09-26 21:34:54 | Room 1] Player 2 joined room 1 and is now identified as Yummy [6da90cba]
[2025-09-26 21:35:01 | Room 1] Player Yummy (2) disconnected from room
[2025-09-26 21:35:10 | Room 1] Player 2 joined room 1 and is now identified as Yummy [6da90cba]
[2025-09-26 21:35:23 | Room 1] Track #15 and 3 laps were selected
ban orb/clock 1
ban orb/clock 0
ban orb/clock 1
ban orb/clock 0
ban orb/clock 1
Required players finished!
Race ends in 30 seconds
[2025-09-26 21:39:26 | Room 1] Countdown to finish started, resetting room soon
All players finished
Restarting in 3 seconds
[2025-09-26 21:39:53 | Room 1] Room has been reset
[2025-09-26 21:39:54 | Room 1] Player 0 joined room 1 and is now identified as drm [6806fb18]
[2025-09-26 21:39:54 | Room 1] Player 1 joined room 1 and is now identified as Jesus [10c1a9d4]
[2025-09-26 21:39:54 | Room 1] Player 2 joined room 1 and is now identified as Yummy [6da90cba]
[2025-09-26 21:40:02 | Room 1] Track #5 and 1 laps were selected
Required players finished!
Race ends in 30 seconds
[2025-09-26 21:41:22 | Room 1] Countdown to finish started, resetting room soon
All players finished
Restarting in 3 seconds
[2025-09-26 21:41:28 | Room 1] Room has been reset
[2025-09-26 21:41:29 | Room 1] Player 0 joined room 1 and is now identified as drm [6806fb18]
[2025-09-26 21:41:29 | Room 1] Player 1 joined room 1 and is now identified as Jesus [10c1a9d4]
[2025-09-26 21:41:29 | Room 1] Player 2 joined room 1 and is now identified as Yummy [6da90cba]
[2025-09-26 21:42:00 | Room 1] Track #10 and 3 laps were selected
[2025-09-26 21:44:07 | Room 1] Player Yummy (2) disconnected from room
Required players finished!
Race ends in 30 seconds
[2025-09-26 21:44:57 | Room 1] Countdown to finish started, resetting room soon
[2025-09-26 21:45:26 | Room 1] Room has been reset
[2025-09-26 21:45:27 | Room 1] Player 0 joined room 1 and is now identified as drm [6806fb18]
[2025-09-26 21:45:27 | Room 1] Player 1 joined room 1 and is now identified as Jesus [10c1a9d4]
[2025-09-26 21:45:27 | Room 1] Player 2 joined room 1 and is now identified as Yummy [6da90cba]
[2025-09-26 21:45:36 | Room 1] Player Yummy (2) disconnected from room
[2025-09-26 21:46:07 | Room 1] Track #14 and 3 laps were selected
Required players finished!
Race ends in 30 seconds
[2025-09-26 21:48:16 | Room 1] Countdown to finish started, resetting room soon
All players finished
Restarting in 3 seconds
[2025-09-26 21:48:19 | Room 1] Room has been reset
[2025-09-26 21:48:20 | Room 1] Player 1 joined room 1 and is now identified as Jesus [10c1a9d4]
[2025-09-26 21:48:20 | Room 1] Player 0 joined room 1 and is now identified as drm [6806fb18]
[2025-09-26 21:48:32 | Room 1] Player drm (0) disconnected from room
[2025-09-26 21:48:32 | Room 1] Player Jesus (1) disconnected from room
[2025-09-26 21:48:32 | Room 1] Room has been killed as no players are left
[2025-09-27 02:14:19 | Room 2] Player 0 joined room 2 and is now identified as Yummy [6da90cba]
[2025-09-27 02:14:20 | Room 2] Player Yummy (0) disconnected from room
[2025-09-27 02:14:20 | Room 2] Room has been killed as no players are left
[2025-09-27 04:24:28 | Room 9] Player 0 joined room 9 and is now identified as PSG1999 [864c758a]
[2025-09-27 04:24:39 | Room 9] Track #5 and 5 laps were selected
[2025-09-27 04:24:48 | Room 9] Player PSG1999 (0) disconnected from room
[2025-09-27 04:24:48 | Room 9] Room has been killed as no players are left
[2025-09-27 04:39:34 | Room 9] Player 0 joined room 9 and is now identified as PSG1999 [864c758a]
[2025-09-27 04:39:37 | Room 9] Track #1 and 3 laps were selected
All players finished
Restarting in 6 seconds
1 player race detected, finishing
[2025-09-27 04:41:28 | Room 9] Countdown to finish started, resetting room soon
[2025-09-27 04:41:33 | Room 9] Room has been reset
[2025-09-27 04:41:34 | Room 9] Player 0 joined room 9 and is now identified as PSG1999 [864c758a]
[2025-09-27 04:41:37 | Room 9] Player PSG1999 (0) disconnected from room
[2025-09-27 04:41:37 | Room 9] Room has been killed as no players are left
[2025-09-27 04:56:37 | Room 1] Player 0 joined room 1 and is now identified as PSG1999 [864c758a]
[2025-09-27 04:56:42 | Room 1] Track #0 and 1 laps were selected
All players finished
Restarting in 6 seconds
1 player race detected, finishing
[2025-09-27 04:57:27 | Room 1] Countdown to finish started, resetting room soon
[2025-09-27 04:57:29 | Room 1] Player PSG1999 (0) disconnected from room
[2025-09-27 04:57:29 | Room 1] Room has been killed as no players are left
[2025-09-27 04:58:44 | Room 1] Player 0 joined room 1 and is now identified as PSG1999 [864c758a]
[2025-09-27 04:59:09 | Room 1] Track #3 and 1 laps were selected
[2025-09-27 04:59:19 | Room 1] Player PSG1999 (0) disconnected from room
[2025-09-27 04:59:19 | Room 1] Room has been killed as no players are left
[2025-09-27 05:00:43 | Room 1] Player 0 joined room 1 and is now identified as PSG1999 [864c758a]
[2025-09-27 05:00:53 | Room 1] Track #3 and 1 laps were selected
All players finished
Restarting in 6 seconds
1 player race detected, finishing
[2025-09-27 05:01:43 | Room 1] Countdown to finish started, resetting room soon
[2025-09-27 05:01:48 | Room 1] Room has been reset
[2025-09-27 05:01:49 | Room 1] Player 0 joined room 1 and is now identified as PSG1999 [864c758a]
[2025-09-27 05:02:05 | Room 1] Track #2 and 1 laps were selected
[2025-09-27 05:02:14 | Room 1] Player PSG1999 (0) disconnected from room
[2025-09-27 05:02:14 | Room 1] Room has been killed as no players are left
[2025-09-27 07:49:30 | Room 9] Player 0 joined room 9 and is now identified as fabrixd530 [ed741926]
[2025-09-27 07:49:35 | Room 9] Player fabrixd530 (0) disconnected from room
[2025-09-27 07:49:35 | Room 9] Room has been killed as no players are left
[2025-09-28 14:04:58 | Room 1] Player 0 joined room 1 and is now identified as STUDSX [0277e4c3]
[2025-09-28 14:05:08 | Room 1] Track #5 and 3 laps were selected
[2025-09-28 14:05:57 | Room 16] Player 0 joined room 16 and is now identified as FuzionSynth [5948d14b]
All players finished
Restarting in 6 seconds
1 player race detected, finishing
[2025-09-28 14:07:18 | Room 1] Countdown to finish started, resetting room soon
[2025-09-28 14:07:23 | Room 1] Room has been reset
[2025-09-28 14:07:24 | Room 1] Player 0 joined room 1 and is now identified as STUDSX [0277e4c3]
[2025-09-28 14:07:40 | Room 1] Track #7 and 3 laps were selected
[2025-09-28 14:08:23 | Room 16] Track #2 and 3 laps were selected
All players finished
Restarting in 6 seconds
1 player race detected, finishing
[2025-09-28 14:10:25 | Room 1] Countdown to finish started, resetting room soon
[2025-09-28 14:10:30 | Room 1] Room has been reset
[2025-09-28 14:10:31 | Room 1] Player 0 joined room 1 and is now identified as STUDSX [0277e4c3]
All players finished
Restarting in 6 seconds
1 player race detected, finishing
[2025-09-28 14:10:56 | Room 16] Countdown to finish started, resetting room soon
[2025-09-28 14:11:01 | Room 16] Room has been reset
[2025-09-28 14:11:02 | Room 16] Player 0 joined room 16 and is now identified as FuzionSynth [5948d14b]
[2025-09-28 14:11:08 | Room 1] Track #12 and 3 laps were selected
[2025-09-28 14:11:17 | Room 16] Player FuzionSynth (0) disconnected from room
[2025-09-28 14:11:17 | Room 16] Room has been killed as no players are left
All players finished
Restarting in 6 seconds
1 player race detected, finishing
[2025-09-28 14:14:24 | Room 1] Countdown to finish started, resetting room soon
[2025-09-28 14:14:29 | Room 2] Player 0 joined room 2 and is now identified as Gasmoxian [31de7e02]
[2025-09-28 14:14:29 | Room 1] Room has been reset
[2025-09-28 14:14:30 | Room 1] Player 0 joined room 1 and is now identified as STUDSX [0277e4c3]
[2025-09-28 14:14:34 | Room 2] Player Gasmoxian (0) disconnected from room
[2025-09-28 14:14:34 | Room 2] Room has been killed as no players are left
[2025-09-28 14:15:25 | Room 1] Track #10 and 3 laps were selected
[2025-09-28 14:15:48 | Room 2] Player 0 joined room 2 and is now identified as LilHelper [31de7e02]
[2025-09-28 14:16:26 | Room 2] Player LilHelper (0) disconnected from room
[2025-09-28 14:16:26 | Room 2] Room has been killed as no players are left
All players finished
Restarting in 6 seconds
1 player race detected, finishing
[2025-09-28 14:19:47 | Room 1] Countdown to finish started, resetting room soon
[2025-09-28 14:19:52 | Room 1] Room has been reset
[2025-09-28 14:19:55 | Room 1] Player STUDSX (0) disconnected from room
[2025-09-28 14:19:55 | Room 1] Room has been killed as no players are left
[2025-09-28 14:21:54 | Room 1] Player 0 joined room 1 and is now identified as STUDSX [0277e4c3]
[2025-09-28 14:22:04 | Room 1] Track #11 and 3 laps were selected
[2025-09-28 14:22:44 | Room 1] Player STUDSX (0) disconnected from room
[2025-09-28 14:22:44 | Room 1] Room has been killed as no players are left
[2025-09-28 14:25:03 | Room 1] Player 0 joined room 1 and is now identified as STUDSX [0277e4c3]
[2025-09-28 14:27:02 | Room 1] Track #13 and 3 laps were selected
All players finished
Restarting in 6 seconds
1 player race detected, finishing
[2025-09-28 14:29:39 | Room 1] Countdown to finish started, resetting room soon
[2025-09-28 14:29:44 | Room 1] Room has been reset
[2025-09-28 14:29:45 | Room 1] Player 0 joined room 1 and is now identified as STUDSX [0277e4c3]
[2025-09-28 14:30:18 | Room 1] Player STUDSX (0) disconnected from room
[2025-09-28 14:30:18 | Room 1] Room has been killed as no players are left
[2025-09-28 22:57:10 | Room 16] Player 0 joined room 16 and is now identified as serokox [6a0d40b5]
[2025-09-28 22:57:28 | Room 16] Track #14 and 9 laps were selected
[2025-09-28 22:58:53 | Room 16] Player serokox (0) disconnected from room
[2025-09-28 22:58:53 | Room 16] Room has been killed as no players are left
[2025-09-29 04:40:00 | Room 1] Player 0 joined room 1 and is now identified as D0ng [855796ba]
[2025-09-29 04:41:17 | Room 1] Player 1 joined room 1 and is now identified as GOMEZCAT [f471a6be]
[2025-09-29 04:41:36 | Room 1] Track #3 and 3 laps were selected
[2025-09-29 04:43:00 | Room 1] Player D0ng (0) disconnected from room
[2025-09-29 04:43:01 | Room 1] Player GOMEZCAT (1) disconnected from room
[2025-09-29 04:43:01 | Room 1] Room has been killed as no players are left
[2025-09-29 04:43:39 | Room 1] Player 0 joined room 1 and is now identified as D0ng [855796ba]
[2025-09-29 04:44:02 | Room 1] Player 1 joined room 1 and is now identified as GOMEZCAT [f471a6be]
[2025-09-29 04:44:07 | Room 1] Track #3 and 3 laps were selected
Required players finished!
Race ends in 30 seconds
[2025-09-29 04:46:19 | Room 1] Countdown to finish started, resetting room soon
All players finished
Restarting in 3 seconds
[2025-09-29 04:46:22 | Room 1] Room has been reset
[2025-09-29 04:46:23 | Room 1] Player 1 joined room 1 and is now identified as GOMEZCAT [f471a6be]
[2025-09-29 04:46:23 | Room 1] Player 0 joined room 1 and is now identified as D0ng [855796ba]
[2025-09-29 04:46:30 | Room 1] Track #6 and 3 laps were selected
Required players finished!
Race ends in 30 seconds
[2025-09-29 04:48:31 | Room 1] Countdown to finish started, resetting room soon
All players finished
Restarting in 3 seconds
[2025-09-29 04:48:37 | Room 1] Room has been reset
[2025-09-29 04:48:38 | Room 1] Player 1 joined room 1 and is now identified as GOMEZCAT [f471a6be]
[2025-09-29 04:48:38 | Room 1] Player 0 joined room 1 and is now identified as D0ng [855796ba]
[2025-09-29 04:48:52 | Room 1] Track #9 and 3 laps were selected
ban orb/clock 1
ban orb/clock 0
ban orb/clock 1
Required players finished!
Race ends in 30 seconds
[2025-09-29 04:52:06 | Room 1] Countdown to finish started, resetting room soon
ban orb/clock 0
All players finished
Restarting in 3 seconds
[2025-09-29 04:52:10 | Room 1] Room has been reset
[2025-09-29 04:52:11 | Room 1] Player 1 joined room 1 and is now identified as GOMEZCAT [f471a6be]
[2025-09-29 04:52:11 | Room 1] Player 0 joined room 1 and is now identified as D0ng [855796ba]
[2025-09-29 04:52:15 | Room 1] Player D0ng (0) disconnected from room
[2025-09-29 04:53:25 | Room 1] Player GOMEZCAT (1) disconnected from room
[2025-09-29 04:53:25 | Room 1] Room has been killed as no players are left
[2025-09-29 05:04:24 | Room 1] Player 0 joined room 1 and is now identified as D0ng [855796ba]
[2025-09-29 05:04:32 | Room 1] Player 1 joined room 1 and is now identified as KIMEROIDE [a43786ba]
[2025-09-29 05:04:41 | Room 1] Player 2 joined room 1 and is now identified as GOMEZCAT [f471a6be]
[2025-09-29 05:04:53 | Room 1] Track #3 and 5 laps were selected
ban orb/clock 1
ban orb/clock 0
ban orb/clock 1
ban orb/clock 0
ban orb/clock 1
Required players finished!
Race ends in 30 seconds
[2025-09-29 05:08:39 | Room 1] Countdown to finish started, resetting room soon
All players finished
Restarting in 3 seconds
[2025-09-29 05:08:43 | Room 1] Room has been reset
[2025-09-29 05:08:44 | Room 1] Player 2 joined room 1 and is now identified as GOMEZCAT [f471a6be]
[2025-09-29 05:08:44 | Room 1] Player 0 joined room 1 and is now identified as D0ng [855796ba]
[2025-09-29 05:08:44 | Room 1] Player 1 joined room 1 and is now identified as KIMEROIDE [a43786ba]
[2025-09-29 05:08:53 | Room 1] Track #6 and 5 laps were selected
ban orb/clock 1
ban orb/clock 0
ban orb/clock 1
Required players finished!
Race ends in 30 seconds
[2025-09-29 05:12:45 | Room 1] Countdown to finish started, resetting room soon
All players finished
Restarting in 3 seconds
[2025-09-29 05:12:54 | Room 1] Room has been reset
[2025-09-29 05:12:55 | Room 1] Player 2 joined room 1 and is now identified as GOMEZCAT [f471a6be]
[2025-09-29 05:12:55 | Room 1] Player 0 joined room 1 and is now identified as D0ng [855796ba]
[2025-09-29 05:12:55 | Room 1] Player 1 joined room 1 and is now identified as KIMEROIDE [a43786ba]
[2025-09-29 05:13:05 | Room 1] Track #0 and 5 laps were selected
Required players finished!
Race ends in 30 seconds
[2025-09-29 05:16:53 | Room 1] Countdown to finish started, resetting room soon
All players finished
Restarting in 3 seconds
[2025-09-29 05:16:58 | Room 1] Room has been reset
[2025-09-29 05:16:59 | Room 1] Player 2 joined room 1 and is now identified as GOMEZCAT [f471a6be]
[2025-09-29 05:16:59 | Room 1] Player 0 joined room 1 and is now identified as D0ng [855796ba]
[2025-09-29 05:16:59 | Room 1] Player 1 joined room 1 and is now identified as KIMEROIDE [a43786ba]
[2025-09-29 05:17:06 | Room 1] Track #2 and 5 laps were selected
ban orb/clock 1
ban orb/clock 0
Required players finished!
Race ends in 30 seconds
[2025-09-29 05:20:45 | Room 1] Countdown to finish started, resetting room soon
All players finished
Restarting in 3 seconds
[2025-09-29 05:20:53 | Room 1] Room has been reset
[2025-09-29 05:20:54 | Room 1] Player 2 joined room 1 and is now identified as GOMEZCAT [f471a6be]
[2025-09-29 05:20:54 | Room 1] Player 0 joined room 1 and is now identified as D0ng [855796ba]
[2025-09-29 05:20:54 | Room 1] Player 1 joined room 1 and is now identified as KIMEROIDE [a43786ba]
[2025-09-29 05:21:04 | Room 1] Player D0ng (0) disconnected from room
[2025-09-29 05:21:10 | Room 1] Player 0 joined room 1 and is now identified as D0ng [855796ba]
[2025-09-29 05:21:20 | Room 1] Track #4 and 5 laps were selected
ban orb/clock 1
ban orb/clock 0
Required players finished!
Race ends in 30 seconds
[2025-09-29 05:25:32 | Room 1] Countdown to finish started, resetting room soon
All players finished
Restarting in 3 seconds
[2025-09-29 05:25:35 | Room 1] Room has been reset
[2025-09-29 05:25:36 | Room 1] Player 2 joined room 1 and is now identified as GOMEZCAT [f471a6be]
[2025-09-29 05:25:36 | Room 1] Player 0 joined room 1 and is now identified as D0ng [855796ba]
[2025-09-29 05:25:36 | Room 1] Player 1 joined room 1 and is now identified as KIMEROIDE [a43786ba]
[2025-09-29 05:25:46 | Room 1] Track #3 and 5 laps were selected
ban orb/clock 1
ban orb/clock 0
Required players finished!
Race ends in 30 seconds
[2025-09-29 05:29:40 | Room 1] Countdown to finish started, resetting room soon
All players finished
Restarting in 3 seconds
[2025-09-29 05:29:42 | Room 1] Room has been reset
[2025-09-29 05:29:43 | Room 1] Player 2 joined room 1 and is now identified as GOMEZCAT [f471a6be]
[2025-09-29 05:29:43 | Room 1] Player 0 joined room 1 and is now identified as D0ng [855796ba]
[2025-09-29 05:29:43 | Room 1] Player 1 joined room 1 and is now identified as KIMEROIDE [a43786ba]
[2025-09-29 05:29:55 | Room 1] Track #2 and 5 laps were selected
Required players finished!
Race ends in 30 seconds
[2025-09-29 05:33:36 | Room 1] Countdown to finish started, resetting room soon
All players finished
Restarting in 3 seconds
[2025-09-29 05:33:44 | Room 1] Room has been reset
[2025-09-29 05:33:45 | Room 1] Player 2 joined room 1 and is now identified as GOMEZCAT [f471a6be]
[2025-09-29 05:33:45 | Room 1] Player 0 joined room 1 and is now identified as D0ng [855796ba]
[2025-09-29 05:33:45 | Room 1] Player 1 joined room 1 and is now identified as KIMEROIDE [a43786ba]
[2025-09-29 05:33:58 | Room 1] Player KIMEROIDE (1) disconnected from room
[2025-09-29 05:34:14 | Room 1] Player 1 joined room 1 and is now identified as KIMEROIDE [a43786ba]
[2025-09-29 05:34:23 | Room 1] Track #14 and 5 laps were selected
[2025-09-29 05:35:03 | Room 1] Player KIMEROIDE (1) disconnected from room
Required players finished!
Race ends in 30 seconds
[2025-09-29 05:37:33 | Room 1] Countdown to finish started, resetting room soon
All players finished
Restarting in 3 seconds
[2025-09-29 05:37:40 | Room 1] Room has been reset
[2025-09-29 05:37:41 | Room 1] Player 2 joined room 1 and is now identified as GOMEZCAT [f471a6be]
[2025-09-29 05:37:41 | Room 1] Player 0 joined room 1 and is now identified as D0ng [855796ba]
[2025-09-29 05:38:00 | Room 1] Player 1 joined room 1 and is now identified as KIMEROIDE [a43786ba]
[2025-09-29 05:38:18 | Room 1] Track #5 and 5 laps were selected
ban orb/clock 1
ban orb/clock 0
Required players finished!
Race ends in 30 seconds
[2025-09-29 05:42:45 | Room 1] Countdown to finish started, resetting room soon
[2025-09-29 05:43:14 | Room 1] Room has been reset
[2025-09-29 05:43:15 | Room 1] Player 0 joined room 1 and is now identified as D0ng [855796ba]
[2025-09-29 05:43:15 | Room 1] Player 2 joined room 1 and is now identified as GOMEZCAT [f471a6be]
[2025-09-29 05:43:15 | Room 1] Player 1 joined room 1 and is now identified as KIMEROIDE [a43786ba]
[2025-09-29 05:43:51 | Room 1] Track #9 and 3 laps were selected
ban orb/clock 1
ban orb/clock 0
Required players finished!
Race ends in 30 seconds
[2025-09-29 05:46:51 | Room 1] Countdown to finish started, resetting room soon
All players finished
Restarting in 3 seconds
[2025-09-29 05:46:57 | Room 1] Room has been reset
[2025-09-29 05:46:58 | Room 1] Player 2 joined room 1 and is now identified as GOMEZCAT [f471a6be]
[2025-09-29 05:46:58 | Room 1] Player 0 joined room 1 and is now identified as D0ng [855796ba]
[2025-09-29 05:46:58 | Room 1] Player 1 joined room 1 and is now identified as KIMEROIDE [a43786ba]
[2025-09-29 05:47:21 | Room 1] Track #17 and 5 laps were selected
Required players finished!
Race ends in 30 seconds
[2025-09-29 05:52:12 | Room 1] Countdown to finish started, resetting room soon
All players finished
Restarting in 3 seconds
[2025-09-29 05:52:16 | Room 1] Room has been reset
[2025-09-29 05:52:17 | Room 1] Player 2 joined room 1 and is now identified as GOMEZCAT [f471a6be]
[2025-09-29 05:52:17 | Room 1] Player 0 joined room 1 and is now identified as D0ng [855796ba]
[2025-09-29 05:52:17 | Room 1] Player 1 joined room 1 and is now identified as KIMEROIDE [a43786ba]
[2025-09-29 05:53:31 | Room 1] Track #2 and 5 laps were selected
ban orb/clock 1
ban orb/clock 0
ban orb/clock 1
ban orb/clock 0
Required players finished!
Race ends in 30 seconds
[2025-09-29 05:57:46 | Room 1] Countdown to finish started, resetting room soon
All players finished
Restarting in 3 seconds
[2025-09-29 05:57:56 | Room 1] Room has been reset
[2025-09-29 05:57:57 | Room 1] Player 2 joined room 1 and is now identified as GOMEZCAT [f471a6be]
[2025-09-29 05:57:57 | Room 1] Player 0 joined room 1 and is now identified as D0ng [855796ba]
[2025-09-29 05:57:57 | Room 1] Player 1 joined room 1 and is now identified as KIMEROIDE [a43786ba]
[2025-09-29 05:58:04 | Room 1] Track #2 and 5 laps were selected
ban orb/clock 1
ban orb/clock 0
Required players finished!
Race ends in 30 seconds
[2025-09-29 06:01:49 | Room 1] Countdown to finish started, resetting room soon
All players finished
Restarting in 3 seconds
[2025-09-29 06:01:53 | Room 1] Room has been reset
[2025-09-29 06:01:54 | Room 1] Player 2 joined room 1 and is now identified as GOMEZCAT [f471a6be]
[2025-09-29 06:01:54 | Room 1] Player 0 joined room 1 and is now identified as D0ng [855796ba]
[2025-09-29 06:01:54 | Room 1] Player 1 joined room 1 and is now identified as KIMEROIDE [a43786ba]
[2025-09-29 06:02:14 | Room 1] Track #4 and 3 laps were selected
ban orb/clock 1
ban orb/clock 0
Required players finished!
Race ends in 30 seconds
[2025-09-29 06:05:26 | Room 1] Countdown to finish started, resetting room soon
All players finished
Restarting in 3 seconds
[2025-09-29 06:05:30 | Room 1] Room has been reset
[2025-09-29 06:05:31 | Room 1] Player 2 joined room 1 and is now identified as GOMEZCAT [f471a6be]
[2025-09-29 06:05:31 | Room 1] Player 0 joined room 1 and is now identified as D0ng [855796ba]
[2025-09-29 06:05:31 | Room 1] Player 1 joined room 1 and is now identified as KIMEROIDE [a43786ba]
[2025-09-29 06:05:37 | Room 1] Player D0ng (0) disconnected from room
[2025-09-29 06:05:48 | Room 1] Player KIMEROIDE (1) disconnected from room
[2025-09-29 06:06:12 | Room 1] Player GOMEZCAT (2) disconnected from room
[2025-09-29 06:06:12 | Room 1] Room has been killed as no players are left
[2025-09-29 10:50:24 | Room 1] Player 0 joined room 1 and is now identified as AGENTFACE [536ca42f]
[2025-09-29 10:50:33 | Room 1] Track #8 and 1 laps were selected
[2025-09-29 10:51:27 | Room 1] Player AGENTFACE (0) disconnected from room
[2025-09-29 10:51:27 | Room 1] Room has been killed as no players are left
[2025-09-29 10:51:48 | Room 1] Player 0 joined room 1 and is now identified as AGENTFACE [536ca42f]
[2025-09-29 10:51:57 | Room 1] Track #3 and 3 laps were selected
[2025-09-29 10:54:17 | Room 1] Player AGENTFACE (0) disconnected from room
[2025-09-29 10:54:17 | Room 1] Room has been killed as no players are left
[2025-09-29 10:54:39 | Room 1] Player 0 joined room 1 and is now identified as AGENTFACE [536ca42f]
[2025-09-29 10:55:05 | Room 1] Track #10 and 1 laps were selected
All players finished
Restarting in 6 seconds
1 player race detected, finishing
[2025-09-29 10:56:55 | Room 1] Countdown to finish started, resetting room soon
[2025-09-29 10:57:00 | Room 1] Room has been reset
[2025-09-29 10:57:01 | Room 1] Player 0 joined room 1 and is now identified as AGENTFACE [536ca42f]
[2025-09-29 11:00:56 | Room 1] Player AGENTFACE (0) disconnected from room
[2025-09-29 11:00:56 | Room 1] Room has been killed as no players are left
[2025-09-29 11:09:35 | Room 1] Player 0 joined room 1 and is now identified as AGENTFACE [536ca42f]
[2025-09-29 11:09:38 | Room 1] Track #0 and 1 laps were selected
All players finished
Restarting in 6 seconds
1 player race detected, finishing
[2025-09-29 11:10:54 | Room 1] Countdown to finish started, resetting room soon
[2025-09-29 11:10:59 | Room 1] Room has been reset
[2025-09-29 11:11:00 | Room 1] Player 0 joined room 1 and is now identified as AGENTFACE [536ca42f]
[2025-09-29 11:11:05 | Room 1] Track #3 and 1 laps were selected
[2025-09-29 11:12:01 | Room 1] Player AGENTFACE (0) disconnected from room
[2025-09-29 11:12:01 | Room 1] Room has been killed as no players are left
[2025-09-29 11:13:29 | Room 1] Player 0 joined room 1 and is now identified as AGENTFACE [536ca42f]
[2025-09-29 11:13:34 | Room 1] Track #3 and 1 laps were selected
[2025-09-29 11:14:31 | Room 1] Player AGENTFACE (0) disconnected from room
[2025-09-29 11:14:31 | Room 1] Room has been killed as no players are left
[2025-09-29 11:15:42 | Room 1] Player 0 joined room 1 and is now identified as AGENTFACE [536ca42f]
[2025-09-29 11:15:44 | Room 1] Track #0 and 1 laps were selected
[2025-09-29 11:16:09 | Room 1] Player AGENTFACE (0) disconnected from room
[2025-09-29 11:16:09 | Room 1] Room has been killed as no players are left
[2025-09-29 11:16:59 | Room 1] Player 0 joined room 1 and is now identified as AGENTFACE [536ca42f]
[2025-09-29 11:17:01 | Room 1] Track #0 and 1 laps were selected
[2025-09-29 11:17:39 | Room 1] Player AGENTFACE (0) disconnected from room
[2025-09-29 11:17:39 | Room 1] Room has been killed as no players are left
[2025-09-29 11:17:53 | Room 1] Player 0 joined room 1 and is now identified as AGENTFACE [536ca42f]
[2025-09-29 11:18:00 | Room 1] Track #3 and 1 laps were selected
[2025-09-29 11:18:45 | Room 1] Player AGENTFACE (0) disconnected from room
[2025-09-29 11:18:45 | Room 1] Room has been killed as no players are left
[2025-09-29 11:20:04 | Room 1] Player 0 joined room 1 and is now identified as AGENTFACE [536ca42f]
[2025-09-29 11:20:08 | Room 1] Track #3 and 1 laps were selected
[2025-09-29 11:21:03 | Room 1] Player AGENTFACE (0) disconnected from room
[2025-09-29 11:21:03 | Room 1] Room has been killed as no players are left
[2025-09-29 11:22:05 | Room 1] Player 0 joined room 1 and is now identified as AGENTFACE [536ca42f]
[2025-09-29 11:22:06 | Room 1] Track #0 and 1 laps were selected
[2025-09-29 11:22:35 | Room 1] Player AGENTFACE (0) disconnected from room
[2025-09-29 11:22:35 | Room 1] Room has been killed as no players are left
[2025-09-29 13:35:24 | Room 1] Player 0 joined room 1 and is now identified as TicTac [82e4b38f]
[2025-09-29 13:35:28 | Room 1] Track #0 and 1 laps were selected
[2025-09-29 13:35:57 | Room 1] Player TicTac (0) disconnected from room
[2025-09-29 13:35:57 | Room 1] Room has been killed as no players are left
[2025-09-29 15:47:06 | Room 2] Player 0 joined room 2 and is now identified as DaFluteNeko [382616d5]
[2025-09-29 15:47:14 | Room 2] Track #4 and 1 laps were selected
[2025-09-29 15:48:10 | Room 2] Player DaFluteNeko (0) disconnected from room
[2025-09-29 15:48:10 | Room 2] Room has been killed as no players are left
[2025-09-29 15:50:09 | Room 11] Player 0 joined room 11 and is now identified as mundocrash [476c89b1]
[2025-09-29 15:50:19 | Room 11] Player mundocrash (0) disconnected from room
[2025-09-29 15:50:19 | Room 11] Room has been killed as no players are left
[2025-09-29 18:26:06 | Room 1] Player 0 joined room 1 and is now identified as Rakus [5684544e]
[2025-09-29 18:26:18 | Room 1] Player Rakus (0) disconnected from room
[2025-09-29 18:26:18 | Room 1] Room has been killed as no players are left
[2025-09-29 18:26:21 | Room 1] Player 0 joined room 1 and is now identified as Rakus [5684544e]
[2025-09-29 18:26:57 | Room 1] Track #9 and 3 laps were selected
[2025-09-29 18:30:59 | Room 1] Player Rakus (0) disconnected from room
[2025-09-29 18:30:59 | Room 1] Room has been killed as no players are left
[2025-09-29 19:56:28 | Room 9] Player 0 joined room 9 and is now identified as Marina [70009123]
[2025-09-29 19:56:31 | Room 9] Player Marina (0) disconnected from room
[2025-09-29 19:56:31 | Room 9] Room has been killed as no players are left
[2025-09-29 20:22:12 | Room 1] Player 0 joined room 1 and is now identified as Draz [39c47925]
[2025-09-29 20:22:12 | Room 1] Player Draz (0) disconnected from room
[2025-09-29 20:22:12 | Room 1] Room has been killed as no players are left
[2025-09-29 20:58:49 | Room 13] Player 0 joined room 13 and is now identified as Johnz [6cb06ab3]
[2025-09-29 20:59:01 | Room 13] Player Johnz (0) disconnected from room
[2025-09-29 20:59:01 | Room 13] Room has been killed as no players are left
[2025-09-29 20:59:06 | Room 16] Player 0 joined room 16 and is now identified as Johnz [6cb06ab3]
[2025-09-29 20:59:29 | Room 16] Track #12 and 7 laps were selected
[2025-09-29 21:00:34 | Room 16] Player Johnz (0) disconnected from room
[2025-09-29 21:00:34 | Room 16] Room has been killed as no players are left
[2025-09-29 21:02:47 | Room 16] Player 0 joined room 16 and is now identified as Johnz [6cb06ab3]
[2025-09-29 21:02:58 | Room 16] Track #12 and 5 laps were selected
[2025-09-29 21:05:05 | Room 16] Player Johnz (0) disconnected from room
[2025-09-29 21:05:05 | Room 16] Room has been killed as no players are left
[2025-09-29 21:05:35 | Room 16] Player 0 joined room 16 and is now identified as Johnz [6cb06ab3]
[2025-09-29 21:05:53 | Room 16] Track #12 and 5 laps were selected
[2025-09-29 21:10:58 | Room 16] Player Johnz (0) disconnected from room
[2025-09-29 21:10:58 | Room 16] Room has been killed as no players are left
[2025-09-29 21:11:17 | Room 16] Player 0 joined room 16 and is now identified as Johnz [6cb06ab3]
[2025-09-29 21:11:22 | Room 16] Player Johnz (0) disconnected from room
[2025-09-29 21:11:22 | Room 16] Room has been killed as no players are left
[2025-09-29 21:11:25 | Room 14] Player 0 joined room 14 and is now identified as Johnz [6cb06ab3]
[2025-09-29 21:11:33 | Room 14] Track #12 and 3 laps were selected
[2025-09-29 21:14:18 | Room 14] Player Johnz (0) disconnected from room
[2025-09-29 21:14:18 | Room 14] Room has been killed as no players are left
[2025-09-29 21:14:42 | Room 1] Player 0 joined room 1 and is now identified as Gasmoxian [fc84ae33]
[2025-09-29 21:14:56 | Room 1] Player Gasmoxian (0) disconnected from room
[2025-09-29 21:14:56 | Room 1] Room has been killed as no players are left
[2025-09-29 21:56:42 | Room 1] Player 0 joined room 1 and is now identified as AGENTFACE [536ca42f]
[2025-09-29 21:56:45 | Room 1] Track #0 and 1 laps were selected
[2025-09-29 21:58:18 | Room 1] Player AGENTFACE (0) disconnected from room
[2025-09-29 21:58:18 | Room 1] Room has been killed as no players are left
[2025-09-29 23:36:39 | Room 1] Player 0 joined room 1 and is now identified as DianaTheWol [bd9b78ba]
[2025-09-29 23:36:59 | Room 1] Track #4 and 1 laps were selected
All players finished
Restarting in 6 seconds
1 player race detected, finishing
[2025-09-29 23:38:04 | Room 1] Countdown to finish started, resetting room soon
[2025-09-29 23:38:09 | Room 1] Room has been reset
[2025-09-29 23:38:10 | Room 1] Player 0 joined room 1 and is now identified as DianaTheWol [bd9b78ba]
[2025-09-29 23:38:12 | Room 1] Player DianaTheWol (0) disconnected from room
[2025-09-29 23:38:12 | Room 1] Room has been killed as no players are left
[2025-09-29 23:39:48 | Room 1] Player 0 joined room 1 and is now identified as D0ng [855796ba]
[2025-09-29 23:39:55 | Room 1] Player 1 joined room 1 and is now identified as DianaTheWol [bd9b78ba]
[2025-09-29 23:40:14 | Room 1] Track #3 and 5 laps were selected
ban orb/clock 1
ban orb/clock 0
ban orb/clock 1
ban orb/clock 0
Required players finished!
Race ends in 30 seconds
[2025-09-29 23:43:37 | Room 1] Countdown to finish started, resetting room soon
All players finished
Restarting in 3 seconds
[2025-09-29 23:43:42 | Room 1] Room has been reset
[2025-09-29 23:43:43 | Room 1] Player 1 joined room 1 and is now identified as DianaTheWol [bd9b78ba]
[2025-09-29 23:43:43 | Room 1] Player 0 joined room 1 and is now identified as D0ng [855796ba]
[2025-09-29 23:43:53 | Room 1] Track #3 and 5 laps were selected
ban orb/clock 1
ban orb/clock 0
ban orb/clock 1
Required players finished!
Race ends in 30 seconds
[2025-09-29 23:47:27 | Room 1] Countdown to finish started, resetting room soon
All players finished
Restarting in 3 seconds
[2025-09-29 23:47:31 | Room 1] Room has been reset
[2025-09-29 23:47:32 | Room 1] Player 1 joined room 1 and is now identified as DianaTheWol [bd9b78ba]
[2025-09-29 23:47:32 | Room 1] Player 0 joined room 1 and is now identified as D0ng [855796ba]
[2025-09-29 23:47:42 | Room 1] Track #2 and 5 laps were selected
ban orb/clock 1
ban orb/clock 0
ban orb/clock 1
ban orb/clock 0
Required players finished!
Race ends in 30 seconds
[2025-09-29 23:51:49 | Room 1] Countdown to finish started, resetting room soon
All players finished
Restarting in 3 seconds
[2025-09-29 23:52:05 | Room 1] Room has been reset
[2025-09-29 23:52:06 | Room 1] Player 1 joined room 1 and is now identified as DianaTheWol [bd9b78ba]
[2025-09-29 23:52:06 | Room 1] Player 0 joined room 1 and is now identified as D0ng [855796ba]
[2025-09-29 23:52:27 | Room 1] Track #16 and 3 laps were selected
Required players finished!
Race ends in 30 seconds
[2025-09-29 23:55:52 | Room 1] Countdown to finish started, resetting room soon
All players finished
Restarting in 3 seconds
[2025-09-29 23:56:03 | Room 1] Room has been reset
[2025-09-29 23:56:04 | Room 1] Player 1 joined room 1 and is now identified as DianaTheWol [bd9b78ba]
[2025-09-29 23:56:04 | Room 1] Player 0 joined room 1 and is now identified as D0ng [855796ba]
[2025-09-29 23:56:04 | Room 1] Player 2 joined room 1 and is now identified as smokingweed [4c0606b3]
[2025-09-29 23:56:26 | Room 1] Track #14 and 5 laps were selected
[2025-09-29 23:56:40 | Room 1] Player D0ng (0) disconnected from room
Required players finished!
Race ends in 30 seconds
[2025-09-29 23:59:46 | Room 1] Countdown to finish started, resetting room soon
All players finished
Restarting in 3 seconds
[2025-09-29 23:59:52 | Room 1] Room has been reset
[2025-09-29 23:59:53 | Room 1] Player 1 joined room 1 and is now identified as DianaTheWol [bd9b78ba]
[2025-09-29 23:59:53 | Room 1] Player 2 joined room 1 and is now identified as smokingweed [4c0606b3]
[2025-09-30 00:00:25 | Room 1] Player DianaTheWol (1) disconnected from room
[2025-09-30 00:00:34 | Room 1] Player smokingweed (2) disconnected from room
[2025-09-30 00:00:34 | Room 1] Room has been killed as no players are left
[2025-09-30 01:12:20 | Room 1] Player 0 joined room 1 and is now identified as McQueen:P [1daeeabd]
[2025-09-30 01:12:33 | Room 1] Player 1 joined room 1 and is now identified as steamhappy [9cc5bbbb]
[2025-09-30 01:12:33 | Room 1] Player McQueen:P (0) disconnected from room
[2025-09-30 01:12:36 | Room 1] Player 0 joined room 1 and is now identified as McQueen:P [1daeeabd]
[2025-09-30 01:12:36 | Room 1] Player steamhappy (1) disconnected from room
[2025-09-30 01:12:38 | Room 1] Player 1 joined room 1 and is now identified as steamhappy [9cc5bbbb]
[2025-09-30 01:12:43 | Room 1] Track #4 and 3 laps were selected
[2025-09-30 01:13:44 | Room 2] Player 0 joined room 2 and is now identified as D0ng [855796ba]
[2025-09-30 01:14:26 | Room 2] Player 1 joined room 2 and is now identified as crimsom [039096ba]
Required players finished!
Race ends in 30 seconds
[2025-09-30 01:14:32 | Room 1] Countdown to finish started, resetting room soon
All players finished
Restarting in 3 seconds
[2025-09-30 01:14:35 | Room 1] Room has been reset
[2025-09-30 01:14:36 | Room 1] Player 0 joined room 1 and is now identified as McQueen:P [1daeeabd]
[2025-09-30 01:14:36 | Room 1] Player 1 joined room 1 and is now identified as steamhappy [9cc5bbbb]
[2025-09-30 01:14:58 | Room 1] Track #9 and 3 laps were selected
[2025-09-30 01:15:20 | Room 2] Player 2 joined room 2 and is now identified as DianaTheWol [bd9b78ba]
[2025-09-30 01:15:50 | Room 2] Player 3 joined room 2 and is now identified as TicTac [82e4b38f]
[2025-09-30 01:16:13 | Room 2] Player TicTac (3) disconnected from room
ban orb/clock 1
[2025-09-30 01:16:31 | Room 2] Player DianaTheWol (2) disconnected from room
[2025-09-30 01:16:38 | Room 2] Player 2 joined room 2 and is now identified as TicTac [82e4b38f]
[2025-09-30 01:16:39 | Room 2] Player TicTac (2) disconnected from room
[2025-09-30 01:16:48 | Room 2] Player D0ng (0) disconnected from room
[2025-09-30 01:16:59 | Room 2] Player 0 joined room 2 and is now identified as DianaTheWol [bd9b78ba]
ban orb/clock 0
Required players finished!
Race ends in 30 seconds
[2025-09-30 01:17:27 | Room 1] Countdown to finish started, resetting room soon
ban orb/clock 1
All players finished
Restarting in 3 seconds
[2025-09-30 01:17:33 | Room 1] Room has been reset
[2025-09-30 01:17:34 | Room 1] Player 0 joined room 1 and is now identified as McQueen:P [1daeeabd]
[2025-09-30 01:17:34 | Room 1] Player 1 joined room 1 and is now identified as steamhappy [9cc5bbbb]
[2025-09-30 01:17:48 | Room 1] Track #14 and 3 laps were selected
[2025-09-30 01:18:05 | Room 2] Player DianaTheWol (0) disconnected from room
[2025-09-30 01:18:44 | Room 2] Player 0 joined room 2 and is now identified as DianaTheWol [bd9b78ba]
ban orb/clock 1
Required players finished!
Race ends in 30 seconds
[2025-09-30 01:19:31 | Room 1] Countdown to finish started, resetting room soon
All players finished
Restarting in 3 seconds
[2025-09-30 01:19:41 | Room 1] Room has been reset
[2025-09-30 01:19:42 | Room 1] Player 0 joined room 1 and is now identified as McQueen:P [1daeeabd]
[2025-09-30 01:19:42 | Room 1] Player 1 joined room 1 and is now identified as steamhappy [9cc5bbbb]
[2025-09-30 01:19:43 | Room 2] Player 2 joined room 2 and is now identified as D0ng [855796ba]
[2025-09-30 01:19:53 | Room 2] Player D0ng (2) disconnected from room
[2025-09-30 01:19:54 | Room 2] Player DianaTheWol (0) disconnected from room
[2025-09-30 01:19:56 | Room 2] Player 0 joined room 2 and is now identified as D0ng [855796ba]
[2025-09-30 01:19:59 | Room 2] Player 2 joined room 2 and is now identified as DianaTheWol [bd9b78ba]
[2025-09-30 01:20:05 | Room 1] Track #7 and 3 laps were selected
[2025-09-30 01:20:52 | Room 2] Player 3 joined room 2 and is now identified as Nash! [844a3cb3]
[2025-09-30 01:21:44 | Room 2] Player Nash! (3) disconnected from room
Required players finished!
Race ends in 30 seconds
[2025-09-30 01:22:51 | Room 1] Countdown to finish started, resetting room soon
All players finished
Restarting in 3 seconds
[2025-09-30 01:23:07 | Room 1] Room has been reset
[2025-09-30 01:23:08 | Room 1] Player 0 joined room 1 and is now identified as McQueen:P [1daeeabd]
[2025-09-30 01:23:08 | Room 1] Player 1 joined room 1 and is now identified as steamhappy [9cc5bbbb]
[2025-09-30 01:23:28 | Room 1] Track #1 and 3 laps were selected
[2025-09-30 01:24:00 | Room 2] Track #3 and 5 laps were selected
[2025-09-30 01:24:22 | Room 6] Player 0 joined room 6 and is now identified as Nash! [844a3cb3]
[2025-09-30 01:24:29 | Room 6] Track #14 and 3 laps were selected
ban orb/clock 1
ban orb/clock 0
All players finished
Restarting in 6 seconds
1 player race detected, finishing
[2025-09-30 01:26:14 | Room 6] Countdown to finish started, resetting room soon
[2025-09-30 01:26:16 | Room 6] Player Nash! (0) disconnected from room
[2025-09-30 01:26:16 | Room 6] Room has been killed as no players are left
[2025-09-30 01:26:23 | Room 9] Player 0 joined room 9 and is now identified as Nash! [844a3cb3]
Required players finished!
Race ends in 30 seconds
[2025-09-30 01:26:44 | Room 1] Countdown to finish started, resetting room soon
ban orb/clock 1
[2025-09-30 01:27:12 | Room 9] Track #3 and 7 laps were selected
[2025-09-30 01:27:13 | Room 1] Room has been reset
[2025-09-30 01:27:14 | Room 1] Player 0 joined room 1 and is now identified as McQueen:P [1daeeabd]
[2025-09-30 01:27:14 | Room 1] Player 1 joined room 1 and is now identified as steamhappy [9cc5bbbb]
[2025-09-30 01:27:30 | Room 1] Track #6 and 3 laps were selected
Required players finished!
Race ends in 30 seconds
[2025-09-30 01:27:31 | Room 2] Countdown to finish started, resetting room soon
[2025-09-30 01:27:40 | Room 2] Player DianaTheWol (2) disconnected from room
All players finished
Restarting in 3 seconds
[2025-09-30 01:27:42 | Room 2] Room has been reset
[2025-09-30 01:27:43 | Room 2] Player 0 joined room 2 and is now identified as D0ng [855796ba]
[2025-09-30 01:27:43 | Room 2] Player 1 joined room 2 and is now identified as crimsom [039096ba]
[2025-09-30 01:28:28 | Room 2] Player 2 joined room 2 and is now identified as DianaTheWol [bd9b78ba]
[2025-09-30 01:29:22 | Room 2] Player crimsom (1) disconnected from room
[2025-09-30 01:29:56 | Room 9] Player Nash! (0) disconnected from room
[2025-09-30 01:29:56 | Room 9] Room has been killed as no players are left
[2025-09-30 01:30:01 | Room 2] Player 1 joined room 2 and is now identified as Nash! [844a3cb3]
Required players finished!
Race ends in 30 seconds
[2025-09-30 01:30:08 | Room 1] Countdown to finish started, resetting room soon
[2025-09-30 01:30:13 | Room 2] Player 3 joined room 2 and is now identified as crimsom [039096ba]
[2025-09-30 01:30:37 | Room 1] Room has been reset
[2025-09-30 01:30:38 | Room 1] Player 0 joined room 1 and is now identified as McQueen:P [1daeeabd]
[2025-09-30 01:30:38 | Room 1] Player 1 joined room 1 and is now identified as steamhappy [9cc5bbbb]
[2025-09-30 01:30:38 | Room 1] Player 2 joined room 1 and is now identified as gasmoxian [dcab7dc8]
[2025-09-30 01:31:18 | Room 1] Player gasmoxian (2) disconnected from room
[2025-09-30 01:31:20 | Room 1] Track #8 and 1 laps were selected
[2025-09-30 01:32:08 | Room 2] Player 4 joined room 2 and is now identified as gasmoxian [dcab7dc8]
Required players finished!
Race ends in 30 seconds
[2025-09-30 01:32:26 | Room 1] Countdown to finish started, resetting room soon
All players finished
Restarting in 3 seconds
[2025-09-30 01:32:33 | Room 1] Room has been reset
[2025-09-30 01:32:34 | Room 1] Player 0 joined room 1 and is now identified as McQueen:P [1daeeabd]
[2025-09-30 01:32:34 | Room 1] Player 1 joined room 1 and is now identified as steamhappy [9cc5bbbb]
[2025-09-30 01:32:42 | Room 1] Track #10 and 3 laps were selected
[2025-09-30 01:32:51 | Room 2] Track #6 and 3 laps were selected
ban orb/clock 1
ban orb/clock 0
ban orb/clock 1
Required players finished!
Race ends in 30 seconds
[2025-09-30 01:35:36 | Room 1] Countdown to finish started, resetting room soon
All players finished
Restarting in 3 seconds
[2025-09-30 01:35:38 | Room 1] Room has been reset
[2025-09-30 01:35:39 | Room 1] Player 0 joined room 1 and is now identified as McQueen:P [1daeeabd]
[2025-09-30 01:35:39 | Room 1] Player 1 joined room 1 and is now identified as steamhappy [9cc5bbbb]
[2025-09-30 01:35:49 | Room 1] Track #13 and 3 laps were selected
Required players finished!
Race ends in 30 seconds
[2025-09-30 01:35:53 | Room 2] Countdown to finish started, resetting room soon
[2025-09-30 01:36:22 | Room 2] Room has been reset
[2025-09-30 01:36:23 | Room 2] Player 4 joined room 2 and is now identified as gasmoxian [dcab7dc8]
[2025-09-30 01:36:23 | Room 2] Player 0 joined room 2 and is now identified as D0ng [855796ba]
[2025-09-30 01:36:23 | Room 2] Player 2 joined room 2 and is now identified as DianaTheWol [bd9b78ba]
[2025-09-30 01:36:23 | Room 2] Player 3 joined room 2 and is now identified as crimsom [039096ba]
[2025-09-30 01:36:23 | Room 2] Player 1 joined room 2 and is now identified as Nash! [844a3cb3]
[2025-09-30 01:36:46 | Room 2] Track #9 and 5 laps were selected
ban orb/clock 1
ban orb/clock 0
Required players finished!
Race ends in 30 seconds
[2025-09-30 01:39:24 | Room 1] Countdown to finish started, resetting room soon
All players finished
Restarting in 3 seconds
[2025-09-30 01:39:33 | Room 1] Room has been reset
[2025-09-30 01:39:34 | Room 1] Player 0 joined room 1 and is now identified as McQueen:P [1daeeabd]
[2025-09-30 01:39:34 | Room 1] Player 1 joined room 1 and is now identified as steamhappy [9cc5bbbb]
[2025-09-30 01:39:40 | Room 1] Track #0 and 3 laps were selected
ban orb/clock 1
ban orb/clock 0
ban orb/clock 1
Required players finished!
Race ends in 30 seconds
[2025-09-30 01:41:27 | Room 1] Countdown to finish started, resetting room soon
All players finished
Restarting in 3 seconds
[2025-09-30 01:41:37 | Room 1] Room has been reset
[2025-09-30 01:41:38 | Room 1] Player 0 joined room 1 and is now identified as McQueen:P [1daeeabd]
[2025-09-30 01:41:38 | Room 1] Player 1 joined room 1 and is now identified as steamhappy [9cc5bbbb]
[2025-09-30 01:41:46 | Room 1] Track #9 and 3 laps were selected
ban orb/clock 0
Required players finished!
Race ends in 30 seconds
[2025-09-30 01:42:11 | Room 2] Countdown to finish started, resetting room soon
All players finished
Restarting in 3 seconds
[2025-09-30 01:42:17 | Room 2] Room has been reset
[2025-09-30 01:42:18 | Room 2] Player 4 joined room 2 and is now identified as gasmoxian [dcab7dc8]
[2025-09-30 01:42:18 | Room 2] Player 3 joined room 2 and is now identified as crimsom [039096ba]
[2025-09-30 01:42:18 | Room 2] Player 0 joined room 2 and is now identified as D0ng [855796ba]
[2025-09-30 01:42:18 | Room 2] Player 2 joined room 2 and is now identified as DianaTheWol [bd9b78ba]
[2025-09-30 01:42:18 | Room 2] Player 1 joined room 2 and is now identified as Nash! [844a3cb3]
[2025-09-30 01:42:18 | Room 2] Player 5 joined room 2 and is now identified as Jotafrii [862a6794]
[2025-09-30 01:42:18 | Room 2] Player 6 joined room 2 and is now identified as toji [9193fd26]
[2025-09-30 01:42:47 | Room 2] Track #4 and 5 laps were selected
Required players finished!
Race ends in 30 seconds
[2025-09-30 01:44:09 | Room 1] Countdown to finish started, resetting room soon
All players finished
Restarting in 3 seconds
[2025-09-30 01:44:11 | Room 1] Room has been reset
[2025-09-30 01:44:12 | Room 1] Player 0 joined room 1 and is now identified as McQueen:P [1daeeabd]
[2025-09-30 01:44:12 | Room 1] Player 1 joined room 1 and is now identified as steamhappy [9cc5bbbb]
[2025-09-30 01:44:22 | Room 1] Track #5 and 1 laps were selected
Required players finished!
Race ends in 30 seconds
[2025-09-30 01:45:17 | Room 1] Countdown to finish started, resetting room soon
All players finished
Restarting in 3 seconds
[2025-09-30 01:45:21 | Room 1] Room has been reset
[2025-09-30 01:45:22 | Room 1] Player 0 joined room 1 and is now identified as McQueen:P [1daeeabd]
[2025-09-30 01:45:22 | Room 1] Player 1 joined room 1 and is now identified as steamhappy [9cc5bbbb]
[2025-09-30 01:45:39 | Room 1] Track #3 and 31 laps were selected
Required players finished!
Race ends in 30 seconds
[2025-09-30 01:46:32 | Room 2] Countdown to finish started, resetting room soon
[2025-09-30 01:47:01 | Room 2] Room has been reset
[2025-09-30 01:47:02 | Room 2] Player 2 joined room 2 and is now identified as DianaTheWol [bd9b78ba]
[2025-09-30 01:47:02 | Room 2] Player 4 joined room 2 and is now identified as gasmoxian [dcab7dc8]
[2025-09-30 01:47:02 | Room 2] Player 0 joined room 2 and is now identified as D0ng [855796ba]
[2025-09-30 01:47:02 | Room 2] Player 3 joined room 2 and is now identified as crimsom [039096ba]
[2025-09-30 01:47:02 | Room 2] Player 5 joined room 2 and is now identified as Jotafrii [862a6794]
[2025-09-30 01:47:02 | Room 2] Player 1 joined room 2 and is now identified as Nash! [844a3cb3]
[2025-09-30 01:47:02 | Room 2] Player 6 joined room 2 and is now identified as toji [9193fd26]
[2025-09-30 01:47:20 | Room 2] Track #14 and 5 laps were selected
ban orb/clock 1
ban orb/clock 0
ban orb/clock 1
[2025-09-30 01:50:32 | Room 2] Player toji (6) disconnected from room
[2025-09-30 01:50:46 | Room 2] Player D0ng (0) disconnected from room
Required players finished!
Race ends in 30 seconds
[2025-09-30 01:50:49 | Room 2] Countdown to finish started, resetting room soon
[2025-09-30 01:51:18 | Room 2] Room has been reset
[2025-09-30 01:51:19 | Room 2] Player 5 joined room 2 and is now identified as Jotafrii [862a6794]
[2025-09-30 01:51:19 | Room 2] Player 4 joined room 2 and is now identified as gasmoxian [dcab7dc8]
[2025-09-30 01:51:19 | Room 2] Player 3 joined room 2 and is now identified as crimsom [039096ba]
[2025-09-30 01:51:19 | Room 2] Player 2 joined room 2 and is now identified as DianaTheWol [bd9b78ba]
[2025-09-30 01:51:19 | Room 2] Player 1 joined room 2 and is now identified as Nash! [844a3cb3]
[2025-09-30 01:51:19 | Room 2] Player 0 joined room 2 and is now identified as D0ng [855796ba]
[2025-09-30 01:51:23 | Room 2] Player 6 joined room 2 and is now identified as toji [9193fd26]
[2025-09-30 01:51:30 | Room 2] Track #0 and 5 laps were selected
[2025-09-30 01:53:22 | Room 1] Player McQueen:P (0) disconnected from room
[2025-09-30 01:53:24 | Room 1] Player steamhappy (1) disconnected from room
[2025-09-30 01:53:24 | Room 1] Room has been killed as no players are left
ban orb/clock 1
Required players finished!
Race ends in 30 seconds
[2025-09-30 01:55:32 | Room 2] Countdown to finish started, resetting room soon
[2025-09-30 01:55:35 | Room 1] Player 0 joined room 1 and is now identified as McQueen:P [1daeeabd]
[2025-09-30 01:55:38 | Room 1] Player 1 joined room 1 and is now identified as steamhappy [9cc5bbbb]
[2025-09-30 01:55:43 | Room 1] Player 2 joined room 1 and is now identified as mus [2e89649d]
[2025-09-30 01:55:47 | Room 2] Player Nash! (1) disconnected from room
[2025-09-30 01:56:01 | Room 2] Room has been reset
[2025-09-30 01:56:02 | Room 2] Player 4 joined room 2 and is now identified as gasmoxian [dcab7dc8]
[2025-09-30 01:56:02 | Room 2] Player 2 joined room 2 and is now identified as DianaTheWol [bd9b78ba]
[2025-09-30 01:56:02 | Room 2] Player 3 joined room 2 and is now identified as crimsom [039096ba]
[2025-09-30 01:56:02 | Room 2] Player 5 joined room 2 and is now identified as Jotafrii [862a6794]
[2025-09-30 01:56:02 | Room 2] Player 0 joined room 2 and is now identified as D0ng [855796ba]
[2025-09-30 01:56:02 | Room 2] Player 6 joined room 2 and is now identified as toji [9193fd26]
[2025-09-30 01:56:04 | Room 1] Track #8 and 3 laps were selected
[2025-09-30 01:56:20 | Room 2] Track #2 and 5 laps were selected
ban orb/clock 1
Required players finished!
Race ends in 30 seconds
[2025-09-30 01:58:17 | Room 1] Countdown to finish started, resetting room soon
All players finished
Restarting in 3 seconds
[2025-09-30 01:58:23 | Room 1] Room has been reset
[2025-09-30 01:58:24 | Room 1] Player 0 joined room 1 and is now identified as McQueen:P [1daeeabd]
[2025-09-30 01:58:24 | Room 1] Player 2 joined room 1 and is now identified as mus [2e89649d]
[2025-09-30 01:58:24 | Room 1] Player 1 joined room 1 and is now identified as steamhappy [9cc5bbbb]
[2025-09-30 01:58:32 | Room 1] Track #14 and 3 laps were selected
ban orb/clock 0
ban orb/clock 1
ban orb/clock 0
ban orb/clock 1
Required players finished!
Race ends in 30 seconds
[2025-09-30 02:00:27 | Room 1] Countdown to finish started, resetting room soon
All players finished
Restarting in 3 seconds
[2025-09-30 02:00:34 | Room 1] Room has been reset
[2025-09-30 02:00:35 | Room 1] Player 0 joined room 1 and is now identified as McQueen:P [1daeeabd]
[2025-09-30 02:00:35 | Room 1] Player 2 joined room 1 and is now identified as mus [2e89649d]
[2025-09-30 02:00:35 | Room 1] Player 1 joined room 1 and is now identified as steamhappy [9cc5bbbb]
[2025-09-30 02:00:52 | Room 1] Track #4 and 3 laps were selected
ban orb/clock 0
Required players finished!
Race ends in 30 seconds
[2025-09-30 02:01:12 | Room 2] Countdown to finish started, resetting room soon
All players finished
Restarting in 3 seconds
[2025-09-30 02:01:32 | Room 2] Room has been reset
[2025-09-30 02:01:33 | Room 2] Player 4 joined room 2 and is now identified as gasmoxian [dcab7dc8]
[2025-09-30 02:01:33 | Room 2] Player 5 joined room 2 and is now identified as Jotafrii [862a6794]
[2025-09-30 02:01:33 | Room 2] Player 0 joined room 2 and is now identified as D0ng [855796ba]
[2025-09-30 02:01:33 | Room 2] Player 3 joined room 2 and is now identified as crimsom [039096ba]
[2025-09-30 02:01:33 | Room 2] Player 6 joined room 2 and is now identified as toji [9193fd26]
[2025-09-30 02:01:33 | Room 2] Player 2 joined room 2 and is now identified as DianaTheWol [bd9b78ba]
[2025-09-30 02:01:51 | Room 2] Track #17 and 5 laps were selected
Required players finished!
Race ends in 30 seconds
[2025-09-30 02:03:06 | Room 1] Countdown to finish started, resetting room soon
All players finished
Restarting in 3 seconds
[2025-09-30 02:03:17 | Room 2] Player gasmoxian (4) disconnected from room
[2025-09-30 02:03:18 | Room 1] Room has been reset
[2025-09-30 02:03:19 | Room 1] Player 0 joined room 1 and is now identified as McQueen:P [1daeeabd]
[2025-09-30 02:03:19 | Room 1] Player 1 joined room 1 and is now identified as steamhappy [9cc5bbbb]
[2025-09-30 02:03:19 | Room 1] Player 2 joined room 1 and is now identified as mus [2e89649d]
[2025-09-30 02:03:32 | Room 1] Track #10 and 3 laps were selected
[2025-09-30 02:06:06 | Room 2] Player DianaTheWol (2) disconnected from room
Required players finished!
Race ends in 30 seconds
[2025-09-30 02:06:30 | Room 1] Countdown to finish started, resetting room soon
All players finished
Restarting in 3 seconds
[2025-09-30 02:06:35 | Room 1] Room has been reset
[2025-09-30 02:06:36 | Room 1] Player 0 joined room 1 and is now identified as McQueen:P [1daeeabd]
[2025-09-30 02:06:36 | Room 1] Player 1 joined room 1 and is now identified as steamhappy [9cc5bbbb]
[2025-09-30 02:06:36 | Room 1] Player 2 joined room 1 and is now identified as mus [2e89649d]
[2025-09-30 02:06:58 | Room 1] Track #15 and 3 laps were selected
Required players finished!
Race ends in 30 seconds
[2025-09-30 02:07:23 | Room 2] Countdown to finish started, resetting room soon
All players finished
Restarting in 3 seconds
[2025-09-30 02:07:29 | Room 2] Room has been reset
[2025-09-30 02:07:30 | Room 2] Player 5 joined room 2 and is now identified as Jotafrii [862a6794]
[2025-09-30 02:07:30 | Room 2] Player 3 joined room 2 and is now identified as crimsom [039096ba]
[2025-09-30 02:07:30 | Room 2] Player 0 joined room 2 and is now identified as D0ng [855796ba]
[2025-09-30 02:07:30 | Room 2] Player 6 joined room 2 and is now identified as toji [9193fd26]
[2025-09-30 02:07:30 | Room 2] Player 1 joined room 2 and is now identified as Johnz [6cb06ab3]
[2025-09-30 02:07:38 | Room 2] Player 2 joined room 2 and is now identified as DianaTheWol [bd9b78ba]
[2025-09-30 02:08:09 | Room 2] Track #5 and 3 laps were selected
[2025-09-30 02:09:06 | Room 2] Player crimsom (3) disconnected from room
[2025-09-30 02:09:07 | Room 2] Player DianaTheWol (2) disconnected from room
[2025-09-30 02:10:24 | Room 2] Player Johnz (1) disconnected from room
Required players finished!
Race ends in 30 seconds
[2025-09-30 02:10:59 | Room 1] Countdown to finish started, resetting room soon
All players finished
Restarting in 3 seconds
[2025-09-30 02:11:04 | Room 1] Room has been reset
[2025-09-30 02:11:05 | Room 1] Player 0 joined room 1 and is now identified as McQueen:P [1daeeabd]
[2025-09-30 02:11:05 | Room 1] Player 2 joined room 1 and is now identified as mus [2e89649d]
[2025-09-30 02:11:05 | Room 1] Player 1 joined room 1 and is now identified as steamhappy [9cc5bbbb]
[2025-09-30 02:11:06 | Room 1] Player 3 joined room 1 and is now identified as Johnz [6cb06ab3]
[2025-09-30 02:11:10 | Room 2] Player toji (6) disconnected from room
Required players finished!
Race ends in 30 seconds
[2025-09-30 02:11:11 | Room 2] Countdown to finish started, resetting room soon
[2025-09-30 02:11:24 | Room 1] Track #5 and 3 laps were selected
All players finished
Restarting in 3 seconds
[2025-09-30 02:11:30 | Room 2] Room has been reset
[2025-09-30 02:11:31 | Room 2] Player 5 joined room 2 and is now identified as Jotafrii [862a6794]
[2025-09-30 02:11:31 | Room 2] Player 0 joined room 2 and is now identified as D0ng [855796ba]
[2025-09-30 02:11:37 | Room 2] Player 1 joined room 2 and is now identified as DianaTheWol [bd9b78ba]
[2025-09-30 02:12:14 | Room 2] Track #3 and 5 laps were selected
[2025-09-30 02:12:32 | Room 2] Player DianaTheWol (1) disconnected from room
[2025-09-30 02:12:49 | Room 2] Player D0ng (0) disconnected from room
[2025-09-30 02:13:13 | Room 2] Player Jotafrii (5) disconnected from room
[2025-09-30 02:13:13 | Room 2] Room has been killed as no players are left
[2025-09-30 02:13:24 | Room 2] Player 0 joined room 2 and is now identified as D0ng [855796ba]
[2025-09-30 02:13:29 | Room 2] Player 1 joined room 2 and is now identified as DianaTheWol [bd9b78ba]
[2025-09-30 02:13:32 | Room 2] Player 2 joined room 2 and is now identified as Jotafrii [862a6794]
[2025-09-30 02:13:39 | Room 2] Track #3 and 5 laps were selected
[2025-09-30 02:14:15 | Room 2] Player DianaTheWol (1) disconnected from room
Required players finished!
Race ends in 30 seconds
[2025-09-30 02:14:29 | Room 1] Countdown to finish started, resetting room soon
[2025-09-30 02:14:38 | Room 2] Player Jotafrii (2) disconnected from room
[2025-09-30 02:14:41 | Room 2] Player D0ng (0) disconnected from room
[2025-09-30 02:14:41 | Room 2] Room has been killed as no players are left
[2025-09-30 02:14:52 | Room 2] Player 0 joined room 2 and is now identified as DianaTheWol [bd9b78ba]
[2025-09-30 02:14:55 | Room 2] Player DianaTheWol (0) disconnected from room
[2025-09-30 02:14:55 | Room 2] Room has been killed as no players are left
[2025-09-30 02:14:58 | Room 1] Room has been reset
[2025-09-30 02:14:59 | Room 1] Player 0 joined room 1 and is now identified as McQueen:P [1daeeabd]
[2025-09-30 02:14:59 | Room 1] Player 1 joined room 1 and is now identified as steamhappy [9cc5bbbb]
[2025-09-30 02:14:59 | Room 1] Player 2 joined room 1 and is now identified as mus [2e89649d]
[2025-09-30 02:14:59 | Room 1] Player 3 joined room 1 and is now identified as Johnz [6cb06ab3]
[2025-09-30 02:14:59 | Room 2] Player 0 joined room 2 and is now identified as D0ng [855796ba]
[2025-09-30 02:15:00 | Room 2] Player 1 joined room 2 and is now identified as DianaTheWol [bd9b78ba]
[2025-09-30 02:15:00 | Room 2] Player 2 joined room 2 and is now identified as Jotafrii [862a6794]
[2025-09-30 02:15:04 | Room 1] Track #12 and 3 laps were selected
[2025-09-30 02:15:14 | Room 2] Track #3 and 3 laps were selected
[2025-09-30 02:15:30 | Room 2] Player DianaTheWol (1) disconnected from room
[2025-09-30 02:16:20 | Room 2] Player D0ng (0) disconnected from room
[2025-09-30 02:16:34 | Room 2] Player Jotafrii (2) disconnected from room
[2025-09-30 02:16:34 | Room 2] Room has been killed as no players are left
[2025-09-30 02:18:19 | Room 1] Player mus (2) disconnected from room
Required players finished!
Race ends in 30 seconds
[2025-09-30 02:18:27 | Room 1] Countdown to finish started, resetting room soon
All players finished
Restarting in 3 seconds
[2025-09-30 02:18:31 | Room 1] Room has been reset
[2025-09-30 02:18:32 | Room 1] Player 0 joined room 1 and is now identified as McQueen:P [1daeeabd]
[2025-09-30 02:18:32 | Room 1] Player 1 joined room 1 and is now identified as steamhappy [9cc5bbbb]
[2025-09-30 02:18:32 | Room 1] Player 3 joined room 1 and is now identified as Johnz [6cb06ab3]
[2025-09-30 02:18:32 | Room 1] Player 2 joined room 1 and is now identified as mus [2e89649d]
[2025-09-30 02:18:48 | Room 1] Track #6 and 3 laps were selected
ban orb/clock 1
ban orb/clock 0
Required players finished!
Race ends in 30 seconds
[2025-09-30 02:20:49 | Room 1] Countdown to finish started, resetting room soon
All players finished
Restarting in 3 seconds
[2025-09-30 02:21:03 | Room 1] Room has been reset
[2025-09-30 02:21:04 | Room 1] Player 0 joined room 1 and is now identified as McQueen:P [1daeeabd]
[2025-09-30 02:21:04 | Room 1] Player 1 joined room 1 and is now identified as steamhappy [9cc5bbbb]
[2025-09-30 02:21:04 | Room 1] Player 2 joined room 1 and is now identified as mus [2e89649d]
[2025-09-30 02:21:04 | Room 1] Player 3 joined room 1 and is now identified as Johnz [6cb06ab3]
[2025-09-30 02:21:24 | Room 1] Track #11 and 1 laps were selected
ban orb/clock 1
Required players finished!
Race ends in 30 seconds
[2025-09-30 02:24:35 | Room 1] Countdown to finish started, resetting room soon
All players finished
Restarting in 3 seconds
[2025-09-30 02:24:37 | Room 1] Room has been reset
[2025-09-30 02:24:38 | Room 1] Player 0 joined room 1 and is now identified as McQueen:P [1daeeabd]
[2025-09-30 02:24:38 | Room 1] Player 1 joined room 1 and is now identified as steamhappy [9cc5bbbb]
[2025-09-30 02:24:38 | Room 1] Player 2 joined room 1 and is now identified as mus [2e89649d]
[2025-09-30 02:24:38 | Room 1] Player 3 joined room 1 and is now identified as Johnz [6cb06ab3]
[2025-09-30 02:25:08 | Room 1] Track #16 and 3 laps were selected
Required players finished!
Race ends in 30 seconds
[2025-09-30 02:28:00 | Room 1] Countdown to finish started, resetting room soon
All players finished
Restarting in 3 seconds
[2025-09-30 02:28:10 | Room 1] Room has been reset
[2025-09-30 02:28:11 | Room 1] Player 0 joined room 1 and is now identified as McQueen:P [1daeeabd]
[2025-09-30 02:28:11 | Room 1] Player 1 joined room 1 and is now identified as steamhappy [9cc5bbbb]
[2025-09-30 02:28:11 | Room 1] Player 2 joined room 1 and is now identified as mus [2e89649d]
[2025-09-30 02:28:11 | Room 1] Player 3 joined room 1 and is now identified as Johnz [6cb06ab3]
[2025-09-30 02:28:40 | Room 1] Track #2 and 3 laps were selected
Required players finished!
Race ends in 30 seconds
[2025-09-30 02:30:50 | Room 1] Countdown to finish started, resetting room soon
[2025-09-30 02:30:50 | Room 1] Player McQueen:P (0) disconnected from room
All players finished
Restarting in 3 seconds
[2025-09-30 02:30:52 | Room 1] Room has been reset
[2025-09-30 02:30:53 | Room 1] Player 1 joined room 1 and is now identified as steamhappy [9cc5bbbb]
[2025-09-30 02:30:53 | Room 1] Player 2 joined room 1 and is now identified as mus [2e89649d]
[2025-09-30 02:30:53 | Room 1] Player 3 joined room 1 and is now identified as Johnz [6cb06ab3]
[2025-09-30 02:30:57 | Room 1] Player 0 joined room 1 and is now identified as McQueen:P [1daeeabd]
[2025-09-30 02:31:09 | Room 1] Track #0 and 3 laps were selected
Required players finished!
Race ends in 30 seconds
[2025-09-30 02:33:29 | Room 1] Countdown to finish started, resetting room soon
All players finished
Restarting in 3 seconds
[2025-09-30 02:33:36 | Room 1] Room has been reset
[2025-09-30 02:33:37 | Room 1] Player 0 joined room 1 and is now identified as McQueen:P [1daeeabd]
[2025-09-30 02:33:37 | Room 1] Player 1 joined room 1 and is now identified as steamhappy [9cc5bbbb]
[2025-09-30 02:33:37 | Room 1] Player 2 joined room 1 and is now identified as mus [2e89649d]
[2025-09-30 02:33:37 | Room 1] Player 3 joined room 1 and is now identified as Johnz [6cb06ab3]
[2025-09-30 02:33:51 | Room 1] Player 4 joined room 1 and is now identified as Bul*tr@K [b3dcd5c9]
[2025-09-30 02:33:57 | Room 1] Track #17 and 1 laps were selected
[2025-09-30 02:35:07 | Room 1] Player Bul*tr@K (4) disconnected from room
Required players finished!
Race ends in 30 seconds
[2025-09-30 02:37:23 | Room 1] Countdown to finish started, resetting room soon
All players finished
Restarting in 3 seconds
[2025-09-30 02:37:25 | Room 1] Room has been reset
[2025-09-30 02:37:26 | Room 1] Player 0 joined room 1 and is now identified as McQueen:P [1daeeabd]
[2025-09-30 02:37:26 | Room 1] Player 1 joined room 1 and is now identified as steamhappy [9cc5bbbb]
[2025-09-30 02:37:26 | Room 1] Player 2 joined room 1 and is now identified as mus [2e89649d]
[2025-09-30 02:37:26 | Room 1] Player 3 joined room 1 and is now identified as Johnz [6cb06ab3]
[2025-09-30 02:37:27 | Room 1] Player McQueen:P (0) disconnected from room
[2025-09-30 02:37:28 | Room 1] Player mus (2) disconnected from room
[2025-09-30 02:37:28 | Room 1] Player steamhappy (1) disconnected from room
[2025-09-30 02:37:30 | Room 1] Player Johnz (3) disconnected from room
[2025-09-30 02:37:30 | Room 1] Room has been killed as no players are left
[2025-09-30 05:50:14 | Room 9] Player 0 joined room 9 and is now identified as Soulstriker [e1f139b8]
[2025-09-30 05:50:18 | Room 9] Player Soulstriker (0) disconnected from room
[2025-09-30 05:50:18 | Room 9] Room has been killed as no players are left
[2025-09-30 06:21:55 | Room 1] Player 0 joined room 1 and is now identified as thewetmoist [0c06d145]
[2025-09-30 06:22:12 | Room 1] Player thewetmoist (0) disconnected from room
[2025-09-30 06:22:12 | Room 1] Room has been killed as no players are left
[2025-09-30 07:55:48 | Room 10] Player 0 joined room 10 and is now identified as Marina [70009123]
[2025-09-30 07:56:10 | Room 10] Track #2 and 3 laps were selected
[2025-09-30 07:58:00 | Room 10] Player Marina (0) disconnected from room
[2025-09-30 07:58:00 | Room 10] Room has been killed as no players are left
[2025-09-30 12:18:21 | Room 2] Player 0 joined room 2 and is now identified as Devilake [4b1cc451]
[2025-09-30 12:18:24 | Room 2] Player Devilake (0) disconnected from room
[2025-09-30 12:18:24 | Room 2] Room has been killed as no players are left
[2025-09-30 12:18:36 | Room 9] Player 0 joined room 9 and is now identified as Gasmoxian [abc775bc]
[2025-09-30 12:19:29 | Room 9] Track #8 and 5 laps were selected
[2025-09-30 12:22:11 | Room 9] Player Gasmoxian (0) disconnected from room
[2025-09-30 12:22:11 | Room 9] Room has been killed as no players are left
[2025-09-30 12:22:19 | Room 10] Player 0 joined room 10 and is now identified as Gasmoxian [abc775bc]
[2025-09-30 12:22:31 | Room 10] Track #2 and 5 laps were selected
[2025-09-30 12:22:47 | Room 10] Player Gasmoxian (0) disconnected from room
[2025-09-30 12:22:47 | Room 10] Room has been killed as no players are left
[2025-09-30 12:25:32 | Room 1] Player 0 joined room 1 and is now identified as Devilake [4b1cc451]
[2025-09-30 12:25:50 | Room 1] Player Devilake (0) disconnected from room
[2025-09-30 12:25:50 | Room 1] Room has been killed as no players are left
[2025-09-30 13:06:49 | Room 1] Player 0 joined room 1 and is now identified as TerryGames [d93d4443]
[2025-09-30 13:06:50 | Room 1] Track #0 and 1 laps were selected
[2025-09-30 13:07:11 | Room 1] Player TerryGames (0) disconnected from room
[2025-09-30 13:07:11 | Room 1] Room has been killed as no players are left
[2025-09-30 13:07:35 | Room 1] Player 0 joined room 1 and is now identified as TerryGames [d93d4443]
[2025-09-30 13:07:36 | Room 1] Track #0 and 1 laps were selected
[2025-09-30 13:07:54 | Room 1] Player TerryGames (0) disconnected from room
[2025-09-30 13:07:54 | Room 1] Room has been killed as no players are left
[2025-09-30 13:13:18 | Room 1] Player 0 joined room 1 and is now identified as TerryGames [d93d4443]
[2025-09-30 13:13:28 | Room 1] Player TerryGames (0) disconnected from room
[2025-09-30 13:13:28 | Room 1] Room has been killed as no players are left
[2025-09-30 13:18:18 | Room 1] Player 0 joined room 1 and is now identified as TerryGames [d93d4443]
[2025-09-30 13:18:35 | Room 1] Track #3 and 9 laps were selected
All players finished
Restarting in 6 seconds
1 player race detected, finishing
[2025-09-30 13:24:20 | Room 1] Countdown to finish started, resetting room soon
[2025-09-30 13:24:25 | Room 1] Room has been reset
[2025-09-30 13:24:26 | Room 1] Player 0 joined room 1 and is now identified as TerryGames [d93d4443]
[2025-09-30 13:24:55 | Room 1] Track #15 and 7 laps were selected
All players finished
Restarting in 6 seconds
1 player race detected, finishing
[2025-09-30 13:33:25 | Room 1] Countdown to finish started, resetting room soon
[2025-09-30 13:33:30 | Room 1] Room has been reset
[2025-09-30 13:33:31 | Room 1] Player 0 joined room 1 and is now identified as TerryGames [d93d4443]
[2025-09-30 13:33:37 | Room 1] Player TerryGames (0) disconnected from room
[2025-09-30 13:33:37 | Room 1] Room has been killed as no players are left
[2025-09-30 13:46:51 | Room 1] Player 0 joined room 1 and is now identified as TerryGames [d93d4443]
[2025-09-30 13:46:54 | Room 1] Track #3 and 1 laps were selected
[2025-09-30 13:48:04 | Room 1] Player TerryGames (0) disconnected from room
[2025-09-30 13:48:04 | Room 1] Room has been killed as no players are left
[2025-09-30 15:37:01 | Room 1] Player 0 joined room 1 and is now identified as Soulstriker [e1f139b8]
[2025-09-30 15:42:30 | Room 1] Player Soulstriker (0) disconnected from room
[2025-09-30 15:42:30 | Room 1] Room has been killed as no players are left
[2025-09-30 18:00:40 | Room 1] Player 0 joined room 1 and is now identified as Gasmoxian [840306b3]
[2025-09-30 18:00:45 | Room 1] Track #1 and 3 laps were selected
[2025-09-30 18:01:45 | Room 1] Player Gasmoxian (0) disconnected from room
[2025-09-30 18:01:45 | Room 1] Room has been killed as no players are left
[2025-09-30 19:51:47 | Room 1] Player 0 joined room 1 and is now identified as AGENTFACE [536ca42f]
[2025-09-30 19:51:50 | Room 1] Track #0 and 1 laps were selected
[2025-09-30 19:52:05 | Room 1] Player AGENTFACE (0) disconnected from room
[2025-09-30 19:52:05 | Room 1] Room has been killed as no players are left
[2025-09-30 19:53:44 | Room 1] Player 0 joined room 1 and is now identified as AGENTFACE [536ca42f]
[2025-09-30 19:53:46 | Room 1] Track #0 and 1 laps were selected
[2025-09-30 19:54:16 | Room 1] Player AGENTFACE (0) disconnected from room
[2025-09-30 19:54:16 | Room 1] Room has been killed as no players are left
[2025-09-30 20:19:45 | Room 1] Player 0 joined room 1 and is now identified as AGENTFACE [536ca42f]
[2025-09-30 20:19:46 | Room 1] Track #0 and 17 laps were selected
[2025-09-30 20:19:58 | Room 1] Player AGENTFACE (0) disconnected from room
[2025-09-30 20:19:58 | Room 1] Room has been killed as no players are left
[2025-09-30 20:21:07 | Room 1] Player 0 joined room 1 and is now identified as AGENTFACE [536ca42f]
[2025-09-30 20:21:11 | Room 1] Track #0 and 31 laps were selected
[2025-09-30 20:21:23 | Room 1] Player AGENTFACE (0) disconnected from room
[2025-09-30 20:21:23 | Room 1] Room has been killed as no players are left
[2025-09-30 22:15:31 | Room 1] Player 0 joined room 1 and is now identified as TerryGames [d93d4443]
[2025-09-30 22:15:38 | Room 1] Track #14 and 1 laps were selected
[2025-09-30 22:15:39 | Room 1] Player TerryGames (0) disconnected from room
[2025-09-30 22:15:39 | Room 1] Room has been killed as no players are left
[2025-09-30 22:15:42 | Room 1] Player 0 joined room 1 and is now identified as TerryGames [d93d4443]
[2025-09-30 22:16:03 | Room 1] Player TerryGames (0) disconnected from room
[2025-09-30 22:16:03 | Room 1] Room has been killed as no players are left
[2025-09-30 22:16:11 | Room 1] Player 0 joined room 1 and is now identified as TerryGames [d93d4443]
[2025-09-30 22:16:27 | Room 1] Track #8 and 3 laps were selected
All players finished
Restarting in 6 seconds
1 player race detected, finishing
[2025-09-30 22:18:54 | Room 1] Countdown to finish started, resetting room soon
[2025-09-30 22:18:59 | Room 1] Room has been reset
[2025-09-30 22:19:00 | Room 1] Player 0 joined room 1 and is now identified as TerryGames [d93d4443]
[2025-09-30 22:19:17 | Room 1] Player TerryGames (0) disconnected from room
[2025-09-30 22:19:17 | Room 1] Room has been killed as no players are left
[2025-09-30 22:30:47 | Room 1] Player 0 joined room 1 and is now identified as TerryGames [d93d4443]
[2025-09-30 22:32:26 | Room 1] Player TerryGames (0) disconnected from room
[2025-09-30 22:32:26 | Room 1] Room has been killed as no players are left
[2025-09-30 22:47:15 | Room 1] Player 0 joined room 1 and is now identified as JayTB [162e9023]
[2025-09-30 22:47:26 | Room 1] Track #2 and 1 laps were selected
[2025-09-30 22:47:26 | Room 1] Player JayTB (0) disconnected from room
[2025-09-30 22:47:26 | Room 1] Room has been killed as no players are left
[2025-09-30 22:47:29 | Room 1] Player 0 joined room 1 and is now identified as JayTB [162e9023]
[2025-09-30 22:47:59 | Room 1] Track #2 and 7 laps were selected
[2025-09-30 22:50:53 | Room 1] Player JayTB (0) disconnected from room
[2025-09-30 22:50:53 | Room 1] Room has been killed as no players are left
[2025-09-30 22:50:54 | Room 1] Player 0 joined room 1 and is now identified as TerryGames [d93d4443]
[2025-09-30 22:51:02 | Room 1] Player 1 joined room 1 and is now identified as JayTB [162e9023]
[2025-09-30 22:51:36 | Room 1] Player JayTB (1) disconnected from room
[2025-09-30 22:51:42 | Room 1] Player TerryGames (0) disconnected from room
[2025-09-30 22:51:42 | Room 1] Room has been killed as no players are left
[2025-09-30 22:51:45 | Room 1] Player 0 joined room 1 and is now identified as TerryGames [d93d4443]
[2025-09-30 22:51:56 | Room 1] Player TerryGames (0) disconnected from room
[2025-09-30 22:51:56 | Room 1] Room has been killed as no players are left
[2025-09-30 22:52:14 | Room 1] Player 0 joined room 1 and is now identified as JayTB [162e9023]
[2025-09-30 22:52:14 | Room 1] Player 1 joined room 1 and is now identified as TerryGames [d93d4443]
[2025-09-30 22:52:29 | Room 1] Track #6 and 3 laps were selected
Required players finished!
Race ends in 30 seconds
[2025-09-30 22:54:00 | Room 1] Countdown to finish started, resetting room soon
All players finished
Restarting in 3 seconds
[2025-09-30 22:54:05 | Room 1] Room has been reset
[2025-09-30 22:54:06 | Room 1] Player 1 joined room 1 and is now identified as TerryGames [d93d4443]
[2025-09-30 22:54:06 | Room 1] Player 0 joined room 1 and is now identified as JayTB [162e9023]
[2025-09-30 22:54:17 | Room 1] Track #2 and 3 laps were selected
Required players finished!
Race ends in 30 seconds
[2025-09-30 22:56:07 | Room 1] Countdown to finish started, resetting room soon
[2025-09-30 22:56:36 | Room 1] Room has been reset
[2025-09-30 22:56:37 | Room 1] Player 1 joined room 1 and is now identified as TerryGames [d93d4443]
[2025-09-30 22:56:37 | Room 1] Player 0 joined room 1 and is now identified as JayTB [162e9023]
[2025-09-30 22:56:50 | Room 1] Track #5 and 5 laps were selected
Required players finished!
Race ends in 30 seconds
[2025-09-30 23:00:43 | Room 1] Countdown to finish started, resetting room soon
[2025-09-30 23:01:12 | Room 1] Room has been reset
[2025-09-30 23:01:13 | Room 1] Player 1 joined room 1 and is now identified as TerryGames [d93d4443]
[2025-09-30 23:01:13 | Room 1] Player 0 joined room 1 and is now identified as JayTB [162e9023]
[2025-09-30 23:01:27 | Room 1] Track #11 and 3 laps were selected
[2025-09-30 23:03:31 | Room 1] Player JayTB (0) disconnected from room
All players finished
Restarting in 6 seconds
1 player race detected, finishing
[2025-09-30 23:04:31 | Room 1] Countdown to finish started, resetting room soon
[2025-09-30 23:04:36 | Room 1] Room has been reset
[2025-09-30 23:04:37 | Room 1] Player 1 joined room 1 and is now identified as TerryGames [d93d4443]
[2025-09-30 23:04:39 | Room 1] Player TerryGames (1) disconnected from room
[2025-09-30 23:04:39 | Room 1] Room has been killed as no players are left
[2025-09-30 23:10:43 | Room 1] Player 0 joined room 1 and is now identified as Galaxy [cdbae92d]
[2025-09-30 23:10:44 | Room 1] Track #0 and 1 laps were selected
[2025-09-30 23:10:53 | Room 1] Player Galaxy (0) disconnected from room
[2025-09-30 23:10:53 | Room 1] Room has been killed as no players are left
[2025-09-30 23:14:29 | Room 1] Player 0 joined room 1 and is now identified as Galaxy [cdbae92d]
[2025-09-30 23:14:54 | Room 1] Track #14 and 1 laps were selected
[2025-09-30 23:15:08 | Room 1] Player Galaxy (0) disconnected from room
[2025-09-30 23:15:08 | Room 1] Room has been killed as no players are left
[2025-09-30 23:25:59 | Room 1] Player 0 joined room 1 and is now identified as Galaxy [cdbae92d]
[2025-09-30 23:26:05 | Room 1] Track #12 and 1 laps were selected
[2025-09-30 23:26:31 | Room 1] Player Galaxy (0) disconnected from room
[2025-09-30 23:26:31 | Room 1] Room has been killed as no players are left
[2025-09-30 23:56:05 | Room 1] Player 0 joined room 1 and is now identified as McQueen:P [1daeeabd]
[2025-09-30 23:56:12 | Room 1] Track #13 and 3 laps were selected
All players finished
Restarting in 6 seconds
1 player race detected, finishing
[2025-09-30 23:58:34 | Room 1] Countdown to finish started, resetting room soon
[2025-09-30 23:58:39 | Room 1] Room has been reset
[2025-09-30 23:58:40 | Room 1] Player 0 joined room 1 and is now identified as McQueen:P [1daeeabd]
[2025-09-30 23:58:53 | Room 1] Track #9 and 3 laps were selected
[2025-10-01 00:00:52 | Room 6] Player 0 joined room 6 and is now identified as AGENTFACE [536ca42f]
[2025-10-01 00:00:56 | Room 6] Track #0 and 1 laps were selected
All players finished
Restarting in 6 seconds
1 player race detected, finishing
[2025-10-01 00:00:59 | Room 1] Countdown to finish started, resetting room soon
[2025-10-01 00:01:04 | Room 1] Room has been reset
[2025-10-01 00:01:05 | Room 1] Player 0 joined room 1 and is now identified as McQueen:P [1daeeabd]
[2025-10-01 00:01:10 | Room 1] Track #12 and 3 laps were selected
All players finished
Restarting in 6 seconds
1 player race detected, finishing
[2025-10-01 00:02:08 | Room 6] Countdown to finish started, resetting room soon
[2025-10-01 00:02:13 | Room 6] Room has been reset
[2025-10-01 00:02:14 | Room 6] Player 0 joined room 6 and is now identified as AGENTFACE [536ca42f]
[2025-10-01 00:02:19 | Room 6] Track #10 and 1 laps were selected
[2025-10-01 00:02:21 | Room 1] Player McQueen:P (0) disconnected from room
[2025-10-01 00:02:21 | Room 1] Room has been killed as no players are left
[2025-10-01 00:02:32 | Room 6] Player AGENTFACE (0) disconnected from room
[2025-10-01 00:02:32 | Room 6] Room has been killed as no players are left
[2025-10-01 00:02:53 | Room 1] Player 0 joined room 1 and is now identified as AGENTFACE [536ca42f]
[2025-10-01 00:02:58 | Room 1] Track #3 and 1 laps were selected
All players finished
Restarting in 6 seconds
1 player race detected, finishing
[2025-10-01 00:03:57 | Room 1] Countdown to finish started, resetting room soon
[2025-10-01 00:04:02 | Room 1] Room has been reset
[2025-10-01 00:04:03 | Room 1] Player 0 joined room 1 and is now identified as AGENTFACE [536ca42f]
[2025-10-01 00:04:12 | Room 1] Track #13 and 1 laps were selected
[2025-10-01 00:05:10 | Room 2] Player 0 joined room 2 and is now identified as Bul*tr@K [b3dcd5c9]
[2025-10-01 00:06:24 | Room 1] Player AGENTFACE (0) disconnected from room
[2025-10-01 00:06:24 | Room 1] Room has been killed as no players are left
[2025-10-01 00:07:51 | Room 2] Player Bul*tr@K (0) disconnected from room
[2025-10-01 00:07:51 | Room 2] Room has been killed as no players are left
[2025-10-01 00:39:56 | Room 16] Player 0 joined room 16 and is now identified as crimsom [039096ba]
[2025-10-01 00:39:57 | Room 16] Player crimsom (0) disconnected from room
[2025-10-01 00:39:57 | Room 16] Room has been killed as no players are left
[2025-10-01 18:18:06 | Room 1] Player 0 joined room 1 and is now identified as Devilake [4b1cc451]
[2025-10-01 18:18:12 | Room 1] Player 1 joined room 1 and is now identified as Sunde [7bacc153]
[2025-10-01 18:18:17 | Room 1] Track #4 and 3 laps were selected
Required players finished!
Race ends in 30 seconds
[2025-10-01 18:20:13 | Room 1] Countdown to finish started, resetting room soon
All players finished
Restarting in 3 seconds
[2025-10-01 18:20:34 | Room 1] Room has been reset
[2025-10-01 18:20:35 | Room 1] Player 1 joined room 1 and is now identified as Sunde [7bacc153]
[2025-10-01 18:20:35 | Room 1] Player 0 joined room 1 and is now identified as Devilake [4b1cc451]
[2025-10-01 18:20:35 | Room 1] Player 2 joined room 1 and is now identified as agkog [7124add5]
[2025-10-01 18:20:44 | Room 1] Track #14 and 3 laps were selected
Required players finished!
Race ends in 30 seconds
[2025-10-01 18:22:25 | Room 1] Countdown to finish started, resetting room soon
All players finished
Restarting in 3 seconds
[2025-10-01 18:22:46 | Room 1] Room has been reset
[2025-10-01 18:22:47 | Room 1] Player 1 joined room 1 and is now identified as Sunde [7bacc153]
[2025-10-01 18:22:47 | Room 1] Player 2 joined room 1 and is now identified as agkog [7124add5]
[2025-10-01 18:22:47 | Room 1] Player 0 joined room 1 and is now identified as Devilake [4b1cc451]
[2025-10-01 18:22:52 | Room 1] Track #0 and 3 laps were selected
Required players finished!
Race ends in 30 seconds
[2025-10-01 18:25:02 | Room 1] Countdown to finish started, resetting room soon
All players finished
Restarting in 3 seconds
[2025-10-01 18:25:17 | Room 1] Room has been reset
[2025-10-01 18:25:18 | Room 1] Player 1 joined room 1 and is now identified as Sunde [7bacc153]
[2025-10-01 18:25:18 | Room 1] Player 2 joined room 1 and is now identified as agkog [7124add5]
[2025-10-01 18:25:18 | Room 1] Player 0 joined room 1 and is now identified as Devilake [4b1cc451]
[2025-10-01 18:25:23 | Room 1] Track #11 and 3 laps were selected
[2025-10-01 18:25:38 | Room 1] Player Sunde (1) disconnected from room
Required players finished!
Race ends in 30 seconds
[2025-10-01 18:27:47 | Room 1] Countdown to finish started, resetting room soon
All players finished
Restarting in 3 seconds
[2025-10-01 18:28:08 | Room 1] Room has been reset
[2025-10-01 18:28:09 | Room 1] Player 2 joined room 1 and is now identified as agkog [7124add5]
[2025-10-01 18:28:09 | Room 1] Player 0 joined room 1 and is now identified as Devilake [4b1cc451]
[2025-10-01 18:28:18 | Room 1] Track #9 and 3 laps were selected
Required players finished!
Race ends in 30 seconds
[2025-10-01 18:30:05 | Room 1] Countdown to finish started, resetting room soon
All players finished
Restarting in 3 seconds
[2025-10-01 18:30:24 | Room 1] Room has been reset
[2025-10-01 18:30:25 | Room 1] Player 2 joined room 1 and is now identified as agkog [7124add5]
[2025-10-01 18:30:25 | Room 1] Player 0 joined room 1 and is now identified as Devilake [4b1cc451]
[2025-10-01 18:30:34 | Room 1] Track #12 and 3 laps were selected
Required players finished!
Race ends in 30 seconds
[2025-10-01 18:32:39 | Room 1] Countdown to finish started, resetting room soon
[2025-10-01 18:33:08 | Room 1] Room has been reset
[2025-10-01 18:33:09 | Room 1] Player 2 joined room 1 and is now identified as agkog [7124add5]
[2025-10-01 18:33:09 | Room 1] Player 0 joined room 1 and is now identified as Devilake [4b1cc451]
[2025-10-01 18:33:17 | Room 1] Track #8 and 3 laps were selected
ban orb/clock 1
Required players finished!
Race ends in 30 seconds
[2025-10-01 18:35:06 | Room 1] Countdown to finish started, resetting room soon
All players finished
Restarting in 3 seconds
[2025-10-01 18:35:30 | Room 1] Room has been reset
[2025-10-01 18:35:31 | Room 1] Player 2 joined room 1 and is now identified as agkog [7124add5]
[2025-10-01 18:35:31 | Room 1] Player 0 joined room 1 and is now identified as Devilake [4b1cc451]
[2025-10-01 18:35:37 | Room 1] Track #8 and 3 laps were selected
Required players finished!
Race ends in 30 seconds
[2025-10-01 18:37:25 | Room 1] Countdown to finish started, resetting room soon
All players finished
Restarting in 3 seconds
[2025-10-01 18:37:49 | Room 1] Room has been reset
[2025-10-01 18:37:50 | Room 1] Player 2 joined room 1 and is now identified as agkog [7124add5]
[2025-10-01 18:37:50 | Room 1] Player 0 joined room 1 and is now identified as Devilake [4b1cc451]
[2025-10-01 18:37:58 | Room 1] Track #7 and 3 laps were selected
Required players finished!
Race ends in 30 seconds
[2025-10-01 18:40:21 | Room 1] Countdown to finish started, resetting room soon
[2025-10-01 18:40:50 | Room 1] Room has been reset
[2025-10-01 18:40:51 | Room 1] Player 2 joined room 1 and is now identified as agkog [7124add5]
[2025-10-01 18:40:51 | Room 1] Player 0 joined room 1 and is now identified as Devilake [4b1cc451]
[2025-10-01 18:40:56 | Room 1] Track #5 and 3 laps were selected
[2025-10-01 18:42:52 | Room 1] Player Devilake (0) disconnected from room
All players finished
Restarting in 6 seconds
1 player race detected, finishing
[2025-10-01 18:43:10 | Room 1] Countdown to finish started, resetting room soon
[2025-10-01 18:43:15 | Room 1] Room has been reset
[2025-10-01 18:43:16 | Room 1] Player 2 joined room 1 and is now identified as agkog [7124add5]
[2025-10-01 18:43:16 | Room 1] Player 0 joined room 1 and is now identified as Devilake [4b1cc451]
[2025-10-01 18:43:16 | Room 1] Player 1 joined room 1 and is now identified as BrayanXD [4f0206b3]
[2025-10-01 18:43:37 | Room 1] Track #15 and 3 laps were selected
Required players finished!
Race ends in 30 seconds
[2025-10-01 18:47:00 | Room 1] Countdown to finish started, resetting room soon
[2025-10-01 18:47:29 | Room 1] Room has been reset
[2025-10-01 18:47:30 | Room 1] Player 2 joined room 1 and is now identified as agkog [7124add5]
[2025-10-01 18:47:30 | Room 1] Player 0 joined room 1 and is now identified as Devilake [4b1cc451]
[2025-10-01 18:47:30 | Room 1] Player 1 joined room 1 and is now identified as BrayanXD [4f0206b3]
[2025-10-01 18:47:41 | Room 1] Track #14 and 3 laps were selected
Required players finished!
Race ends in 30 seconds
[2025-10-01 18:49:02 | Room 1] Countdown to finish started, resetting room soon
All players finished
Restarting in 3 seconds
[2025-10-01 18:49:06 | Room 1] Room has been reset
[2025-10-01 18:49:07 | Room 1] Player 2 joined room 1 and is now identified as agkog [7124add5]
[2025-10-01 18:49:07 | Room 1] Player 0 joined room 1 and is now identified as Devilake [4b1cc451]
[2025-10-01 18:49:07 | Room 1] Player 1 joined room 1 and is now identified as BrayanXD [4f0206b3]
[2025-10-01 18:49:13 | Room 1] Track #2 and 3 laps were selected
Required players finished!
Race ends in 30 seconds
[2025-10-01 18:50:35 | Room 1] Countdown to finish started, resetting room soon
[2025-10-01 18:50:45 | Room 1] Player Devilake (0) disconnected from room
All players finished
Restarting in 3 seconds
[2025-10-01 18:50:47 | Room 1] Room has been reset
[2025-10-01 18:50:48 | Room 1] Player 2 joined room 1 and is now identified as agkog [7124add5]
[2025-10-01 18:50:48 | Room 1] Player 1 joined room 1 and is now identified as BrayanXD [4f0206b3]
[2025-10-01 18:51:39 | Room 1] Player agkog (2) disconnected from room
[2025-10-01 18:51:43 | Room 1] Player BrayanXD (1) disconnected from room
[2025-10-01 18:51:43 | Room 1] Room has been killed as no players are left
[2025-10-01 19:23:39 | Room 1] Player 0 joined room 1 and is now identified as NeoArts [7281dac9]
[2025-10-01 19:23:51 | Room 1] Player NeoArts (0) disconnected from room
[2025-10-01 19:23:51 | Room 1] Room has been killed as no players are left
[2025-10-01 20:42:38 | Room 1] Player 0 joined room 1 and is now identified as itsravisa [9dce82bd]
[2025-10-01 20:42:46 | Room 1] Track #4 and 1 laps were selected
[2025-10-01 20:43:01 | Room 1] Player itsravisa (0) disconnected from room
[2025-10-01 20:43:01 | Room 1] Room has been killed as no players are left
[2025-10-01 21:21:56 | Room 1] Player 0 joined room 1 and is now identified as BEXUS [5a0dd925]
[2025-10-01 21:22:05 | Room 1] Track #16 and 3 laps were selected
[2025-10-01 21:23:30 | Room 1] Player BEXUS (0) disconnected from room
[2025-10-01 21:23:30 | Room 1] Room has been killed as no players are left
[2025-10-02 02:11:33 | Room 1] Player 0 joined room 1 and is now identified as Soulstriker [be4c234c]
[2025-10-02 02:11:55 | Room 1] Player Soulstriker (0) disconnected from room
[2025-10-02 02:11:55 | Room 1] Room has been killed as no players are left
[2025-10-02 04:26:25 | Room 1] Player 0 joined room 1 and is now identified as dan [e4f12bb5]
[2025-10-02 04:26:33 | Room 1] Player dan (0) disconnected from room
[2025-10-02 04:26:33 | Room 1] Room has been killed as no players are left
[2025-10-02 05:42:20 | Room 1] Player 0 joined room 1 and is now identified as BEXUS [5a0dd925]
[2025-10-02 05:42:35 | Room 1] Player BEXUS (0) disconnected from room
[2025-10-02 05:42:35 | Room 1] Room has been killed as no players are left
[2025-10-02 05:42:48 | Room 1] Player 0 joined room 1 and is now identified as BEXUS [5a0dd925]
[2025-10-02 05:42:59 | Room 1] Track #5 and 3 laps were selected
All players finished
Restarting in 6 seconds
1 player race detected, finishing
[2025-10-02 05:45:23 | Room 1] Countdown to finish started, resetting room soon
[2025-10-02 05:45:28 | Room 1] Room has been reset
[2025-10-02 05:45:29 | Room 1] Player 0 joined room 1 and is now identified as BEXUS [5a0dd925]
[2025-10-02 05:45:29 | Room 1] Player 1 joined room 1 and is now identified as el [f20d06b3]
[2025-10-02 05:45:41 | Room 1] Track #2 and 3 laps were selected
Required players finished!
Race ends in 30 seconds
[2025-10-02 05:47:28 | Room 1] Countdown to finish started, resetting room soon
All players finished
Restarting in 3 seconds
[2025-10-02 05:47:52 | Room 1] Room has been reset
[2025-10-02 05:47:53 | Room 1] Player 1 joined room 1 and is now identified as el [f20d06b3]
[2025-10-02 05:47:53 | Room 1] Player 0 joined room 1 and is now identified as BEXUS [5a0dd925]
[2025-10-02 05:48:03 | Room 1] Track #7 and 3 laps were selected
Required players finished!
Race ends in 30 seconds
[2025-10-02 05:50:40 | Room 1] Countdown to finish started, resetting room soon
All players finished
Restarting in 3 seconds
[2025-10-02 05:51:06 | Room 1] Room has been reset
[2025-10-02 05:51:07 | Room 1] Player 1 joined room 1 and is now identified as el [f20d06b3]
[2025-10-02 05:51:07 | Room 1] Player 0 joined room 1 and is now identified as BEXUS [5a0dd925]
[2025-10-02 05:51:08 | Room 1] Player BEXUS (0) disconnected from room
[2025-10-02 05:51:14 | Room 1] Player el (1) disconnected from room
[2025-10-02 05:51:14 | Room 1] Room has been killed as no players are left
[2025-10-02 09:07:17 | Room 1] Player 0 joined room 1 and is now identified as Gasmoxian [abc775bc]
[2025-10-02 09:07:31 | Room 1] Track #8 and 31 laps were selected
[2025-10-02 09:16:46 | Room 1] Player Gasmoxian (0) disconnected from room
[2025-10-02 09:16:46 | Room 1] Room has been killed as no players are left
[2025-10-02 11:45:30 | Room 1] Player 0 joined room 1 and is now identified as Salvatore [f9b21397]
[2025-10-02 11:45:33 | Room 1] Player Salvatore (0) disconnected from room
[2025-10-02 11:45:33 | Room 1] Room has been killed as no players are left
[2025-10-02 11:49:07 | Room 1] Player 0 joined room 1 and is now identified as Salvatore [f9b21397]
[2025-10-02 11:49:22 | Room 1] Track #14 and 3 laps were selected
[2025-10-02 11:50:09 | Room 1] Player Salvatore (0) disconnected from room
[2025-10-02 11:50:09 | Room 1] Room has been killed as no players are left
[2025-10-02 13:35:11 | Room 1] Player 0 joined room 1 and is now identified as Kyroshii [93a02f97]
[2025-10-02 13:35:14 | Room 1] Player Kyroshii (0) disconnected from room
[2025-10-02 13:35:14 | Room 1] Room has been killed as no players are left
[2025-10-02 15:27:11 | Room 1] Player 0 joined room 1 and is now identified as Gasmoxian [abc775bc]
[2025-10-02 15:27:13 | Room 1] Player Gasmoxian (0) disconnected from room
[2025-10-02 15:27:13 | Room 1] Room has been killed as no players are left
[2025-10-02 15:50:44 | Room 1] Player 0 joined room 1 and is now identified as Gasmoxian [abc775bc]
[2025-10-02 15:50:46 | Room 1] Player Gasmoxian (0) disconnected from room
[2025-10-02 15:50:46 | Room 1] Room has been killed as no players are left
[2025-10-02 16:37:29 | Room 1] Player 0 joined room 1 and is now identified as Bob [76270e64]
[2025-10-02 16:37:46 | Room 1] Track #6 and 3 laps were selected
All players finished
Restarting in 6 seconds
1 player race detected, finishing
[2025-10-02 16:39:26 | Room 1] Countdown to finish started, resetting room soon
[2025-10-02 16:39:31 | Room 1] Room has been reset
[2025-10-02 16:39:32 | Room 1] Player 0 joined room 1 and is now identified as Bob [76270e64]
[2025-10-02 16:39:46 | Room 1] Track #12 and 3 laps were selected
[2025-10-02 16:42:07 | Room 1] Player Bob (0) disconnected from room
[2025-10-02 16:42:07 | Room 1] Room has been killed as no players are left
[2025-10-02 16:57:39 | Room 1] Player 0 joined room 1 and is now identified as Bob [76270e64]
[2025-10-02 16:58:12 | Room 1] Track #10 and 3 laps were selected
[2025-10-02 16:58:47 | Room 1] Player Bob (0) disconnected from room
[2025-10-02 16:58:47 | Room 1] Room has been killed as no players are left
[2025-10-02 16:58:55 | Room 1] Player 0 joined room 1 and is now identified as Bob [76270e64]
[2025-10-02 16:59:04 | Room 1] Track #3 and 3 laps were selected
[2025-10-02 16:59:34 | Room 1] Player Bob (0) disconnected from room
[2025-10-02 16:59:34 | Room 1] Room has been killed as no players are left
[2025-10-02 21:00:21 | Room 1] Player 0 joined room 1 and is now identified as Sunde [7bacc153]
[2025-10-02 21:00:27 | Room 1] Track #0 and 3 laps were selected
All players finished
Restarting in 6 seconds
1 player race detected, finishing
[2025-10-02 21:02:43 | Room 1] Countdown to finish started, resetting room soon
[2025-10-02 21:02:48 | Room 1] Room has been reset
[2025-10-02 21:02:49 | Room 1] Player 0 joined room 1 and is now identified as Sunde [7bacc153]
[2025-10-02 21:02:49 | Room 1] Player 1 joined room 1 and is now identified as Draz [386ff505]
[2025-10-02 21:03:05 | Room 1] Player Sunde (0) disconnected from room
[2025-10-02 21:03:07 | Room 1] Player Draz (1) disconnected from room
[2025-10-02 21:03:07 | Room 1] Room has been killed as no players are left
[2025-10-02 22:51:24 | Room 1] Player 0 joined room 1 and is now identified as Bob [76270e64]
[2025-10-02 22:51:45 | Room 1] Track #3 and 1 laps were selected
All players finished
Restarting in 6 seconds
1 player race detected, finishing
[2025-10-02 22:52:26 | Room 1] Countdown to finish started, resetting room soon
[2025-10-02 22:52:31 | Room 1] Room has been reset
[2025-10-02 22:52:32 | Room 1] Player 0 joined room 1 and is now identified as Bob [76270e64]
[2025-10-02 22:52:37 | Room 1] Track #0 and 1 laps were selected
All players finished
Restarting in 6 seconds
1 player race detected, finishing
[2025-10-02 22:53:36 | Room 1] Countdown to finish started, resetting room soon
[2025-10-02 22:53:41 | Room 1] Room has been reset
[2025-10-02 22:53:42 | Room 1] Player 0 joined room 1 and is now identified as Bob [76270e64]
[2025-10-02 22:53:45 | Room 1] Player Bob (0) disconnected from room
[2025-10-02 22:53:45 | Room 1] Room has been killed as no players are left
[2025-10-03 00:26:04 | Room 1] Player 0 joined room 1 and is now identified as AGENTFACE [536ca42f]
[2025-10-03 00:26:06 | Room 1] Track #0 and 1 laps were selected
[2025-10-03 00:26:18 | Room 1] Player AGENTFACE (0) disconnected from room
[2025-10-03 00:26:18 | Room 1] Room has been killed as no players are left
[2025-10-03 02:36:21 | Room 10] Player 0 joined room 10 and is now identified as Shibe [8032d9bc]
[2025-10-03 02:36:39 | Room 10] Track #17 and 3 laps were selected
All players finished
Restarting in 6 seconds
1 player race detected, finishing
[2025-10-03 02:39:48 | Room 10] Countdown to finish started, resetting room soon
[2025-10-03 02:39:53 | Room 10] Room has been reset
[2025-10-03 02:39:54 | Room 10] Player 0 joined room 10 and is now identified as Shibe [8032d9bc]
[2025-10-03 02:40:04 | Room 10] Player Shibe (0) disconnected from room
[2025-10-03 02:40:04 | Room 10] Room has been killed as no players are left
[2025-10-03 02:48:14 | Room 1] Player 0 joined room 1 and is now identified as Shibe [8032d9bc]
[2025-10-03 02:48:24 | Room 1] Player Shibe (0) disconnected from room
[2025-10-03 02:48:24 | Room 1] Room has been killed as no players are left
[2025-10-03 04:31:39 | Room 12] Player 0 joined room 12 and is now identified as dan [e4f12bb5]
[2025-10-03 04:31:48 | Room 12] Track #8 and 3 laps were selected
[2025-10-03 04:31:51 | Room 12] Player dan (0) disconnected from room
[2025-10-03 04:31:51 | Room 12] Room has been killed as no players are left
[2025-10-03 07:01:24 | Room 1] Player 0 joined room 1 and is now identified as Devilake [981dc451]
[2025-10-03 07:01:41 | Room 1] Track #14 and 3 laps were selected
All players finished
Restarting in 6 seconds
1 player race detected, finishing
[2025-10-03 07:03:12 | Room 1] Countdown to finish started, resetting room soon
[2025-10-03 07:03:17 | Room 1] Room has been reset
[2025-10-03 07:03:18 | Room 1] Player 0 joined room 1 and is now identified as Devilake [981dc451]
[2025-10-03 07:03:38 | Room 1] Track #8 and 3 laps were selected
All players finished
Restarting in 6 seconds
1 player race detected, finishing
[2025-10-03 07:05:39 | Room 1] Countdown to finish started, resetting room soon
[2025-10-03 07:05:44 | Room 1] Room has been reset
[2025-10-03 07:05:45 | Room 1] Player 0 joined room 1 and is now identified as Devilake [981dc451]
[2025-10-03 07:05:58 | Room 1] Track #9 and 3 laps were selected
All players finished
Restarting in 6 seconds
1 player race detected, finishing
[2025-10-03 07:07:54 | Room 1] Countdown to finish started, resetting room soon
[2025-10-03 07:07:59 | Room 1] Room has been reset
[2025-10-03 07:08:00 | Room 1] Player 0 joined room 1 and is now identified as Devilake [981dc451]
[2025-10-03 07:08:18 | Room 1] Track #15 and 3 laps were selected
All players finished
Restarting in 6 seconds
1 player race detected, finishing
[2025-10-03 07:11:44 | Room 1] Countdown to finish started, resetting room soon
[2025-10-03 07:11:49 | Room 1] Room has been reset
[2025-10-03 07:11:50 | Room 1] Player 0 joined room 1 and is now identified as Devilake [981dc451]
[2025-10-03 07:12:05 | Room 1] Track #6 and 3 laps were selected
All players finished
Restarting in 6 seconds
1 player race detected, finishing
[2025-10-03 07:13:27 | Room 1] Countdown to finish started, resetting room soon
[2025-10-03 07:13:32 | Room 1] Room has been reset
[2025-10-03 07:13:33 | Room 1] Player 0 joined room 1 and is now identified as Devilake [981dc451]
[2025-10-03 07:13:41 | Room 1] Track #3 and 3 laps were selected
All players finished
Restarting in 6 seconds
1 player race detected, finishing
[2025-10-03 07:15:13 | Room 1] Countdown to finish started, resetting room soon
[2025-10-03 07:15:18 | Room 1] Room has been reset
[2025-10-03 07:15:19 | Room 1] Player 0 joined room 1 and is now identified as Devilake [981dc451]
[2025-10-03 07:15:25 | Room 1] Track #3 and 5 laps were selected
[2025-10-03 07:16:17 | Room 1] Player Devilake (0) disconnected from room
[2025-10-03 07:16:17 | Room 1] Room has been killed as no players are left
[2025-10-03 08:17:50 | Room 1] Player 0 joined room 1 and is now identified as Devilake [981dc451]
[2025-10-03 08:17:56 | Room 1] Track #6 and 3 laps were selected
[2025-10-03 08:18:22 | Room 1] Player Devilake (0) disconnected from room
[2025-10-03 08:18:22 | Room 1] Room has been killed as no players are left
[2025-10-03 08:18:31 | Room 1] Player 0 joined room 1 and is now identified as Devilake [981dc451]
[2025-10-03 08:18:50 | Room 1] Track #12 and 3 laps were selected
All players finished
Restarting in 6 seconds
1 player race detected, finishing
[2025-10-03 08:21:36 | Room 1] Countdown to finish started, resetting room soon
[2025-10-03 08:21:41 | Room 1] Room has been reset
[2025-10-03 08:21:42 | Room 1] Player 0 joined room 1 and is now identified as Devilake [981dc451]
[2025-10-03 08:21:56 | Room 1] Track #8 and 3 laps were selected
All players finished
Restarting in 6 seconds
1 player race detected, finishing
[2025-10-03 08:23:49 | Room 1] Countdown to finish started, resetting room soon
[2025-10-03 08:23:54 | Room 1] Room has been reset
[2025-10-03 08:23:55 | Room 1] Player 0 joined room 1 and is now identified as Devilake [981dc451]
[2025-10-03 08:23:57 | Room 1] Track #0 and 3 laps were selected
All players finished
Restarting in 6 seconds
1 player race detected, finishing
[2025-10-03 08:25:39 | Room 1] Countdown to finish started, resetting room soon
[2025-10-03 08:25:44 | Room 1] Room has been reset
[2025-10-03 08:25:45 | Room 1] Player 0 joined room 1 and is now identified as Devilake [981dc451]
[2025-10-03 08:25:52 | Room 1] Track #4 and 3 laps were selected
All players finished
Restarting in 6 seconds
1 player race detected, finishing
[2025-10-03 08:27:54 | Room 1] Countdown to finish started, resetting room soon
[2025-10-03 08:27:59 | Room 1] Room has been reset
[2025-10-03 08:28:00 | Room 1] Player 0 joined room 1 and is now identified as Devilake [981dc451]
[2025-10-03 08:28:10 | Room 1] Track #7 and 3 laps were selected
[2025-10-03 08:29:06 | Room 1] Player Devilake (0) disconnected from room
[2025-10-03 08:29:06 | Room 1] Room has been killed as no players are left
[2025-10-03 11:05:41 | Room 1] Player 0 joined room 1 and is now identified as Devilake [981dc451]
[2025-10-03 11:05:56 | Room 1] Track #12 and 3 laps were selected
[2025-10-03 11:05:58 | Room 1] Player Devilake (0) disconnected from room
[2025-10-03 11:05:58 | Room 1] Room has been killed as no players are left
[2025-10-03 11:05:59 | Room 1] Player 0 joined room 1 and is now identified as Devilake [981dc451]
[2025-10-03 11:06:07 | Room 1] Track #2 and 3 laps were selected
[2025-10-03 11:06:37 | Room 1] Player Devilake (0) disconnected from room
[2025-10-03 11:06:37 | Room 1] Room has been killed as no players are left
[2025-10-03 16:08:01 | Room 1] Player 0 joined room 1 and is now identified as Gasmoxian [abc775bc]
[2025-10-03 16:08:07 | Room 1] Player Gasmoxian (0) disconnected from room
[2025-10-03 16:08:07 | Room 1] Room has been killed as no players are left
[2025-10-03 18:40:44 | Room 1] Player 0 joined room 1 and is now identified as Sunde [53701a9f]
[2025-10-03 18:40:51 | Room 1] Track #0 and 3 laps were selected
All players finished
Restarting in 6 seconds
1 player race detected, finishing
[2025-10-03 18:42:59 | Room 1] Countdown to finish started, resetting room soon
[2025-10-03 18:43:04 | Room 1] Room has been reset
[2025-10-03 18:43:05 | Room 1] Player 0 joined room 1 and is now identified as Sunde [53701a9f]
[2025-10-03 18:43:09 | Room 1] Track #3 and 3 laps were selected
[2025-10-03 18:43:31 | Room 1] Player Sunde (0) disconnected from room
[2025-10-03 18:43:31 | Room 1] Room has been killed as no players are left
[2025-10-03 18:44:06 | Room 1] Player 0 joined room 1 and is now identified as Sunde [53701a9f]
[2025-10-03 18:44:10 | Room 1] Track #3 and 3 laps were selected
All players finished
Restarting in 6 seconds
1 player race detected, finishing
[2025-10-03 18:45:57 | Room 1] Countdown to finish started, resetting room soon
[2025-10-03 18:46:02 | Room 1] Room has been reset
[2025-10-03 18:46:03 | Room 1] Player 0 joined room 1 and is now identified as Sunde [53701a9f]
[2025-10-03 18:58:42 | Room 1] Player Sunde (0) disconnected from room
[2025-10-03 18:58:42 | Room 1] Room has been killed as no players are left
[2025-10-03 20:41:56 | Room 2] Player 0 joined room 2 and is now identified as jerendonb [48f15a5f]
[2025-10-03 20:41:59 | Room 2] Player jerendonb (0) disconnected from room
[2025-10-03 20:41:59 | Room 2] Room has been killed as no players are left
[2025-10-04 06:44:45 | Room 13] Player 0 joined room 13 and is now identified as Kyah [7c0fd4bb]
[2025-10-04 06:45:12 | Room 13] Player 1 joined room 13 and is now identified as itsravisa [9dce82bd]
[2025-10-04 06:47:53 | Room 13] Player 2 joined room 13 and is now identified as fabrixd530 [15761926]
[2025-10-04 06:48:19 | Room 13] Track #5 and 5 laps were selected
ban orb/clock 1
ban orb/clock 0
ban orb/clock 1
ban orb/clock 0
Required players finished!
Race ends in 30 seconds
[2025-10-04 06:52:43 | Room 13] Countdown to finish started, resetting room soon
ban orb/clock 1
All players finished
Restarting in 3 seconds
[2025-10-04 06:52:58 | Room 13] Room has been reset
[2025-10-04 06:52:59 | Room 13] Player 1 joined room 13 and is now identified as itsravisa [9dce82bd]
[2025-10-04 06:52:59 | Room 13] Player 0 joined room 13 and is now identified as Kyah [7c0fd4bb]
[2025-10-04 06:52:59 | Room 13] Player 2 joined room 13 and is now identified as fabrixd530 [15761926]
[2025-10-04 06:53:17 | Room 13] Track #10 and 3 laps were selected
ban orb/clock 1
ban orb/clock 0
Required players finished!
Race ends in 30 seconds
[2025-10-04 06:57:00 | Room 13] Countdown to finish started, resetting room soon
All players finished
Restarting in 3 seconds
[2025-10-04 06:57:02 | Room 13] Room has been reset
[2025-10-04 06:57:03 | Room 13] Player 1 joined room 13 and is now identified as itsravisa [9dce82bd]
[2025-10-04 06:57:03 | Room 13] Player 0 joined room 13 and is now identified as Kyah [7c0fd4bb]
[2025-10-04 06:57:03 | Room 13] Player 2 joined room 13 and is now identified as fabrixd530 [15761926]
[2025-10-04 06:57:19 | Room 13] Player fabrixd530 (2) disconnected from room
[2025-10-04 06:58:02 | Room 13] Track #8 and 3 laps were selected
Required players finished!
Race ends in 30 seconds
[2025-10-04 07:00:43 | Room 13] Countdown to finish started, resetting room soon
All players finished
Restarting in 3 seconds
[2025-10-04 07:00:52 | Room 13] Room has been reset
[2025-10-04 07:00:53 | Room 13] Player 1 joined room 13 and is now identified as itsravisa [9dce82bd]
[2025-10-04 07:00:53 | Room 13] Player 0 joined room 13 and is now identified as Kyah [7c0fd4bb]
[2025-10-04 07:00:53 | Room 13] Player 2 joined room 13 and is now identified as fabrixd530 [15761926]
[2025-10-04 07:01:24 | Room 13] Track #13 and 5 laps were selected
ban orb/clock 1
ban orb/clock 0
ban orb/clock 1
ban orb/clock 0
ban orb/clock 1
ban orb/clock 0
ban orb/clock 1
ban orb/clock 0
ban orb/clock 1
[2025-10-04 07:11:15 | Room 13] Player fabrixd530 (2) disconnected from room
Required players finished!
Race ends in 30 seconds
[2025-10-04 07:11:15 | Room 13] Countdown to finish started, resetting room soon
All players finished
Restarting in 3 seconds
[2025-10-04 07:11:28 | Room 13] Room has been reset
[2025-10-04 07:11:29 | Room 13] Player 1 joined room 13 and is now identified as itsravisa [9dce82bd]
[2025-10-04 07:11:29 | Room 13] Player 0 joined room 13 and is now identified as Kyah [7c0fd4bb]
[2025-10-04 07:11:46 | Room 13] Player itsravisa (1) disconnected from room
[2025-10-04 07:11:50 | Room 13] Player Kyah (0) disconnected from room
[2025-10-04 07:11:50 | Room 13] Room has been killed as no players are left
[2025-10-04 08:18:37 | Room 1] Player 0 joined room 1 and is now identified as Devilake [981dc451]
[2025-10-04 08:18:43 | Room 1] Track #6 and 3 laps were selected
All players finished
Restarting in 6 seconds
1 player race detected, finishing
[2025-10-04 08:20:15 | Room 1] Countdown to finish started, resetting room soon
[2025-10-04 08:20:20 | Room 1] Room has been reset
[2025-10-04 08:20:21 | Room 1] Player 0 joined room 1 and is now identified as Devilake [981dc451]
[2025-10-04 08:20:38 | Room 1] Track #11 and 3 laps were selected
[2025-10-04 08:21:45 | Room 1] Player Devilake (0) disconnected from room
[2025-10-04 08:21:45 | Room 1] Room has been killed as no players are left
[2025-10-04 10:19:28 | Room 3] Player 0 joined room 3 and is now identified as Gasmoxian [e70f1926]
[2025-10-04 10:19:29 | Room 3] Player Gasmoxian (0) disconnected from room
[2025-10-04 10:19:29 | Room 3] Room has been killed as no players are left
[2025-10-04 11:32:32 | Room 1] Player 0 joined room 1 and is now identified as Gasmoxian [abc775bc]
[2025-10-04 11:32:40 | Room 1] Player Gasmoxian (0) disconnected from room
[2025-10-04 11:32:40 | Room 1] Room has been killed as no players are left
[2025-10-04 15:20:58 | Room 1] Player 0 joined room 1 and is now identified as Devilake [981dc451]
[2025-10-04 15:21:06 | Room 1] Track #4 and 3 laps were selected
All players finished
Restarting in 6 seconds
1 player race detected, finishing
[2025-10-04 15:22:59 | Room 1] Countdown to finish started, resetting room soon
[2025-10-04 15:23:04 | Room 1] Room has been reset
[2025-10-04 15:23:05 | Room 1] Player 0 joined room 1 and is now identified as Devilake [981dc451]
[2025-10-04 15:23:14 | Room 1] Track #9 and 3 laps were selected
All players finished
Restarting in 6 seconds
1 player race detected, finishing
[2025-10-04 15:25:08 | Room 1] Countdown to finish started, resetting room soon
[2025-10-04 15:25:13 | Room 1] Room has been reset
[2025-10-04 15:25:14 | Room 1] Player 0 joined room 1 and is now identified as Devilake [981dc451]
[2025-10-04 15:25:26 | Room 1] Track #11 and 3 laps were selected
All players finished
Restarting in 6 seconds
1 player race detected, finishing
[2025-10-04 15:28:17 | Room 1] Countdown to finish started, resetting room soon
[2025-10-04 15:28:22 | Room 1] Room has been reset
[2025-10-04 15:28:23 | Room 1] Player 0 joined room 1 and is now identified as Devilake [981dc451]
[2025-10-04 15:28:31 | Room 1] Track #9 and 3 laps were selected
[2025-10-04 15:30:04 | Room 1] Player Devilake (0) disconnected from room
[2025-10-04 15:30:04 | Room 1] Room has been killed as no players are left
[2025-10-04 15:35:12 | Room 1] Player 0 joined room 1 and is now identified as Devilake [981dc451]
[2025-10-04 15:35:25 | Room 1] Track #10 and 3 laps were selected
[2025-10-04 15:36:56 | Room 1] Player Devilake (0) disconnected from room
[2025-10-04 15:36:56 | Room 1] Room has been killed as no players are left
[2025-10-04 20:33:31 | Room 1] Player 0 joined room 1 and is now identified as Xnitro67 [d6cb3744]
[2025-10-04 20:33:47 | Room 1] Player Xnitro67 (0) disconnected from room
[2025-10-04 20:33:47 | Room 1] Room has been killed as no players are left
[2025-10-04 20:33:53 | Room 1] Player 0 joined room 1 and is now identified as Xnitro67 [d6cb3744]
[2025-10-04 20:34:11 | Room 1] Player Xnitro67 (0) disconnected from room
[2025-10-04 20:34:11 | Room 1] Room has been killed as no players are left
[2025-10-04 20:34:13 | Room 1] Player 0 joined room 1 and is now identified as Xnitro67 [d6cb3744]
[2025-10-04 20:34:38 | Room 1] Track #11 and 1 laps were selected
All players finished
Restarting in 6 seconds
1 player race detected, finishing
[2025-10-04 20:36:20 | Room 1] Countdown to finish started, resetting room soon
[2025-10-04 20:36:25 | Room 1] Room has been reset
[2025-10-04 20:36:26 | Room 1] Player 0 joined room 1 and is now identified as Xnitro67 [d6cb3744]
[2025-10-04 20:36:29 | Room 1] Player Xnitro67 (0) disconnected from room
[2025-10-04 20:36:29 | Room 1] Room has been killed as no players are left
[2025-10-04 20:37:15 | Room 1] Player 0 joined room 1 and is now identified as Xnitro67 [d6cb3744]
[2025-10-04 20:38:07 | Room 1] Track #15 and 1 laps were selected
[2025-10-04 20:38:35 | Room 2] Player 0 joined room 2 and is now identified as Johnz [6cb06ab3]
[2025-10-04 20:38:36 | Room 2] Player Johnz (0) disconnected from room
[2025-10-04 20:38:36 | Room 2] Room has been killed as no players are left
All players finished
Restarting in 6 seconds
1 player race detected, finishing
[2025-10-04 20:39:36 | Room 1] Countdown to finish started, resetting room soon
[2025-10-04 20:39:41 | Room 1] Room has been reset
[2025-10-04 20:39:42 | Room 1] Player 0 joined room 1 and is now identified as Xnitro67 [d6cb3744]
[2025-10-04 20:39:47 | Room 1] Player Xnitro67 (0) disconnected from room
[2025-10-04 20:39:47 | Room 1] Room has been killed as no players are left
[2025-10-04 23:46:27 | Room 5] Player 0 joined room 5 and is now identified as Johnz [6cb06ab3]
[2025-10-04 23:46:52 | Room 5] Player 1 joined room 5 and is now identified as ctrazielord [4c0606b3]
[2025-10-04 23:47:15 | Room 5] Track #7 and 7 laps were selected
[2025-10-04 23:47:57 | Room 5] Player Johnz (0) disconnected from room
[2025-10-04 23:48:21 | Room 5] Player ctrazielord (1) disconnected from room
[2025-10-04 23:48:21 | Room 5] Room has been killed as no players are left
[2025-10-05 12:04:55 | Room 12] Player 0 joined room 12 and is now identified as Matt [2b5d5f97]
[2025-10-05 12:05:11 | Room 12] Track #11 and 5 laps were selected
[2025-10-05 12:07:14 | Room 12] Player Matt (0) disconnected from room
[2025-10-05 12:07:14 | Room 12] Room has been killed as no players are left
[2025-10-05 12:15:01 | Room 1] Player 0 joined room 1 and is now identified as Devilake [981dc451]
[2025-10-05 12:15:11 | Room 1] Track #6 and 3 laps were selected
All players finished
Restarting in 6 seconds
1 player race detected, finishing
[2025-10-05 12:16:27 | Room 1] Countdown to finish started, resetting room soon
[2025-10-05 12:16:32 | Room 1] Room has been reset
[2025-10-05 12:16:33 | Room 1] Player 0 joined room 1 and is now identified as Devilake [981dc451]
[2025-10-05 12:16:37 | Room 1] Track #9 and 3 laps were selected
All players finished
Restarting in 6 seconds
1 player race detected, finishing
[2025-10-05 12:18:37 | Room 1] Countdown to finish started, resetting room soon
[2025-10-05 12:18:42 | Room 1] Room has been reset
[2025-10-05 12:18:43 | Room 1] Player 0 joined room 1 and is now identified as Devilake [981dc451]
[2025-10-05 12:18:49 | Room 1] Track #14 and 3 laps were selected
[2025-10-05 12:19:53 | Room 1] Player Devilake (0) disconnected from room
[2025-10-05 12:19:53 | Room 1] Room has been killed as no players are left
[2025-10-05 15:57:27 | Room 13] Player 0 joined room 13 and is now identified as Matt [2b5d5f97]
[2025-10-05 15:57:38 | Room 13] Track #3 and 1 laps were selected
All players finished
Restarting in 6 seconds
1 player race detected, finishing
[2025-10-05 15:58:29 | Room 13] Countdown to finish started, resetting room soon
[2025-10-05 15:58:34 | Room 13] Room has been reset
[2025-10-05 15:58:35 | Room 13] Player 0 joined room 13 and is now identified as Matt [2b5d5f97]
[2025-10-05 15:58:45 | Room 13] Player Matt (0) disconnected from room
[2025-10-05 15:58:45 | Room 13] Room has been killed as no players are left
[2025-10-05 15:59:18 | Room 10] Player 0 joined room 10 and is now identified as Matt [2b5d5f97]
[2025-10-05 15:59:31 | Room 10] Track #14 and 1 laps were selected
All players finished
Restarting in 6 seconds
1 player race detected, finishing
[2025-10-05 16:00:26 | Room 10] Countdown to finish started, resetting room soon
[2025-10-05 16:00:31 | Room 10] Room has been reset
[2025-10-05 16:00:38 | Room 10] Player Matt (0) disconnected from room
[2025-10-05 16:00:38 | Room 10] Room has been killed as no players are left
[2025-10-05 16:27:55 | Room 1] Player 0 joined room 1 and is now identified as Pepsimntr [72820ab6]
[2025-10-05 16:29:04 | Room 1] Track #10 and 7 laps were selected
[2025-10-05 16:31:28 | Room 1] Player Pepsimntr (0) disconnected from room
[2025-10-05 16:31:28 | Room 1] Room has been killed as no players are left
[2025-10-05 17:04:05 | Room 1] Player 0 joined room 1 and is now identified as Pepsimntr [72820ab6]
[2025-10-05 17:04:27 | Room 1] Player 1 joined room 1 and is now identified as Gasmoxian [b04acb98]
[2025-10-05 17:04:42 | Room 1] Player Gasmoxian (1) disconnected from room
[2025-10-05 17:04:48 | Room 1] Player 1 joined room 1 and is now identified as Gasmoxian [b04acb98]
[2025-10-05 17:04:56 | Room 1] Track #11 and 3 laps were selected
Required players finished!
Race ends in 30 seconds
[2025-10-05 17:07:53 | Room 1] Countdown to finish started, resetting room soon
All players finished
Restarting in 3 seconds
[2025-10-05 17:08:11 | Room 1] Room has been reset
[2025-10-05 17:08:12 | Room 1] Player 1 joined room 1 and is now identified as Gasmoxian [b04acb98]
[2025-10-05 17:08:12 | Room 1] Player 0 joined room 1 and is now identified as Pepsimntr [72820ab6]
[2025-10-05 17:08:29 | Room 1] Track #2 and 3 laps were selected
ban orb/clock 1
Required players finished!
Race ends in 30 seconds
[2025-10-05 17:10:16 | Room 1] Countdown to finish started, resetting room soon
All players finished
Restarting in 3 seconds
[2025-10-05 17:10:22 | Room 1] Room has been reset
[2025-10-05 17:10:23 | Room 1] Player 1 joined room 1 and is now identified as Gasmoxian [b04acb98]
[2025-10-05 17:10:23 | Room 1] Player 0 joined room 1 and is now identified as Pepsimntr [72820ab6]
[2025-10-05 17:10:23 | Room 1] Player 2 joined room 1 and is now identified as ANFROST [db7cb8c9]
[2025-10-05 17:10:44 | Room 1] Track #9 and 3 laps were selected
ban orb/clock 1
ban orb/clock 0
ban orb/clock 1
Required players finished!
Race ends in 30 seconds
[2025-10-05 17:13:06 | Room 1] Countdown to finish started, resetting room soon
All players finished
Restarting in 3 seconds
[2025-10-05 17:13:15 | Room 1] Room has been reset
[2025-10-05 17:13:16 | Room 1] Player 1 joined room 1 and is now identified as Gasmoxian [b04acb98]
[2025-10-05 17:13:16 | Room 1] Player 0 joined room 1 and is now identified as Pepsimntr [72820ab6]
[2025-10-05 17:13:16 | Room 1] Player 2 joined room 1 and is now identified as ANFROST [db7cb8c9]
[2025-10-05 17:13:32 | Room 1] Track #4 and 5 laps were selected
[2025-10-05 17:14:15 | Room 2] Player 0 joined room 2 and is now identified as edd12 [11e587b3]
[2025-10-05 17:14:22 | Room 2] Player edd12 (0) disconnected from room
[2025-10-05 17:14:22 | Room 2] Room has been killed as no players are left
[2025-10-05 17:14:32 | Room 2] Player 0 joined room 2 and is now identified as edd12 [11e587b3]
[2025-10-05 17:14:37 | Room 2] Track #0 and 3 laps were selected
[2025-10-05 17:14:49 | Room 2] Player edd12 (0) disconnected from room
[2025-10-05 17:14:49 | Room 2] Room has been killed as no players are left
Required players finished!
Race ends in 30 seconds
[2025-10-05 17:16:53 | Room 1] Countdown to finish started, resetting room soon
All players finished
Restarting in 3 seconds
[2025-10-05 17:17:00 | Room 1] Room has been reset
[2025-10-05 17:17:01 | Room 1] Player 2 joined room 1 and is now identified as ANFROST [db7cb8c9]
[2025-10-05 17:17:01 | Room 1] Player 1 joined room 1 and is now identified as Gasmoxian [b04acb98]
[2025-10-05 17:17:01 | Room 1] Player 0 joined room 1 and is now identified as Pepsimntr [72820ab6]
[2025-10-05 17:17:01 | Room 1] Player 3 joined room 1 and is now identified as Patoxoop [886d4fba]
[2025-10-05 17:17:23 | Room 1] Track #6 and 5 laps were selected
[2025-10-05 17:17:29 | Room 9] Player 0 joined room 9 and is now identified as edd12 [11e587b3]
[2025-10-05 17:17:31 | Room 9] Player edd12 (0) disconnected from room
[2025-10-05 17:17:31 | Room 9] Room has been killed as no players are left
[2025-10-05 17:17:35 | Room 2] Player 0 joined room 2 and is now identified as edd12 [11e587b3]
[2025-10-05 17:17:43 | Room 2] Track #1 and 3 laps were selected
[2025-10-05 17:17:53 | Room 2] Player edd12 (0) disconnected from room
[2025-10-05 17:17:53 | Room 2] Room has been killed as no players are left
Required players finished!
Race ends in 30 seconds
[2025-10-05 17:20:30 | Room 1] Countdown to finish started, resetting room soon
All players finished
Restarting in 3 seconds
[2025-10-05 17:20:32 | Room 1] Room has been reset
[2025-10-05 17:20:33 | Room 1] Player 2 joined room 1 and is now identified as ANFROST [db7cb8c9]
[2025-10-05 17:20:33 | Room 1] Player 1 joined room 1 and is now identified as Gasmoxian [b04acb98]
[2025-10-05 17:20:33 | Room 1] Player 3 joined room 1 and is now identified as Patoxoop [886d4fba]
[2025-10-05 17:20:33 | Room 1] Player 0 joined room 1 and is now identified as Pepsimntr [72820ab6]
[2025-10-05 17:20:56 | Room 1] Track #8 and 5 laps were selected
ban orb/clock 1
ban orb/clock 0
Required players finished!
Race ends in 30 seconds
[2025-10-05 17:24:49 | Room 1] Countdown to finish started, resetting room soon
All players finished
Restarting in 3 seconds
[2025-10-05 17:24:57 | Room 1] Room has been reset
[2025-10-05 17:24:58 | Room 1] Player 2 joined room 1 and is now identified as ANFROST [db7cb8c9]
[2025-10-05 17:24:58 | Room 1] Player 3 joined room 1 and is now identified as Patoxoop [886d4fba]
[2025-10-05 17:24:58 | Room 1] Player 1 joined room 1 and is now identified as Gasmoxian [b04acb98]
[2025-10-05 17:24:58 | Room 1] Player 0 joined room 1 and is now identified as Pepsimntr [72820ab6]
[2025-10-05 17:25:20 | Room 1] Track #7 and 3 laps were selected
Required players finished!
Race ends in 30 seconds
[2025-10-05 17:28:57 | Room 1] Countdown to finish started, resetting room soon
All players finished
Restarting in 3 seconds
[2025-10-05 17:29:05 | Room 1] Room has been reset
[2025-10-05 17:29:06 | Room 1] Player 1 joined room 1 and is now identified as Gasmoxian [b04acb98]
[2025-10-05 17:29:06 | Room 1] Player 2 joined room 1 and is now identified as ANFROST [db7cb8c9]
[2025-10-05 17:29:06 | Room 1] Player 3 joined room 1 and is now identified as Patoxoop [886d4fba]
[2025-10-05 17:29:06 | Room 1] Player 0 joined room 1 and is now identified as Pepsimntr [72820ab6]
[2025-10-05 17:29:20 | Room 1] Track #12 and 1 laps were selected
ban orb/clock 1
ban orb/clock 0
Required players finished!
Race ends in 30 seconds
[2025-10-05 17:32:14 | Room 1] Countdown to finish started, resetting room soon
All players finished
Restarting in 3 seconds
[2025-10-05 17:32:17 | Room 1] Room has been reset
[2025-10-05 17:32:18 | Room 1] Player 1 joined room 1 and is now identified as Gasmoxian [b04acb98]
[2025-10-05 17:32:18 | Room 1] Player 2 joined room 1 and is now identified as ANFROST [db7cb8c9]
[2025-10-05 17:32:18 | Room 1] Player 3 joined room 1 and is now identified as Patoxoop [886d4fba]
[2025-10-05 17:32:18 | Room 1] Player 0 joined room 1 and is now identified as Pepsimntr [72820ab6]
[2025-10-05 17:32:29 | Room 1] Player 4 joined room 1 and is now identified as NBogos [b3100f1f]
[2025-10-05 17:32:51 | Room 1] Track #0 and 5 laps were selected
ban orb/clock 1
ban orb/clock 0
ban orb/clock 1
Required players finished!
Race ends in 30 seconds
[2025-10-05 17:35:58 | Room 1] Countdown to finish started, resetting room soon
All players finished
Restarting in 3 seconds
[2025-10-05 17:36:12 | Room 1] Room has been reset
[2025-10-05 17:36:13 | Room 1] Player 1 joined room 1 and is now identified as Gasmoxian [b04acb98]
[2025-10-05 17:36:13 | Room 1] Player 2 joined room 1 and is now identified as ANFROST [db7cb8c9]
[2025-10-05 17:36:13 | Room 1] Player 3 joined room 1 and is now identified as Patoxoop [886d4fba]
[2025-10-05 17:36:13 | Room 1] Player 4 joined room 1 and is now identified as NBogos [b3100f1f]
[2025-10-05 17:36:13 | Room 1] Player 0 joined room 1 and is now identified as Pepsimntr [72820ab6]
[2025-10-05 17:36:31 | Room 1] Track #5 and 5 laps were selected
ban orb/clock 1
Required players finished!
Race ends in 30 seconds
[2025-10-05 17:39:37 | Room 1] Countdown to finish started, resetting room soon
ban orb/clock 0
[2025-10-05 17:40:06 | Room 1] Room has been reset
[2025-10-05 17:40:07 | Room 1] Player 2 joined room 1 and is now identified as ANFROST [db7cb8c9]
[2025-10-05 17:40:07 | Room 1] Player 1 joined room 1 and is now identified as Gasmoxian [b04acb98]
[2025-10-05 17:40:07 | Room 1] Player 3 joined room 1 and is now identified as Patoxoop [886d4fba]
[2025-10-05 17:40:07 | Room 1] Player 0 joined room 1 and is now identified as Pepsimntr [72820ab6]
[2025-10-05 17:40:07 | Room 1] Player 4 joined room 1 and is now identified as NBogos [b3100f1f]
[2025-10-05 17:40:17 | Room 1] Track #16 and 5 laps were selected
ban orb/clock 1
ban orb/clock 1
ban orb/clock 0
ban orb/clock 0
ban orb/clock 1
ban orb/clock 0
Required players finished!
Race ends in 30 seconds
[2025-10-05 17:44:35 | Room 1] Countdown to finish started, resetting room soon
[2025-10-05 17:44:40 | Room 1] Player Pepsimntr (0) disconnected from room
All players finished
Restarting in 3 seconds
[2025-10-05 17:44:48 | Room 1] Room has been reset
[2025-10-05 17:44:49 | Room 1] Player 2 joined room 1 and is now identified as ANFROST [db7cb8c9]
[2025-10-05 17:44:49 | Room 1] Player 1 joined room 1 and is now identified as Gasmoxian [b04acb98]
[2025-10-05 17:44:49 | Room 1] Player 3 joined room 1 and is now identified as Patoxoop [886d4fba]
[2025-10-05 17:44:49 | Room 1] Player 4 joined room 1 and is now identified as NBogos [b3100f1f]
[2025-10-05 17:44:53 | Room 1] Player Gasmoxian (1) disconnected from room
[2025-10-05 17:44:59 | Room 1] Player ANFROST (2) disconnected from room
[2025-10-05 17:45:00 | Room 1] Player 0 joined room 1 and is now identified as Gasmoxian [b04acb98]
[2025-10-05 17:45:01 | Room 1] Player 1 joined room 1 and is now identified as ANFROST [db7cb8c9]
[2025-10-05 17:45:16 | Room 1] Track #15 and 3 laps were selected
[2025-10-05 17:45:16 | Room 1] Player Gasmoxian (0) disconnected from room
Required players finished!
Race ends in 30 seconds
[2025-10-05 17:48:54 | Room 1] Countdown to finish started, resetting room soon
All players finished
Restarting in 3 seconds
[2025-10-05 17:49:13 | Room 1] Room has been reset
[2025-10-05 17:49:14 | Room 1] Player 1 joined room 1 and is now identified as ANFROST [db7cb8c9]
[2025-10-05 17:49:14 | Room 1] Player 3 joined room 1 and is now identified as Patoxoop [886d4fba]
[2025-10-05 17:49:14 | Room 1] Player 4 joined room 1 and is now identified as NBogos [b3100f1f]
[2025-10-05 17:49:21 | Room 1] Player ANFROST (1) disconnected from room
[2025-10-05 17:49:24 | Room 1] Player NBogos (4) disconnected from room
[2025-10-05 17:49:25 | Room 1] Player 0 joined room 1 and is now identified as ANFROST [db7cb8c9]
[2025-10-05 17:49:29 | Room 1] Player Patoxoop (3) disconnected from room
[2025-10-05 17:49:45 | Room 1] Player ANFROST (0) disconnected from room
[2025-10-05 17:49:45 | Room 1] Room has been killed as no players are left
[2025-10-05 17:50:39 | Room 1] Player 0 joined room 1 and is now identified as NBogos [b3100f1f]
[2025-10-05 17:50:59 | Room 1] Track #2 and 5 laps were selected
[2025-10-05 17:51:57 | Room 1] Player NBogos (0) disconnected from room
[2025-10-05 17:51:57 | Room 1] Room has been killed as no players are left
[2025-10-05 19:07:48 | Room 1] Player 0 joined room 1 and is now identified as AcidCat92 [eded6518]
[2025-10-05 19:07:57 | Room 1] Player AcidCat92 (0) disconnected from room
[2025-10-05 19:07:57 | Room 1] Room has been killed as no players are left
[2025-10-05 19:08:16 | Room 1] Player 0 joined room 1 and is now identified as AcidCat92 [eded6518]
[2025-10-05 19:08:45 | Room 1] Track #14 and 15 laps were selected
[2025-10-05 19:10:40 | Room 1] Player AcidCat92 (0) disconnected from room
[2025-10-05 19:10:40 | Room 1] Room has been killed as no players are left
[2025-10-05 20:15:10 | Room 1] Player 0 joined room 1 and is now identified as Gutofas [112956c8]
[2025-10-05 20:15:11 | Room 1] Player Gutofas (0) disconnected from room
[2025-10-05 20:15:11 | Room 1] Room has been killed as no players are left
[2025-10-06 05:57:06 | Room 1] Player 0 joined room 1 and is now identified as RareBear [aba47044]
[2025-10-06 05:57:08 | Room 1] Track #0 and 1 laps were selected
[2025-10-06 05:57:13 | Room 2] Player 0 joined room 2 and is now identified as Mabe [9b9afa26]
[2025-10-06 05:57:14 | Room 2] Track #0 and 1 laps were selected
[2025-10-06 05:57:25 | Room 1] Player RareBear (0) disconnected from room
[2025-10-06 05:57:25 | Room 1] Room has been killed as no players are left
[2025-10-06 05:57:26 | Room 2] Player Mabe (0) disconnected from room
[2025-10-06 05:57:26 | Room 2] Room has been killed as no players are left
[2025-10-06 05:57:50 | Room 1] Player 0 joined room 1 and is now identified as Mabe [9b9afa26]
[2025-10-06 05:58:10 | Room 1] Player 1 joined room 1 and is now identified as RareBear [aba47044]
[2025-10-06 05:59:00 | Room 1] Track #3 and 1 laps were selected
Required players finished!
Race ends in 30 seconds
[2025-10-06 06:00:25 | Room 1] Countdown to finish started, resetting room soon
All players finished
Restarting in 3 seconds
[2025-10-06 06:00:28 | Room 1] Room has been reset
[2025-10-06 06:00:29 | Room 1] Player 1 joined room 1 and is now identified as RareBear [aba47044]
[2025-10-06 06:00:29 | Room 1] Player 0 joined room 1 and is now identified as Mabe [9b9afa26]
[2025-10-06 06:00:33 | Room 1] Track #0 and 5 laps were selected
Required players finished!
Race ends in 30 seconds
[2025-10-06 06:03:42 | Room 1] Countdown to finish started, resetting room soon
All players finished
Restarting in 3 seconds
[2025-10-06 06:03:52 | Room 1] Room has been reset
[2025-10-06 06:03:53 | Room 1] Player 1 joined room 1 and is now identified as RareBear [aba47044]
[2025-10-06 06:03:53 | Room 1] Player 0 joined room 1 and is now identified as Mabe [9b9afa26]
[2025-10-06 06:04:08 | Room 1] Track #11 and 7 laps were selected
Required players finished!
Race ends in 30 seconds
[2025-10-06 06:11:06 | Room 1] Countdown to finish started, resetting room soon
All players finished
Restarting in 3 seconds
[2025-10-06 06:11:15 | Room 1] Room has been reset
[2025-10-06 06:11:16 | Room 1] Player 1 joined room 1 and is now identified as RareBear [aba47044]
[2025-10-06 06:11:16 | Room 1] Player 0 joined room 1 and is now identified as Mabe [9b9afa26]
[2025-10-06 06:11:25 | Room 1] Track #5 and 5 laps were selected
Required players finished!
Race ends in 30 seconds
[2025-10-06 06:15:13 | Room 1] Countdown to finish started, resetting room soon
All players finished
Restarting in 3 seconds
[2025-10-06 06:15:19 | Room 1] Room has been reset
[2025-10-06 06:15:20 | Room 1] Player 1 joined room 1 and is now identified as RareBear [aba47044]
[2025-10-06 06:15:20 | Room 1] Player 0 joined room 1 and is now identified as Mabe [9b9afa26]
[2025-10-06 06:15:31 | Room 1] Track #2 and 5 laps were selected
Required players finished!
Race ends in 30 seconds
[2025-10-06 06:18:35 | Room 1] Countdown to finish started, resetting room soon
All players finished
Restarting in 3 seconds
[2025-10-06 06:18:39 | Room 1] Room has been reset
[2025-10-06 06:18:40 | Room 1] Player 1 joined room 1 and is now identified as RareBear [aba47044]
[2025-10-06 06:18:40 | Room 1] Player 0 joined room 1 and is now identified as Mabe [9b9afa26]
[2025-10-06 06:18:50 | Room 1] Track #10 and 5 laps were selected
Required players finished!
Race ends in 30 seconds
[2025-10-06 06:23:43 | Room 1] Countdown to finish started, resetting room soon
[2025-10-06 06:24:12 | Room 1] Room has been reset
[2025-10-06 06:24:13 | Room 1] Player 1 joined room 1 and is now identified as RareBear [aba47044]
[2025-10-06 06:24:13 | Room 1] Player 0 joined room 1 and is now identified as Mabe [9b9afa26]
[2025-10-06 06:24:24 | Room 1] Track #6 and 5 laps were selected
Required players finished!
Race ends in 30 seconds
[2025-10-06 06:27:12 | Room 1] Countdown to finish started, resetting room soon
All players finished
Restarting in 3 seconds
[2025-10-06 06:27:16 | Room 1] Room has been reset
[2025-10-06 06:27:17 | Room 1] Player 1 joined room 1 and is now identified as RareBear [aba47044]
[2025-10-06 06:27:17 | Room 1] Player 0 joined room 1 and is now identified as Mabe [9b9afa26]
[2025-10-06 06:27:27 | Room 1] Track #9 and 5 laps were selected
Required players finished!
Race ends in 30 seconds
[2025-10-06 06:31:29 | Room 1] Countdown to finish started, resetting room soon
All players finished
Restarting in 3 seconds
[2025-10-06 06:31:51 | Room 1] Room has been reset
[2025-10-06 06:31:52 | Room 1] Player 1 joined room 1 and is now identified as RareBear [aba47044]
[2025-10-06 06:31:52 | Room 1] Player 0 joined room 1 and is now identified as Mabe [9b9afa26]
[2025-10-06 06:31:59 | Room 1] Track #6 and 5 laps were selected
Required players finished!
Race ends in 30 seconds
[2025-10-06 06:34:49 | Room 1] Countdown to finish started, resetting room soon
All players finished
Restarting in 3 seconds
[2025-10-06 06:34:55 | Room 1] Room has been reset
[2025-10-06 06:34:56 | Room 1] Player 1 joined room 1 and is now identified as RareBear [aba47044]
[2025-10-06 06:34:56 | Room 1] Player 0 joined room 1 and is now identified as Mabe [9b9afa26]
[2025-10-06 06:35:07 | Room 1] Track #17 and 5 laps were selected
Required players finished!
Race ends in 30 seconds
[2025-10-06 06:38:37 | Room 1] Countdown to finish started, resetting room soon
[2025-10-06 06:39:06 | Room 1] Room has been reset
[2025-10-06 06:39:07 | Room 1] Player 1 joined room 1 and is now identified as RareBear [aba47044]
[2025-10-06 06:39:07 | Room 1] Player 0 joined room 1 and is now identified as Mabe [9b9afa26]
[2025-10-06 06:39:41 | Room 1] Player RareBear (1) disconnected from room
[2025-10-06 06:39:42 | Room 1] Player Mabe (0) disconnected from room
[2025-10-06 06:39:42 | Room 1] Room has been killed as no players are left
[2025-10-06 09:49:22 | Room 1] Player 0 joined room 1 and is now identified as Aki [85b67a25]
[2025-10-06 09:49:34 | Room 1] Track #3 and 5 laps were selected
[2025-10-06 09:49:38 | Room 1] Player Aki (0) disconnected from room
[2025-10-06 09:49:38 | Room 1] Room has been killed as no players are left
[2025-10-06 09:49:43 | Room 1] Player 0 joined room 1 and is now identified as Aki [85b67a25]
[2025-10-06 09:49:52 | Room 1] Track #3 and 3 laps were selected
[2025-10-06 09:50:52 | Room 1] Player Aki (0) disconnected from room
[2025-10-06 09:50:52 | Room 1] Room has been killed as no players are left
[2025-10-06 13:11:59 | Room 1] Player 0 joined room 1 and is now identified as FCO64 [bc59fbbc]
[2025-10-06 13:12:02 | Room 1] Track #0 and 1 laps were selected
[2025-10-06 13:12:32 | Room 1] Player FCO64 (0) disconnected from room
[2025-10-06 13:12:32 | Room 1] Room has been killed as no players are left
[2025-10-06 13:12:49 | Room 2] Player 0 joined room 2 and is now identified as FCO64 [bc59fbbc]
[2025-10-06 13:12:54 | Room 2] Track #0 and 1 laps were selected
[2025-10-06 13:13:01 | Room 2] Player FCO64 (0) disconnected from room
[2025-10-06 13:13:01 | Room 2] Room has been killed as no players are left
[2025-10-06 13:16:40 | Room 1] Player 0 joined room 1 and is now identified as Lockheart [e217ab49]
[2025-10-06 13:17:08 | Room 1] Track #3 and 1 laps were selected
All players finished
Restarting in 6 seconds
1 player race detected, finishing
[2025-10-06 13:18:00 | Room 1] Countdown to finish started, resetting room soon
[2025-10-06 13:18:05 | Room 1] Room has been reset
[2025-10-06 13:18:06 | Room 1] Player 0 joined room 1 and is now identified as Lockheart [e217ab49]
[2025-10-06 13:18:42 | Room 1] Track #17 and 3 laps were selected
[2025-10-06 13:20:29 | Room 2] Player 0 joined room 2 and is now identified as FCO64 [bc59fbbc]
[2025-10-06 13:20:30 | Room 2] Player FCO64 (0) disconnected from room
[2025-10-06 13:20:30 | Room 2] Room has been killed as no players are left
All players finished
Restarting in 6 seconds
1 player race detected, finishing
[2025-10-06 13:20:59 | Room 1] Countdown to finish started, resetting room soon
[2025-10-06 13:21:04 | Room 1] Room has been reset
[2025-10-06 13:21:05 | Room 1] Player 0 joined room 1 and is now identified as Lockheart [e217ab49]
[2025-10-06 13:21:05 | Room 1] Player 1 joined room 1 and is now identified as FCO64 [bc59fbbc]
[2025-10-06 13:21:15 | Room 1] Player FCO64 (1) disconnected from room
[2025-10-06 13:21:26 | Room 1] Player Lockheart (0) disconnected from room
[2025-10-06 13:21:26 | Room 1] Room has been killed as no players are left
[2025-10-06 13:21:27 | Room 1] Player 0 joined room 1 and is now identified as FCO64 [bc59fbbc]
[2025-10-06 13:21:39 | Room 1] Track #3 and 3 laps were selected
[2025-10-06 13:22:57 | Room 2] Player 0 joined room 2 and is now identified as Lockheart [e217ab49]
[2025-10-06 13:23:26 | Room 2] Track #4 and 3 laps were selected
All players finished
Restarting in 6 seconds
1 player race detected, finishing
[2025-10-06 13:23:37 | Room 1] Countdown to finish started, resetting room soon
[2025-10-06 13:23:42 | Room 1] Room has been reset
[2025-10-06 13:23:43 | Room 1] Player 0 joined room 1 and is now identified as FCO64 [bc59fbbc]
[2025-10-06 13:23:56 | Room 1] Track #6 and 3 laps were selected
[2025-10-06 13:25:11 | Room 2] Player Lockheart (0) disconnected from room
[2025-10-06 13:25:11 | Room 2] Room has been killed as no players are left
[2025-10-06 13:25:28 | Room 2] Player 0 joined room 2 and is now identified as Lockheart [e217ab49]
[2025-10-06 13:25:46 | Room 2] Player Lockheart (0) disconnected from room
[2025-10-06 13:25:46 | Room 2] Room has been killed as no players are left
All players finished
Restarting in 6 seconds
1 player race detected, finishing
[2025-10-06 13:25:50 | Room 1] Countdown to finish started, resetting room soon
[2025-10-06 13:25:55 | Room 2] Player 0 joined room 2 and is now identified as Lockheart [e217ab49]
[2025-10-06 13:25:55 | Room 1] Room has been reset
[2025-10-06 13:25:56 | Room 1] Player 0 joined room 1 and is now identified as FCO64 [bc59fbbc]
[2025-10-06 13:26:06 | Room 2] Track #6 and 3 laps were selected
All players finished
Restarting in 6 seconds
1 player race detected, finishing
[2025-10-06 13:27:43 | Room 2] Countdown to finish started, resetting room soon
[2025-10-06 13:27:48 | Room 2] Room has been reset
[2025-10-06 13:27:52 | Room 2] Player Lockheart (0) disconnected from room
[2025-10-06 13:27:52 | Room 2] Room has been killed as no players are left
[2025-10-06 13:28:47 | Room 1] Player FCO64 (0) disconnected from room
[2025-10-06 13:28:47 | Room 1] Room has been killed as no players are left
[2025-10-06 13:30:51 | Room 1] Player 0 joined room 1 and is now identified as FCO64 [bc59fbbc]
[2025-10-06 13:31:22 | Room 1] Track #5 and 5 laps were selected
[2025-10-06 13:33:21 | Room 1] Player FCO64 (0) disconnected from room
[2025-10-06 13:33:21 | Room 1] Room has been killed as no players are left
[2025-10-06 13:34:30 | Room 1] Player 0 joined room 1 and is now identified as FCO64 [bc59fbbc]
[2025-10-06 13:34:33 | Room 1] Track #0 and 5 laps were selected
All players finished
Restarting in 6 seconds
1 player race detected, finishing
[2025-10-06 13:37:47 | Room 1] Countdown to finish started, resetting room soon
[2025-10-06 13:37:52 | Room 1] Room has been reset
[2025-10-06 13:37:53 | Room 1] Player 0 joined room 1 and is now identified as FCO64 [bc59fbbc]
[2025-10-06 13:37:55 | Room 1] Player FCO64 (0) disconnected from room
[2025-10-06 13:37:55 | Room 1] Room has been killed as no players are left
[2025-10-06 13:41:11 | Room 1] Player 0 joined room 1 and is now identified as Gasmoxian [b04acb98]
[2025-10-06 13:49:10 | Room 2] Player 0 joined room 2 and is now identified as Lockheart [e217ab49]
[2025-10-06 13:49:13 | Room 2] Track #0 and 1 laps were selected
[2025-10-06 13:49:29 | Room 2] Player Lockheart (0) disconnected from room
[2025-10-06 13:49:29 | Room 2] Room has been killed as no players are left
[2025-10-06 13:52:03 | Room 1] Player 1 joined room 1 and is now identified as Lockheart [e217ab49]
[2025-10-06 13:53:22 | Room 1] Player Lockheart (1) disconnected from room
[2025-10-06 13:58:32 | Room 1] Player 1 joined room 1 and is now identified as FCO64 [bc59fbbc]
[2025-10-06 14:00:44 | Room 1] Player FCO64 (1) disconnected from room
[2025-10-06 14:00:47 | Room 1] Player 1 joined room 1 and is now identified as FCO64 [bc59fbbc]
[2025-10-06 14:03:14 | Room 1] Player FCO64 (1) disconnected from room
[2025-10-06 14:03:41 | Room 1] Player 1 joined room 1 and is now identified as Teme [1d717356]
[2025-10-06 14:03:43 | Room 1] Player Teme (1) disconnected from room
[2025-10-06 14:04:23 | Room 1] Player 1 joined room 1 and is now identified as Teme [1d717356]
[2025-10-06 14:04:23 | Room 1] Player Teme (1) disconnected from room
[2025-10-06 14:05:04 | Room 1] Player 1 joined room 1 and is now identified as Teme [1d717356]
[2025-10-06 14:05:05 | Room 1] Player Teme (1) disconnected from room
[2025-10-06 15:04:54 | Room 1] Player Gasmoxian (0) disconnected from room
[2025-10-06 15:04:54 | Room 1] Room has been killed as no players are left
[2025-10-06 15:04:57 | Room 1] Player 0 joined room 1 and is now identified as Gasmoxian [b04acb98]
[2025-10-06 15:05:03 | Room 1] Track #2 and 3 laps were selected
All players finished
Restarting in 6 seconds
1 player race detected, finishing
[2025-10-06 15:06:49 | Room 1] Countdown to finish started, resetting room soon
[2025-10-06 15:06:54 | Room 1] Room has been reset
[2025-10-06 15:06:55 | Room 1] Player 0 joined room 1 and is now identified as Gasmoxian [b04acb98]
[2025-10-06 15:07:50 | Room 1] Track #0 and 3 laps were selected
All players finished
Restarting in 6 seconds
1 player race detected, finishing
[2025-10-06 15:10:02 | Room 1] Countdown to finish started, resetting room soon
[2025-10-06 15:10:07 | Room 1] Room has been reset
[2025-10-06 15:10:08 | Room 1] Player 0 joined room 1 and is now identified as Gasmoxian [b04acb98]
[2025-10-06 15:10:21 | Room 1] Track #14 and 7 laps were selected
[2025-10-06 15:10:41 | Room 1] Player Gasmoxian (0) disconnected from room
[2025-10-06 15:10:41 | Room 1] Room has been killed as no players are left
[2025-10-06 15:10:47 | Room 1] Player 0 joined room 1 and is now identified as Gasmoxian [b04acb98]
[2025-10-06 15:11:01 | Room 1] Track #14 and 7 laps were selected
All players finished
Restarting in 6 seconds
1 player race detected, finishing
[2025-10-06 15:14:10 | Room 1] Countdown to finish started, resetting room soon
[2025-10-06 15:14:15 | Room 1] Room has been reset
[2025-10-06 15:14:16 | Room 1] Player 0 joined room 1 and is now identified as Gasmoxian [b04acb98]
[2025-10-06 15:16:45 | Room 1] Player Gasmoxian (0) disconnected from room
[2025-10-06 15:16:45 | Room 1] Room has been killed as no players are left
[2025-10-06 15:23:33 | Room 1] Player 0 joined room 1 and is now identified as Gasmoxian [b04acb98]
[2025-10-06 15:23:56 | Room 1] Track #4 and 7 laps were selected
All players finished
Restarting in 6 seconds
1 player race detected, finishing
[2025-10-06 15:27:13 | Room 1] Countdown to finish started, resetting room soon
[2025-10-06 15:27:18 | Room 1] Room has been reset
[2025-10-06 15:27:19 | Room 1] Player 0 joined room 1 and is now identified as Gasmoxian [b04acb98]
[2025-10-06 15:27:31 | Room 1] Track #12 and 7 laps were selected
All players finished
Restarting in 6 seconds
1 player race detected, finishing
[2025-10-06 15:34:14 | Room 1] Countdown to finish started, resetting room soon
[2025-10-06 15:34:19 | Room 1] Room has been reset
[2025-10-06 15:34:20 | Room 1] Player 0 joined room 1 and is now identified as Gasmoxian [b04acb98]
[2025-10-06 15:34:22 | Room 1] Player Gasmoxian (0) disconnected from room
[2025-10-06 15:34:22 | Room 1] Room has been killed as no players are left
[2025-10-06 15:34:31 | Room 1] Player 0 joined room 1 and is now identified as Gasmoxian [b04acb98]
[2025-10-06 15:34:52 | Room 1] Track #3 and 7 laps were selected
All players finished
Restarting in 6 seconds
1 player race detected, finishing
[2025-10-06 15:37:52 | Room 1] Countdown to finish started, resetting room soon
[2025-10-06 15:37:57 | Room 1] Room has been reset
[2025-10-06 15:37:58 | Room 1] Player 0 joined room 1 and is now identified as Gasmoxian [b04acb98]
[2025-10-06 15:38:58 | Room 1] Track #17 and 7 laps were selected
All players finished
Restarting in 6 seconds
1 player race detected, finishing
[2025-10-06 15:42:48 | Room 1] Countdown to finish started, resetting room soon
[2025-10-06 15:42:53 | Room 1] Room has been reset
[2025-10-06 15:42:54 | Room 1] Player 0 joined room 1 and is now identified as Gasmoxian [b04acb98]
[2025-10-06 15:43:37 | Room 1] Track #9 and 7 laps were selected
All players finished
Restarting in 6 seconds
1 player race detected, finishing
[2025-10-06 15:48:06 | Room 1] Countdown to finish started, resetting room soon
[2025-10-06 15:48:11 | Room 1] Room has been reset
[2025-10-06 15:48:12 | Room 1] Player 0 joined room 1 and is now identified as Gasmoxian [b04acb98]
[2025-10-06 15:48:44 | Room 1] Track #7 and 7 laps were selected
All players finished
Restarting in 6 seconds
1 player race detected, finishing
[2025-10-06 15:54:57 | Room 1] Countdown to finish started, resetting room soon
[2025-10-06 15:55:02 | Room 1] Room has been reset
[2025-10-06 15:55:03 | Room 1] Player 0 joined room 1 and is now identified as Gasmoxian [b04acb98]
[2025-10-06 15:55:03 | Room 1] Player 1 joined room 1 and is now identified as NOS [68c1a71f]
[2025-10-06 15:55:26 | Room 1] Track #6 and 3 laps were selected
ban orb/clock 1
Required players finished!
Race ends in 30 seconds
[2025-10-06 15:57:15 | Room 1] Countdown to finish started, resetting room soon
All players finished
Restarting in 3 seconds
[2025-10-06 15:57:18 | Room 1] Room has been reset
[2025-10-06 15:57:19 | Room 1] Player 0 joined room 1 and is now identified as Gasmoxian [b04acb98]
[2025-10-06 15:57:19 | Room 1] Player 1 joined room 1 and is now identified as NOS [68c1a71f]
[2025-10-06 15:57:37 | Room 1] Track #8 and 3 laps were selected
[2025-10-06 15:59:07 | Room 1] Player NOS (1) disconnected from room
All players finished
Restarting in 6 seconds
1 player race detected, finishing
[2025-10-06 16:00:05 | Room 1] Countdown to finish started, resetting room soon
[2025-10-06 16:00:10 | Room 1] Room has been reset
[2025-10-06 16:00:11 | Room 1] Player 0 joined room 1 and is now identified as Gasmoxian [b04acb98]
[2025-10-06 16:00:28 | Room 1] Track #2 and 7 laps were selected
All players finished
Restarting in 6 seconds
1 player race detected, finishing
[2025-10-06 16:04:14 | Room 1] Countdown to finish started, resetting room soon
[2025-10-06 16:04:19 | Room 1] Room has been reset
[2025-10-06 16:04:20 | Room 1] Player 0 joined room 1 and is now identified as Gasmoxian [b04acb98]
[2025-10-06 16:04:37 | Room 1] Track #15 and 7 laps were selected
All players finished
Restarting in 6 seconds
1 player race detected, finishing
[2025-10-06 16:14:10 | Room 1] Countdown to finish started, resetting room soon
[2025-10-06 16:14:15 | Room 1] Room has been reset
[2025-10-06 16:14:16 | Room 1] Player 0 joined room 1 and is now identified as Gasmoxian [b04acb98]
[2025-10-06 16:14:23 | Room 1] Player Gasmoxian (0) disconnected from room
[2025-10-06 16:14:23 | Room 1] Room has been killed as no players are left
[2025-10-06 18:58:44 | Room 1] Player 0 joined room 1 and is now identified as Lockheart [e217ab49]
[2025-10-06 18:59:04 | Room 1] Track #7 and 31 laps were selected
[2025-10-06 19:02:39 | Room 1] Player Lockheart (0) disconnected from room
[2025-10-06 19:02:39 | Room 1] Room has been killed as no players are left
[2025-10-06 19:02:59 | Room 1] Player 0 joined room 1 and is now identified as Lockheart [e217ab49]
[2025-10-06 19:03:09 | Room 1] Track #5 and 31 laps were selected
[2025-10-06 19:03:37 | Room 1] Player Lockheart (0) disconnected from room
[2025-10-06 19:03:37 | Room 1] Room has been killed as no players are left
[2025-10-06 19:03:43 | Room 1] Player 0 joined room 1 and is now identified as Lockheart [e217ab49]
[2025-10-06 19:04:13 | Room 1] Track #5 and 31 laps were selected
[2025-10-06 19:06:14 | Room 1] Player Lockheart (0) disconnected from room
[2025-10-06 19:06:14 | Room 1] Room has been killed as no players are left
[2025-10-06 19:06:23 | Room 1] Player 0 joined room 1 and is now identified as Lockheart [e217ab49]
[2025-10-06 19:06:30 | Room 1] Track #13 and 29 laps were selected
[2025-10-06 19:07:17 | Room 1] Player Lockheart (0) disconnected from room
[2025-10-06 19:07:17 | Room 1] Room has been killed as no players are left
[2025-10-06 22:55:09 | Room 1] Player 0 joined room 1 and is now identified as Gasmoxian [1a54262f]
[2025-10-06 22:55:20 | Room 1] Player Gasmoxian (0) disconnected from room
[2025-10-06 22:55:20 | Room 1] Room has been killed as no players are left
[2025-10-06 23:06:01 | Room 8] Player 0 joined room 8 and is now identified as Beews [1a54262f]
[2025-10-06 23:06:28 | Room 8] Player Beews (0) disconnected from room
[2025-10-06 23:06:28 | Room 8] Room has been killed as no players are left
[2025-10-06 23:08:19 | Room 7] Player 0 joined room 7 and is now identified as Beews [1a54262f]
[2025-10-06 23:09:32 | Room 7] Track #0 and 1 laps were selected
[2025-10-06 23:10:31 | Room 7] Player Beews (0) disconnected from room
[2025-10-06 23:10:31 | Room 7] Room has been killed as no players are left
[2025-10-06 23:17:50 | Room 1] Player 0 joined room 1 and is now identified as Beews [1a54262f]
[2025-10-06 23:30:17 | Room 1] Track #0 and 7 laps were selected
[2025-10-06 23:30:54 | Room 1] Player Beews (0) disconnected from room
[2025-10-06 23:30:54 | Room 1] Room has been killed as no players are left
[2025-10-06 23:30:58 | Room 1] Player 0 joined room 1 and is now identified as Beews [1a54262f]
[2025-10-06 23:31:10 | Room 1] Track #0 and 7 laps were selected
[2025-10-06 23:32:04 | Room 1] Player Beews (0) disconnected from room
[2025-10-06 23:32:04 | Room 1] Room has been killed as no players are left
[2025-10-06 23:32:26 | Room 1] Player 0 joined room 1 and is now identified as Beews [1a54262f]
[2025-10-06 23:32:36 | Room 1] Track #2 and 7 laps were selected
[2025-10-06 23:32:40 | Room 1] Player Beews (0) disconnected from room
[2025-10-06 23:32:40 | Room 1] Room has been killed as no players are left
[2025-10-06 23:32:51 | Room 1] Player 0 joined room 1 and is now identified as Beews [1a54262f]
[2025-10-06 23:32:59 | Room 1] Track #0 and 7 laps were selected
[2025-10-06 23:33:03 | Room 1] Player Beews (0) disconnected from room
[2025-10-06 23:33:03 | Room 1] Room has been killed as no players are left
[2025-10-06 23:39:07 | Room 1] Player 0 joined room 1 and is now identified as Beews [1a54262f]
[2025-10-06 23:39:27 | Room 1] Track #0 and 7 laps were selected
[2025-10-06 23:39:56 | Room 1] Player Beews (0) disconnected from room
[2025-10-06 23:39:56 | Room 1] Room has been killed as no players are left
[2025-10-06 23:44:01 | Room 9] Player 0 joined room 9 and is now identified as Beews [1a54262f]
[2025-10-06 23:44:10 | Room 9] Player Beews (0) disconnected from room
[2025-10-06 23:44:10 | Room 9] Room has been killed as no players are left
[2025-10-06 23:44:43 | Room 1] Player 0 joined room 1 and is now identified as Beews [1a54262f]
[2025-10-06 23:44:47 | Room 1] Track #0 and 7 laps were selected
[2025-10-06 23:45:49 | Room 1] Player Beews (0) disconnected from room
[2025-10-06 23:45:49 | Room 1] Room has been killed as no players are left
[2025-10-07 02:12:15 | Room 1] Player 0 joined room 1 and is now identified as Lockheart [e217ab49]
[2025-10-07 02:12:24 | Room 1] Track #13 and 3 laps were selected
[2025-10-07 02:14:31 | Room 1] Player Lockheart (0) disconnected from room
[2025-10-07 02:14:31 | Room 1] Room has been killed as no players are left
[2025-10-07 02:14:37 | Room 1] Player 0 joined room 1 and is now identified as Lockheart [e217ab49]
[2025-10-07 02:14:46 | Room 1] Track #12 and 3 laps were selected
[2025-10-07 02:18:08 | Room 1] Player Lockheart (0) disconnected from room
[2025-10-07 02:18:08 | Room 1] Room has been killed as no players are left
[2025-10-07 03:12:36 | Room 1] Player 0 joined room 1 and is now identified as tax_evasion [3114bf61]
[2025-10-07 03:13:04 | Room 1] Track #3 and 15 laps were selected
[2025-10-07 03:14:16 | Room 1] Player tax_evasion (0) disconnected from room
[2025-10-07 03:14:16 | Room 1] Room has been killed as no players are left
[2025-10-07 03:20:24 | Room 1] Player 0 joined room 1 and is now identified as D0ng [855796ba]
[2025-10-07 03:20:32 | Room 1] Track #6 and 3 laps were selected
All players finished
Restarting in 6 seconds
1 player race detected, finishing
[2025-10-07 03:22:06 | Room 1] Countdown to finish started, resetting room soon
[2025-10-07 03:22:11 | Room 1] Room has been reset
[2025-10-07 03:22:12 | Room 1] Player 0 joined room 1 and is now identified as D0ng [855796ba]
[2025-10-07 03:22:40 | Room 1] Track #11 and 5 laps were selected
[2025-10-07 03:25:22 | Room 1] Player D0ng (0) disconnected from room
[2025-10-07 03:25:22 | Room 1] Room has been killed as no players are left
[2025-10-07 03:42:26 | Room 1] Player 0 joined room 1 and is now identified as tax_evasion [3114bf61]
[2025-10-07 03:42:28 | Room 1] Player tax_evasion (0) disconnected from room
[2025-10-07 03:42:28 | Room 1] Room has been killed as no players are left
[2025-10-07 03:42:40 | Room 1] Player 0 joined room 1 and is now identified as tax_evasion [3114bf61]
[2025-10-07 03:43:01 | Room 1] Track #16 and 3 laps were selected
[2025-10-07 03:45:40 | Room 1] Player tax_evasion (0) disconnected from room
[2025-10-07 03:45:40 | Room 1] Room has been killed as no players are left
[2025-10-07 08:42:08 | Room 1] Player 0 joined room 1 and is now identified as Daemon [5e91552d]
[2025-10-07 08:42:45 | Room 1] Track #11 and 3 laps were selected
[2025-10-07 08:44:26 | Room 1] Player Daemon (0) disconnected from room
[2025-10-07 08:44:26 | Room 1] Room has been killed as no players are left
[2025-10-07 08:44:38 | Room 1] Player 0 joined room 1 and is now identified as Daemon [5e91552d]
[2025-10-07 08:46:41 | Room 1] Track #11 and 3 laps were selected
[2025-10-07 08:47:24 | Room 1] Player Daemon (0) disconnected from room
[2025-10-07 08:47:24 | Room 1] Room has been killed as no players are left
[2025-10-07 08:50:15 | Room 1] Player 0 joined room 1 and is now identified as Devilake [981dc451]
[2025-10-07 08:50:25 | Room 1] Track #9 and 3 laps were selected
[2025-10-07 08:50:52 | Room 2] Player 0 joined room 2 and is now identified as Daemon [5e91552d]
[2025-10-07 08:51:03 | Room 2] Player Daemon (0) disconnected from room
[2025-10-07 08:51:03 | Room 2] Room has been killed as no players are left
All players finished
Restarting in 6 seconds
1 player race detected, finishing
[2025-10-07 08:52:27 | Room 1] Countdown to finish started, resetting room soon
[2025-10-07 08:52:32 | Room 1] Room has been reset
[2025-10-07 08:52:33 | Room 1] Player 0 joined room 1 and is now identified as Devilake [981dc451]
[2025-10-07 08:52:36 | Room 1] Player 1 joined room 1 and is now identified as Daemon [5e91552d]
[2025-10-07 08:52:39 | Room 1] Track #14 and 3 laps were selected
[2025-10-07 08:53:11 | Room 1] Player Daemon (1) disconnected from room
[2025-10-07 08:53:23 | Room 2] Player 0 joined room 2 and is now identified as Daemon [5e91552d]
[2025-10-07 08:53:40 | Room 2] Player Daemon (0) disconnected from room
[2025-10-07 08:53:40 | Room 2] Room has been killed as no players are left
[2025-10-07 08:53:46 | Room 2] Player 0 joined room 2 and is now identified as Daemon [5e91552d]
All players finished
Restarting in 6 seconds
1 player race detected, finishing
[2025-10-07 08:53:55 | Room 1] Countdown to finish started, resetting room soon
[2025-10-07 08:54:00 | Room 1] Room has been reset
[2025-10-07 08:54:01 | Room 1] Player 0 joined room 1 and is now identified as Devilake [981dc451]
[2025-10-07 08:54:20 | Room 1] Track #6 and 3 laps were selected
All players finished
Restarting in 6 seconds
1 player race detected, finishing
[2025-10-07 08:55:42 | Room 1] Countdown to finish started, resetting room soon
[2025-10-07 08:55:47 | Room 1] Room has been reset
[2025-10-07 08:55:48 | Room 1] Player 0 joined room 1 and is now identified as Devilake [981dc451]
[2025-10-07 08:56:03 | Room 1] Track #2 and 3 laps were selected
[2025-10-07 08:56:32 | Room 1] Player Devilake (0) disconnected from room
[2025-10-07 08:56:32 | Room 1] Room has been killed as no players are left
[2025-10-07 08:56:40 | Room 2] Player 1 joined room 2 and is now identified as Devilake [981dc451]
[2025-10-07 08:56:49 | Room 2] Track #11 and 3 laps were selected
[2025-10-07 08:58:00 | Room 2] Player Daemon (0) disconnected from room
All players finished
Restarting in 6 seconds
1 player race detected, finishing
[2025-10-07 08:59:44 | Room 2] Countdown to finish started, resetting room soon
[2025-10-07 08:59:49 | Room 2] Room has been reset
[2025-10-07 08:59:50 | Room 2] Player 1 joined room 2 and is now identified as Devilake [981dc451]
[2025-10-07 08:59:57 | Room 2] Player Devilake (1) disconnected from room
[2025-10-07 08:59:57 | Room 2] Room has been killed as no players are left
[2025-10-07 09:00:20 | Room 1] Player 0 joined room 1 and is now identified as Devilake [981dc451]
[2025-10-07 09:00:35 | Room 1] Track #8 and 3 laps were selected
All players finished
Restarting in 6 seconds
1 player race detected, finishing
[2025-10-07 09:02:46 | Room 1] Countdown to finish started, resetting room soon
[2025-10-07 09:02:51 | Room 1] Room has been reset
[2025-10-07 09:02:52 | Room 1] Player 0 joined room 1 and is now identified as Devilake [981dc451]
[2025-10-07 09:03:12 | Room 1] Track #12 and 3 laps were selected
All players finished
Restarting in 6 seconds
1 player race detected, finishing
[2025-10-07 09:05:51 | Room 1] Countdown to finish started, resetting room soon
[2025-10-07 09:05:56 | Room 1] Room has been reset
[2025-10-07 09:05:57 | Room 1] Player 0 joined room 1 and is now identified as Devilake [981dc451]
[2025-10-07 09:06:18 | Room 1] Track #3 and 3 laps were selected
All players finished
Restarting in 6 seconds
1 player race detected, finishing
[2025-10-07 09:07:43 | Room 1] Countdown to finish started, resetting room soon
[2025-10-07 09:07:48 | Room 1] Room has been reset
[2025-10-07 09:07:49 | Room 1] Player 0 joined room 1 and is now identified as Devilake [981dc451]
[2025-10-07 09:07:55 | Room 1] Track #4 and 3 laps were selected
All players finished
Restarting in 6 seconds
1 player race detected, finishing
[2025-10-07 09:09:40 | Room 1] Countdown to finish started, resetting room soon
[2025-10-07 09:09:45 | Room 1] Room has been reset
[2025-10-07 09:09:46 | Room 1] Player 0 joined room 1 and is now identified as Devilake [981dc451]
[2025-10-07 09:09:55 | Room 1] Track #7 and 3 laps were selected
All players finished
Restarting in 6 seconds
1 player race detected, finishing
[2025-10-07 09:12:57 | Room 1] Countdown to finish started, resetting room soon
[2025-10-07 09:13:02 | Room 1] Room has been reset
[2025-10-07 09:13:03 | Room 1] Player 0 joined room 1 and is now identified as Devilake [981dc451]
[2025-10-07 09:13:09 | Room 1] Track #9 and 3 laps were selected
All players finished
Restarting in 6 seconds
1 player race detected, finishing
[2025-10-07 09:15:17 | Room 1] Countdown to finish started, resetting room soon
[2025-10-07 09:15:22 | Room 1] Room has been reset
[2025-10-07 09:15:23 | Room 1] Player 0 joined room 1 and is now identified as Devilake [981dc451]
[2025-10-07 09:15:28 | Room 1] Track #9 and 3 laps were selected
All players finished
Restarting in 6 seconds
1 player race detected, finishing
[2025-10-07 09:17:27 | Room 1] Countdown to finish started, resetting room soon
[2025-10-07 09:17:32 | Room 1] Room has been reset
[2025-10-07 09:17:33 | Room 1] Player 0 joined room 1 and is now identified as Devilake [981dc451]
[2025-10-07 09:17:38 | Room 1] Track #9 and 3 laps were selected
All players finished
Restarting in 6 seconds
1 player race detected, finishing
[2025-10-07 09:19:36 | Room 1] Countdown to finish started, resetting room soon
[2025-10-07 09:19:41 | Room 1] Room has been reset
[2025-10-07 09:19:42 | Room 1] Player 0 joined room 1 and is now identified as Devilake [981dc451]
[2025-10-07 09:19:45 | Room 1] Track #0 and 3 laps were selected
All players finished
Restarting in 6 seconds
1 player race detected, finishing
[2025-10-07 09:21:22 | Room 1] Countdown to finish started, resetting room soon
[2025-10-07 09:21:27 | Room 1] Room has been reset
[2025-10-07 09:21:28 | Room 1] Player 0 joined room 1 and is now identified as Devilake [981dc451]
[2025-10-07 09:21:35 | Room 1] Track #9 and 3 laps were selected
All players finished
Restarting in 6 seconds
1 player race detected, finishing
[2025-10-07 09:23:24 | Room 1] Countdown to finish started, resetting room soon
[2025-10-07 09:23:29 | Room 1] Room has been reset
[2025-10-07 09:23:30 | Room 1] Player 0 joined room 1 and is now identified as Devilake [981dc451]
[2025-10-07 09:23:43 | Room 1] Track #12 and 3 laps were selected
[2025-10-07 09:24:33 | Room 1] Player Devilake (0) disconnected from room
[2025-10-07 09:24:33 | Room 1] Room has been killed as no players are left
[2025-10-07 09:24:39 | Room 1] Player 0 joined room 1 and is now identified as Devilake [981dc451]
[2025-10-07 09:25:00 | Room 1] Track #14 and 3 laps were selected
All players finished
Restarting in 6 seconds
1 player race detected, finishing
[2025-10-07 09:26:16 | Room 1] Countdown to finish started, resetting room soon
[2025-10-07 09:26:21 | Room 1] Room has been reset
[2025-10-07 09:26:22 | Room 1] Player 0 joined room 1 and is now identified as Devilake [981dc451]
[2025-10-07 09:26:30 | Room 1] Track #14 and 7 laps were selected
All players finished
Restarting in 6 seconds
1 player race detected, finishing
[2025-10-07 09:29:09 | Room 1] Countdown to finish started, resetting room soon
[2025-10-07 09:29:14 | Room 1] Room has been reset
[2025-10-07 09:29:15 | Room 1] Player 0 joined room 1 and is now identified as Devilake [981dc451]
[2025-10-07 09:29:28 | Room 1] Track #9 and 3 laps were selected
All players finished
Restarting in 6 seconds
1 player race detected, finishing
[2025-10-07 09:31:18 | Room 1] Countdown to finish started, resetting room soon
[2025-10-07 09:31:23 | Room 1] Room has been reset
[2025-10-07 09:31:24 | Room 1] Player 0 joined room 1 and is now identified as Devilake [981dc451]
[2025-10-07 09:31:50 | Room 1] Track #13 and 3 laps were selected
All players finished
Restarting in 6 seconds
1 player race detected, finishing
[2025-10-07 09:35:31 | Room 1] Countdown to finish started, resetting room soon
[2025-10-07 09:35:36 | Room 1] Room has been reset
[2025-10-07 09:35:37 | Room 1] Player 0 joined room 1 and is now identified as Devilake [981dc451]
[2025-10-07 09:35:54 | Room 1] Track #9 and 3 laps were selected
All players finished
Restarting in 6 seconds
1 player race detected, finishing
[2025-10-07 09:37:41 | Room 1] Countdown to finish started, resetting room soon
[2025-10-07 09:37:46 | Room 1] Room has been reset
[2025-10-07 09:37:47 | Room 1] Player 0 joined room 1 and is now identified as Devilake [981dc451]
[2025-10-07 09:37:59 | Room 1] Track #14 and 3 laps were selected
All players finished
Restarting in 6 seconds
1 player race detected, finishing
[2025-10-07 09:39:20 | Room 1] Countdown to finish started, resetting room soon
[2025-10-07 09:39:25 | Room 1] Room has been reset
[2025-10-07 09:39:26 | Room 1] Player 0 joined room 1 and is now identified as Devilake [981dc451]
[2025-10-07 09:39:30 | Room 1] Track #6 and 3 laps were selected
All players finished
Restarting in 6 seconds
1 player race detected, finishing
[2025-10-07 09:40:51 | Room 1] Countdown to finish started, resetting room soon
[2025-10-07 09:40:56 | Room 1] Room has been reset
[2025-10-07 09:40:57 | Room 1] Player 0 joined room 1 and is now identified as Devilake [981dc451]
[2025-10-07 09:41:15 | Room 1] Track #2 and 3 laps were selected
[2025-10-07 09:42:37 | Room 1] Player Devilake (0) disconnected from room
[2025-10-07 09:42:37 | Room 1] Room has been killed as no players are left
[2025-10-07 09:50:10 | Room 1] Player 0 joined room 1 and is now identified as Devilake [981dc451]
[2025-10-07 09:50:16 | Room 1] Track #11 and 1 laps were selected
All players finished
Restarting in 6 seconds
1 player race detected, finishing
[2025-10-07 09:51:14 | Room 1] Countdown to finish started, resetting room soon
[2025-10-07 09:51:19 | Room 1] Room has been reset
[2025-10-07 09:51:20 | Room 1] Player 0 joined room 1 and is now identified as Devilake [981dc451]
[2025-10-07 09:51:27 | Room 1] Track #6 and 3 laps were selected
All players finished
Restarting in 6 seconds
1 player race detected, finishing
[2025-10-07 09:52:48 | Room 1] Countdown to finish started, resetting room soon
[2025-10-07 09:52:53 | Room 1] Room has been reset
[2025-10-07 09:52:54 | Room 1] Player 0 joined room 1 and is now identified as Devilake [981dc451]
[2025-10-07 09:53:04 | Room 1] Track #9 and 3 laps were selected
All players finished
Restarting in 6 seconds
1 player race detected, finishing
[2025-10-07 09:55:03 | Room 1] Countdown to finish started, resetting room soon
[2025-10-07 09:55:08 | Room 1] Room has been reset
[2025-10-07 09:55:09 | Room 1] Player 0 joined room 1 and is now identified as Devilake [981dc451]
[2025-10-07 09:55:22 | Room 1] Track #9 and 1 laps were selected
All players finished
Restarting in 6 seconds
1 player race detected, finishing
[2025-10-07 09:56:06 | Room 1] Countdown to finish started, resetting room soon
[2025-10-07 09:56:11 | Room 1] Room has been reset
[2025-10-07 09:56:12 | Room 1] Player 0 joined room 1 and is now identified as Devilake [981dc451]
[2025-10-07 09:56:16 | Room 1] Track #9 and 3 laps were selected
All players finished
Restarting in 6 seconds
1 player race detected, finishing
[2025-10-07 09:58:06 | Room 1] Countdown to finish started, resetting room soon
[2025-10-07 09:58:11 | Room 1] Room has been reset
[2025-10-07 09:58:12 | Room 1] Player 0 joined room 1 and is now identified as Devilake [981dc451]
[2025-10-07 09:58:50 | Room 1] Track #9 and 3 laps were selected
All players finished
Restarting in 6 seconds
1 player race detected, finishing
[2025-10-07 10:00:38 | Room 1] Countdown to finish started, resetting room soon
[2025-10-07 10:00:43 | Room 1] Room has been reset
[2025-10-07 10:00:44 | Room 1] Player 0 joined room 1 and is now identified as Devilake [981dc451]
[2025-10-07 10:00:48 | Room 1] Track #9 and 3 laps were selected
All players finished
Restarting in 6 seconds
1 player race detected, finishing
[2025-10-07 10:02:34 | Room 1] Countdown to finish started, resetting room soon
[2025-10-07 10:02:39 | Room 1] Room has been reset
[2025-10-07 10:02:40 | Room 1] Player 0 joined room 1 and is now identified as Devilake [981dc451]
[2025-10-07 10:02:45 | Room 1] Track #5 and 3 laps were selected
All players finished
Restarting in 6 seconds
1 player race detected, finishing
[2025-10-07 10:04:51 | Room 1] Countdown to finish started, resetting room soon
[2025-10-07 10:04:56 | Room 1] Room has been reset
[2025-10-07 10:04:57 | Room 1] Player 0 joined room 1 and is now identified as Devilake [981dc451]
[2025-10-07 10:05:08 | Room 1] Track #5 and 3 laps were selected
[2025-10-07 10:05:55 | Room 1] Player Devilake (0) disconnected from room
[2025-10-07 10:05:55 | Room 1] Room has been killed as no players are left
[2025-10-07 10:14:17 | Room 16] Player 0 joined room 16 and is now identified as Daemon [5e91552d]
[2025-10-07 10:15:27 | Room 16] Track #12 and 3 laps were selected
[2025-10-07 10:16:02 | Room 16] Player Daemon (0) disconnected from room
[2025-10-07 10:16:02 | Room 16] Room has been killed as no players are left
[2025-10-07 10:18:50 | Room 16] Player 0 joined room 16 and is now identified as Daemon [5e91552d]
[2025-10-07 10:19:10 | Room 16] Track #12 and 3 laps were selected
All players finished
Restarting in 6 seconds
1 player race detected, finishing
[2025-10-07 10:22:28 | Room 16] Countdown to finish started, resetting room soon
[2025-10-07 10:22:33 | Room 16] Room has been reset
[2025-10-07 10:22:34 | Room 16] Player 0 joined room 16 and is now identified as Daemon [5e91552d]
[2025-10-07 10:22:58 | Room 16] Player Daemon (0) disconnected from room
[2025-10-07 10:22:58 | Room 16] Room has been killed as no players are left
[2025-10-07 12:13:15 | Room 1] Player 0 joined room 1 and is now identified as Actorio [a9b74692]
[2025-10-07 12:13:24 | Room 1] Track #0 and 3 laps were selected
[2025-10-07 12:13:56 | Room 1] Player Actorio (0) disconnected from room
[2025-10-07 12:13:56 | Room 1] Room has been killed as no players are left
[2025-10-07 12:13:56 | Room 1] Player 0 joined room 1 and is now identified as Devilake [981dc451]
[2025-10-07 12:13:59 | Room 1] Player Devilake (0) disconnected from room
[2025-10-07 12:13:59 | Room 1] Room has been killed as no players are left
[2025-10-07 12:14:02 | Room 1] Player 0 joined room 1 and is now identified as Devilake [981dc451]
[2025-10-07 12:14:09 | Room 1] Player Devilake (0) disconnected from room
[2025-10-07 12:14:09 | Room 1] Room has been killed as no players are left
[2025-10-07 12:14:16 | Room 1] Player 0 joined room 1 and is now identified as Actorio [a9b74692]
[2025-10-07 12:14:24 | Room 1] Player 1 joined room 1 and is now identified as Devilake [981dc451]
[2025-10-07 12:14:39 | Room 1] Track #0 and 5 laps were selected
Required players finished!
Race ends in 30 seconds
[2025-10-07 12:17:30 | Room 1] Countdown to finish started, resetting room soon
All players finished
Restarting in 3 seconds
[2025-10-07 12:17:45 | Room 1] Room has been reset
[2025-10-07 12:17:46 | Room 1] Player 0 joined room 1 and is now identified as Actorio [a9b74692]
[2025-10-07 12:17:46 | Room 1] Player 1 joined room 1 and is now identified as Devilake [981dc451]
[2025-10-07 12:18:09 | Room 1] Track #4 and 5 laps were selected
Required players finished!
Race ends in 30 seconds
[2025-10-07 12:21:25 | Room 1] Countdown to finish started, resetting room soon
All players finished
Restarting in 3 seconds
[2025-10-07 12:21:28 | Room 1] Room has been reset
[2025-10-07 12:21:29 | Room 1] Player 0 joined room 1 and is now identified as Actorio [a9b74692]
[2025-10-07 12:21:29 | Room 1] Player 1 joined room 1 and is now identified as Devilake [981dc451]
[2025-10-07 12:21:44 | Room 1] Track #12 and 5 laps were selected
ban orb/clock 1
ban orb/clock 0
Required players finished!
Race ends in 30 seconds
[2025-10-07 12:27:07 | Room 1] Countdown to finish started, resetting room soon
All players finished
Restarting in 3 seconds
[2025-10-07 12:27:12 | Room 1] Room has been reset
[2025-10-07 12:27:13 | Room 1] Player 0 joined room 1 and is now identified as Actorio [a9b74692]
[2025-10-07 12:27:13 | Room 1] Player 1 joined room 1 and is now identified as Devilake [981dc451]
[2025-10-07 12:27:28 | Room 1] Track #6 and 5 laps were selected
ban orb/clock 1
ban orb/clock 0
Required players finished!
Race ends in 30 seconds
[2025-10-07 12:30:47 | Room 1] Countdown to finish started, resetting room soon
All players finished
Restarting in 3 seconds
[2025-10-07 12:30:59 | Room 1] Room has been reset
[2025-10-07 12:31:00 | Room 1] Player 0 joined room 1 and is now identified as Actorio [a9b74692]
[2025-10-07 12:31:00 | Room 1] Player 1 joined room 1 and is now identified as Devilake [981dc451]
[2025-10-07 12:31:12 | Room 1] Player Actorio (0) disconnected from room
[2025-10-07 12:31:15 | Room 1] Player Devilake (1) disconnected from room
[2025-10-07 12:31:15 | Room 1] Room has been killed as no players are left
[2025-10-07 12:31:21 | Room 1] Player 0 joined room 1 and is now identified as Devilake [981dc451]
[2025-10-07 12:31:30 | Room 1] Track #5 and 3 laps were selected
All players finished
Restarting in 6 seconds
1 player race detected, finishing
[2025-10-07 12:34:54 | Room 1] Countdown to finish started, resetting room soon
[2025-10-07 12:34:59 | Room 1] Room has been reset
[2025-10-07 12:35:00 | Room 1] Player 0 joined room 1 and is now identified as Devilake [981dc451]
[2025-10-07 12:35:21 | Room 1] Track #4 and 3 laps were selected
All players finished
Restarting in 6 seconds
1 player race detected, finishing
[2025-10-07 12:37:33 | Room 1] Countdown to finish started, resetting room soon
[2025-10-07 12:37:38 | Room 1] Room has been reset
[2025-10-07 12:37:39 | Room 1] Player 0 joined room 1 and is now identified as Devilake [981dc451]
[2025-10-07 12:38:02 | Room 1] Track #6 and 3 laps were selected
[2025-10-07 12:40:01 | Room 1] Player Devilake (0) disconnected from room
[2025-10-07 12:40:01 | Room 1] Room has been killed as no players are left
[2025-10-07 12:40:07 | Room 1] Player 0 joined room 1 and is now identified as Devilake [981dc451]
[2025-10-07 12:40:16 | Room 1] Track #0 and 3 laps were selected
[2025-10-07 12:41:42 | Room 1] Player Devilake (0) disconnected from room
[2025-10-07 12:41:42 | Room 1] Room has been killed as no players are left
[2025-10-07 12:45:11 | Room 1] Player 0 joined room 1 and is now identified as PESIMAN [4cd95755]
[2025-10-07 12:45:27 | Room 1] Track #7 and 3 laps were selected
All players finished
Restarting in 6 seconds
1 player race detected, finishing
[2025-10-07 12:49:00 | Room 1] Countdown to finish started, resetting room soon
[2025-10-07 12:49:05 | Room 1] Room has been reset
[2025-10-07 12:49:06 | Room 1] Player 0 joined room 1 and is now identified as PESIMAN [4cd95755]
[2025-10-07 12:49:19 | Room 1] Player PESIMAN (0) disconnected from room
[2025-10-07 12:49:19 | Room 1] Room has been killed as no players are left
[2025-10-07 13:20:16 | Room 1] Player 0 joined room 1 and is now identified as Gasmoxian [00a93c5e]
[2025-10-07 13:20:23 | Room 1] Player Gasmoxian (0) disconnected from room
[2025-10-07 13:20:23 | Room 1] Room has been killed as no players are left
[2025-10-07 13:20:52 | Room 1] Player 0 joined room 1 and is now identified as Gasmoxian [00a93c5e]
[2025-10-07 13:20:54 | Room 1] Player Gasmoxian (0) disconnected from room
[2025-10-07 13:20:54 | Room 1] Room has been killed as no players are left
[2025-10-07 13:21:10 | Room 1] Player 0 joined room 1 and is now identified as Gasmoxian [00a93c5e]
[2025-10-07 13:21:14 | Room 1] Player Gasmoxian (0) disconnected from room
[2025-10-07 13:21:14 | Room 1] Room has been killed as no players are left
[2025-10-07 13:21:27 | Room 11] Player 0 joined room 11 and is now identified as Gasmoxian [00a93c5e]
[2025-10-07 13:21:36 | Room 11] Track #3 and 1 laps were selected
All players finished
Restarting in 6 seconds
1 player race detected, finishing
[2025-10-07 13:22:35 | Room 11] Countdown to finish started, resetting room soon
[2025-10-07 13:22:40 | Room 11] Room has been reset
[2025-10-07 13:22:41 | Room 11] Player 0 joined room 11 and is now identified as Gasmoxian [00a93c5e]
[2025-10-07 13:22:59 | Room 11] Player Gasmoxian (0) disconnected from room
[2025-10-07 13:22:59 | Room 11] Room has been killed as no players are left
[2025-10-07 14:00:43 | Room 1] Player 0 joined room 1 and is now identified as Sunde [7bacc153]
[2025-10-07 14:01:44 | Room 1] Track #3 and 1 laps were selected
All players finished
Restarting in 6 seconds
1 player race detected, finishing
[2025-10-07 14:02:31 | Room 1] Countdown to finish started, resetting room soon
[2025-10-07 14:02:36 | Room 1] Room has been reset
[2025-10-07 14:02:37 | Room 1] Player 0 joined room 1 and is now identified as Sunde [7bacc153]
[2025-10-07 14:04:23 | Room 1] Player 1 joined room 1 and is now identified as Ashadow255 [e82a2a52]
[2025-10-07 14:05:58 | Room 1] Track #6 and 3 laps were selected
Required players finished!
Race ends in 30 seconds
[2025-10-07 14:07:37 | Room 1] Countdown to finish started, resetting room soon
All players finished
Restarting in 3 seconds
[2025-10-07 14:08:00 | Room 1] Room has been reset
[2025-10-07 14:08:01 | Room 1] Player 1 joined room 1 and is now identified as Ashadow255 [e82a2a52]
[2025-10-07 14:08:01 | Room 1] Player 0 joined room 1 and is now identified as Sunde [7bacc153]
[2025-10-07 14:08:02 | Room 1] Player Sunde (0) disconnected from room
[2025-10-07 14:08:05 | Room 1] Player Ashadow255 (1) disconnected from room
[2025-10-07 14:08:05 | Room 1] Room has been killed as no players are left
[2025-10-07 14:08:10 | Room 1] Player 0 joined room 1 and is now identified as Sunde [7bacc153]
[2025-10-07 14:08:23 | Room 1] Player 1 joined room 1 and is now identified as Ashadow255 [e82a2a52]
[2025-10-07 14:08:31 | Room 1] Track #10 and 3 laps were selected
Required players finished!
Race ends in 30 seconds
[2025-10-07 14:11:02 | Room 1] Countdown to finish started, resetting room soon
[2025-10-07 14:11:31 | Room 1] Room has been reset
[2025-10-07 14:11:32 | Room 1] Player 0 joined room 1 and is now identified as Sunde [7bacc153]
[2025-10-07 14:11:32 | Room 1] Player 1 joined room 1 and is now identified as Ashadow255 [e82a2a52]
[2025-10-07 14:11:38 | Room 1] Track #0 and 3 laps were selected
Required players finished!
Race ends in 30 seconds
[2025-10-07 14:13:28 | Room 1] Countdown to finish started, resetting room soon
All players finished
Restarting in 3 seconds
[2025-10-07 14:13:42 | Room 1] Room has been reset
[2025-10-07 14:13:43 | Room 1] Player 0 joined room 1 and is now identified as Sunde [7bacc153]
[2025-10-07 14:13:43 | Room 1] Player 1 joined room 1 and is now identified as Ashadow255 [e82a2a52]
[2025-10-07 14:13:58 | Room 1] Track #12 and 3 laps were selected
[2025-10-07 14:14:33 | Room 1] Player Ashadow255 (1) disconnected from room
[2025-10-07 14:14:52 | Room 1] Player Sunde (0) disconnected from room
[2025-10-07 14:14:52 | Room 1] Room has been killed as no players are left
[2025-10-07 16:10:52 | Room 1] Player 0 joined room 1 and is now identified as Trrjr [c5f612bc]
[2025-10-07 16:10:54 | Room 1] Player Trrjr (0) disconnected from room
[2025-10-07 16:10:54 | Room 1] Room has been killed as no players are left
[2025-10-07 16:14:41 | Room 1] Player 0 joined room 1 and is now identified as Trrjr [c5f612bc]
[2025-10-07 16:14:44 | Room 1] Player Trrjr (0) disconnected from room
[2025-10-07 16:14:44 | Room 1] Room has been killed as no players are left
[2025-10-07 16:30:05 | Room 1] Player 0 joined room 1 and is now identified as STUDSX [6eea2605]
[2025-10-07 16:33:06 | Room 1] Player STUDSX (0) disconnected from room
[2025-10-07 16:33:06 | Room 1] Room has been killed as no players are left
[2025-10-07 16:37:40 | Room 1] Player 0 joined room 1 and is now identified as Trrjr [c5f612bc]
[2025-10-07 16:37:43 | Room 1] Player Trrjr (0) disconnected from room
[2025-10-07 16:37:43 | Room 1] Room has been killed as no players are left
[2025-10-07 18:38:50 | Room 1] Player 0 joined room 1 and is now identified as TechnoFlare [c115d34a]
[2025-10-07 18:38:57 | Room 1] Player TechnoFlare (0) disconnected from room
[2025-10-07 18:38:57 | Room 1] Room has been killed as no players are left
[2025-10-07 18:39:36 | Room 1] Player 0 joined room 1 and is now identified as TechnoFlare [c115d34a]
[2025-10-07 18:39:38 | Room 1] Player TechnoFlare (0) disconnected from room
[2025-10-07 18:39:38 | Room 1] Room has been killed as no players are left
[2025-10-07 18:39:43 | Room 1] Player 0 joined room 1 and is now identified as TechnoFlare [c115d34a]
[2025-10-07 18:39:46 | Room 1] Track #0 and 1 laps were selected
[2025-10-07 18:39:48 | Room 1] Player TechnoFlare (0) disconnected from room
[2025-10-07 18:39:48 | Room 1] Room has been killed as no players are left
[2025-10-07 18:39:49 | Room 1] Player 0 joined room 1 and is now identified as TechnoFlare [c115d34a]
[2025-10-07 18:40:06 | Room 1] Track #7 and 1 laps were selected
[2025-10-07 18:40:17 | Room 1] Player TechnoFlare (0) disconnected from room
[2025-10-07 18:40:17 | Room 1] Room has been killed as no players are left
[2025-10-07 18:40:24 | Room 1] Player 0 joined room 1 and is now identified as TechnoFlare [c115d34a]
[2025-10-07 18:40:32 | Room 1] Player TechnoFlare (0) disconnected from room
[2025-10-07 18:40:32 | Room 1] Room has been killed as no players are left
[2025-10-07 18:40:33 | Room 1] Player 0 joined room 1 and is now identified as TechnoFlare [c115d34a]
[2025-10-07 18:40:44 | Room 1] Track #3 and 1 laps were selected
[2025-10-07 18:40:55 | Room 1] Player TechnoFlare (0) disconnected from room
[2025-10-07 18:40:55 | Room 1] Room has been killed as no players are left
[2025-10-07 18:41:02 | Room 1] Player 0 joined room 1 and is now identified as TechnoFlare [c115d34a]
[2025-10-07 18:41:07 | Room 1] Track #3 and 1 laps were selected
All players finished
Restarting in 6 seconds
1 player race detected, finishing
[2025-10-07 18:41:54 | Room 1] Countdown to finish started, resetting room soon
[2025-10-07 18:41:58 | Room 1] Player TechnoFlare (0) disconnected from room
[2025-10-07 18:41:58 | Room 1] Room has been killed as no players are left
[2025-10-07 18:53:18 | Room 6] Player 0 joined room 6 and is now identified as Ashadow255 [e82a2a52]
[2025-10-07 18:55:27 | Room 6] Player Ashadow255 (0) disconnected from room
[2025-10-07 18:55:27 | Room 6] Room has been killed as no players are left
[2025-10-07 19:23:02 | Room 1] Player 0 joined room 1 and is now identified as tax_evasion [3114bf61]
[2025-10-07 19:23:17 | Room 1] Track #8 and 3 laps were selected
[2025-10-07 19:24:45 | Room 1] Player tax_evasion (0) disconnected from room
[2025-10-07 19:24:45 | Room 1] Room has been killed as no players are left
[2025-10-07 19:24:53 | Room 1] Player 0 joined room 1 and is now identified as tax_evasion [3114bf61]
[2025-10-07 19:24:57 | Room 1] Track #8 and 3 laps were selected
[2025-10-07 19:26:36 | Room 1] Player tax_evasion (0) disconnected from room
[2025-10-07 19:26:36 | Room 1] Room has been killed as no players are left
[2025-10-07 19:28:55 | Room 1] Player 0 joined room 1 and is now identified as tax_evasion [3114bf61]
[2025-10-07 19:28:57 | Room 1] Player tax_evasion (0) disconnected from room
[2025-10-07 19:28:57 | Room 1] Room has been killed as no players are left
[2025-10-07 20:21:59 | Room 1] Player 0 joined room 1 and is now identified as bolognese [1bdd2d3e]
[2025-10-07 20:22:07 | Room 1] Track #9 and 3 laps were selected
[2025-10-07 20:22:16 | Room 1] Player bolognese (0) disconnected from room
[2025-10-07 20:22:16 | Room 1] Room has been killed as no players are left
[2025-10-07 20:22:24 | Room 1] Player 0 joined room 1 and is now identified as bolognese [1bdd2d3e]
[2025-10-07 20:22:33 | Room 1] Track #8 and 3 laps were selected
[2025-10-07 20:22:44 | Room 1] Player bolognese (0) disconnected from room
[2025-10-07 20:22:44 | Room 1] Room has been killed as no players are left
[2025-10-07 20:51:39 | Room 1] Player 0 joined room 1 and is now identified as bolognese [1bdd2d3e]
[2025-10-07 20:52:00 | Room 1] Track #10 and 3 laps were selected
All players finished
Restarting in 6 seconds
1 player race detected, finishing
[2025-10-07 20:54:55 | Room 1] Countdown to finish started, resetting room soon
[2025-10-07 20:55:00 | Room 1] Room has been reset
[2025-10-07 20:55:01 | Room 1] Player 0 joined room 1 and is now identified as bolognese [1bdd2d3e]
[2025-10-07 20:55:10 | Room 1] Track #3 and 3 laps were selected
All players finished
Restarting in 6 seconds
1 player race detected, finishing
[2025-10-07 20:57:01 | Room 1] Countdown to finish started, resetting room soon
[2025-10-07 20:57:06 | Room 1] Room has been reset
[2025-10-07 20:57:07 | Room 1] Player 0 joined room 1 and is now identified as bolognese [1bdd2d3e]
[2025-10-07 20:57:39 | Room 1] Track #7 and 3 laps were selected
All players finished
Restarting in 6 seconds
1 player race detected, finishing
[2025-10-07 21:01:02 | Room 1] Countdown to finish started, resetting room soon
[2025-10-07 21:01:07 | Room 1] Room has been reset
[2025-10-07 21:01:08 | Room 1] Player 0 joined room 1 and is now identified as bolognese [1bdd2d3e]
[2025-10-07 21:01:57 | Room 1] Track #11 and 3 laps were selected
All players finished
Restarting in 6 seconds
1 player race detected, finishing
[2025-10-07 21:05:52 | Room 1] Countdown to finish started, resetting room soon
[2025-10-07 21:05:57 | Room 1] Room has been reset
[2025-10-07 21:05:58 | Room 1] Player 0 joined room 1 and is now identified as bolognese [1bdd2d3e]
[2025-10-07 21:06:27 | Room 1] Track #8 and 3 laps were selected
All players finished
Restarting in 6 seconds
1 player race detected, finishing
[2025-10-07 21:09:03 | Room 1] Countdown to finish started, resetting room soon
[2025-10-07 21:09:08 | Room 1] Room has been reset
[2025-10-07 21:09:09 | Room 1] Player 0 joined room 1 and is now identified as bolognese [1bdd2d3e]
[2025-10-07 21:09:29 | Room 1] Track #13 and 1 laps were selected
All players finished
Restarting in 6 seconds
1 player race detected, finishing
[2025-10-07 21:11:02 | Room 1] Countdown to finish started, resetting room soon
[2025-10-07 21:11:07 | Room 1] Room has been reset
[2025-10-07 21:11:08 | Room 1] Player 0 joined room 1 and is now identified as bolognese [1bdd2d3e]
[2025-10-07 21:11:31 | Room 1] Track #12 and 3 laps were selected
[2025-10-07 21:14:46 | Room 1] Player bolognese (0) disconnected from room
[2025-10-07 21:14:46 | Room 1] Room has been killed as no players are left
[2025-10-07 23:09:31 | Room 1] Player 0 joined room 1 and is now identified as D.S.B [d258b6ba]
[2025-10-07 23:09:35 | Room 1] Player D.S.B (0) disconnected from room
[2025-10-07 23:09:35 | Room 1] Room has been killed as no players are left
[2025-10-08 09:11:10 | Room 1] Player 0 joined room 1 and is now identified as Devilake [981dc451]
[2025-10-08 09:11:19 | Room 1] Track #9 and 3 laps were selected
All players finished
Restarting in 6 seconds
1 player race detected, finishing
[2025-10-08 09:13:19 | Room 1] Countdown to finish started, resetting room soon
[2025-10-08 09:13:24 | Room 1] Room has been reset
[2025-10-08 09:13:25 | Room 1] Player 0 joined room 1 and is now identified as Devilake [981dc451]
[2025-10-08 09:13:32 | Room 1] Track #14 and 3 laps were selected
All players finished
Restarting in 6 seconds
1 player race detected, finishing
[2025-10-08 09:14:57 | Room 1] Countdown to finish started, resetting room soon
[2025-10-08 09:15:02 | Room 1] Room has been reset
[2025-10-08 09:15:03 | Room 1] Player 0 joined room 1 and is now identified as Devilake [981dc451]
[2025-10-08 09:15:09 | Room 1] Track #12 and 3 laps were selected
All players finished
Restarting in 6 seconds
1 player race detected, finishing
[2025-10-08 09:17:48 | Room 1] Countdown to finish started, resetting room soon
[2025-10-08 09:17:53 | Room 1] Room has been reset
[2025-10-08 09:17:54 | Room 1] Player 0 joined room 1 and is now identified as Devilake [981dc451]
[2025-10-08 09:17:58 | Room 1] Player Devilake (0) disconnected from room
[2025-10-08 09:17:58 | Room 1] Room has been killed as no players are left
[2025-10-08 09:29:54 | Room 1] Player 0 joined room 1 and is now identified as Devilake [981dc451]
[2025-10-08 09:29:58 | Room 1] Track #6 and 3 laps were selected
[2025-10-08 09:30:01 | Room 1] Player Devilake (0) disconnected from room
[2025-10-08 09:30:01 | Room 1] Room has been killed as no players are left
[2025-10-08 09:30:03 | Room 1] Player 0 joined room 1 and is now identified as Devilake [981dc451]
[2025-10-08 09:30:08 | Room 1] Track #6 and 3 laps were selected
All players finished
Restarting in 6 seconds
1 player race detected, finishing
[2025-10-08 09:31:31 | Room 1] Countdown to finish started, resetting room soon
[2025-10-08 09:31:36 | Room 1] Room has been reset
[2025-10-08 09:31:37 | Room 1] Player 0 joined room 1 and is now identified as Devilake [981dc451]
[2025-10-08 09:31:43 | Room 1] Track #8 and 3 laps were selected
All players finished
Restarting in 6 seconds
1 player race detected, finishing
[2025-10-08 09:33:43 | Room 1] Countdown to finish started, resetting room soon
[2025-10-08 09:33:48 | Room 1] Room has been reset
[2025-10-08 09:33:49 | Room 1] Player 0 joined room 1 and is now identified as Devilake [981dc451]
[2025-10-08 09:34:07 | Room 1] Track #11 and 3 laps were selected
All players finished
Restarting in 6 seconds
1 player race detected, finishing
[2025-10-08 09:36:35 | Room 1] Countdown to finish started, resetting room soon
[2025-10-08 09:36:40 | Room 1] Room has been reset
[2025-10-08 09:36:41 | Room 1] Player 0 joined room 1 and is now identified as Devilake [981dc451]
[2025-10-08 09:36:52 | Room 1] Track #7 and 3 laps were selected
[2025-10-08 09:40:02 | Room 1] Player Devilake (0) disconnected from room
[2025-10-08 09:40:02 | Room 1] Room has been killed as no players are left
[2025-10-08 18:36:48 | Room 1] Player 0 joined room 1 and is now identified as Devilake [981dc451]
[2025-10-08 18:36:56 | Room 1] Track #14 and 3 laps were selected
All players finished
Restarting in 6 seconds
1 player race detected, finishing
[2025-10-08 18:38:14 | Room 1] Countdown to finish started, resetting room soon
[2025-10-08 18:38:19 | Room 1] Room has been reset
[2025-10-08 18:38:20 | Room 1] Player 0 joined room 1 and is now identified as Devilake [981dc451]
[2025-10-08 18:38:30 | Room 1] Track #8 and 3 laps were selected
All players finished
Restarting in 6 seconds
1 player race detected, finishing
[2025-10-08 18:40:25 | Room 1] Countdown to finish started, resetting room soon
[2025-10-08 18:40:30 | Room 1] Room has been reset
[2025-10-08 18:40:31 | Room 1] Player 0 joined room 1 and is now identified as Devilake [981dc451]
[2025-10-08 18:40:40 | Room 1] Player Devilake (0) disconnected from room
[2025-10-08 18:40:40 | Room 1] Room has been killed as no players are left
[2025-10-08 18:50:29 | Room 1] Player 0 joined room 1 and is now identified as Mrlingan [be22225c]
[2025-10-08 18:50:37 | Room 1] Track #14 and 1 laps were selected
All players finished
Restarting in 6 seconds
1 player race detected, finishing
[2025-10-08 18:51:18 | Room 1] Countdown to finish started, resetting room soon
[2025-10-08 18:51:23 | Room 1] Room has been reset
[2025-10-08 18:51:24 | Room 1] Player 0 joined room 1 and is now identified as Mrlingan [be22225c]
[2025-10-08 18:52:36 | Room 1] Track #13 and 1 laps were selected
All players finished
Restarting in 6 seconds
1 player race detected, finishing
[2025-10-08 18:53:36 | Room 1] Countdown to finish started, resetting room soon
[2025-10-08 18:53:41 | Room 1] Room has been reset
[2025-10-08 18:53:42 | Room 1] Player 0 joined room 1 and is now identified as Mrlingan [be22225c]
[2025-10-08 18:53:48 | Room 1] Track #8 and 3 laps were selected
All players finished
Restarting in 6 seconds
1 player race detected, finishing
[2025-10-08 18:55:50 | Room 1] Countdown to finish started, resetting room soon
[2025-10-08 18:55:55 | Room 1] Room has been reset
[2025-10-08 18:55:56 | Room 1] Player 0 joined room 1 and is now identified as Mrlingan [be22225c]
[2025-10-08 18:56:32 | Room 1] Track #14 and 5 laps were selected
All players finished
Restarting in 6 seconds
1 player race detected, finishing
[2025-10-08 18:59:19 | Room 1] Countdown to finish started, resetting room soon
[2025-10-08 18:59:24 | Room 1] Room has been reset
[2025-10-08 18:59:25 | Room 1] Player 0 joined room 1 and is now identified as Mrlingan [be22225c]
[2025-10-08 18:59:29 | Room 1] Player Mrlingan (0) disconnected from room
[2025-10-08 18:59:29 | Room 1] Room has been killed as no players are left
[2025-10-08 18:59:36 | Room 1] Player 0 joined room 1 and is now identified as Mrlingan [be22225c]
[2025-10-08 18:59:48 | Room 1] Track #6 and 3 laps were selected
All players finished
Restarting in 6 seconds
1 player race detected, finishing
[2025-10-08 19:01:19 | Room 1] Countdown to finish started, resetting room soon
[2025-10-08 19:01:24 | Room 1] Room has been reset
[2025-10-08 19:01:25 | Room 1] Player 0 joined room 1 and is now identified as Mrlingan [be22225c]
[2025-10-08 19:01:25 | Room 1] Player 1 joined room 1 and is now identified as Devilake [981dc451]
[2025-10-08 19:01:32 | Room 1] Track #6 and 3 laps were selected
Required players finished!
Race ends in 30 seconds
[2025-10-08 19:03:12 | Room 1] Countdown to finish started, resetting room soon
All players finished
Restarting in 3 seconds
[2025-10-08 19:03:17 | Room 1] Room has been reset
[2025-10-08 19:03:18 | Room 1] Player 0 joined room 1 and is now identified as Mrlingan [be22225c]
[2025-10-08 19:03:18 | Room 1] Player 1 joined room 1 and is now identified as Devilake [981dc451]
[2025-10-08 19:03:24 | Room 1] Track #13 and 3 laps were selected
[2025-10-08 19:05:57 | Room 1] Player Mrlingan (0) disconnected from room
All players finished
Restarting in 6 seconds
1 player race detected, finishing
[2025-10-08 19:07:15 | Room 1] Countdown to finish started, resetting room soon
[2025-10-08 19:07:20 | Room 1] Room has been reset
[2025-10-08 19:07:21 | Room 1] Player 1 joined room 1 and is now identified as Devilake [981dc451]
[2025-10-08 19:07:24 | Room 1] Player Devilake (1) disconnected from room
[2025-10-08 19:07:24 | Room 1] Room has been killed as no players are left
[2025-10-08 19:07:38 | Room 1] Player 0 joined room 1 and is now identified as Devilake [981dc451]
[2025-10-08 19:07:52 | Room 1] Track #14 and 3 laps were selected
All players finished
Restarting in 6 seconds
1 player race detected, finishing
[2025-10-08 19:09:09 | Room 1] Countdown to finish started, resetting room soon
[2025-10-08 19:09:14 | Room 1] Room has been reset
[2025-10-08 19:09:15 | Room 1] Player 0 joined room 1 and is now identified as Devilake [981dc451]
[2025-10-08 19:09:33 | Room 1] Player Devilake (0) disconnected from room
[2025-10-08 19:09:33 | Room 1] Room has been killed as no players are left
[2025-10-08 19:23:55 | Room 1] Player 0 joined room 1 and is now identified as Mrlingan [be22225c]
[2025-10-08 19:25:19 | Room 1] Player 1 joined room 1 and is now identified as L1NGZ [1765b197]
[2025-10-08 19:25:26 | Room 1] Track #5 and 3 laps were selected
[2025-10-08 19:26:29 | Room 1] Player L1NGZ (1) disconnected from room
[2025-10-08 19:26:40 | Room 1] Player Mrlingan (0) disconnected from room
[2025-10-08 19:26:40 | Room 1] Room has been killed as no players are left
[2025-10-08 19:26:45 | Room 1] Player 0 joined room 1 and is now identified as Mrlingan [be22225c]
[2025-10-08 19:26:50 | Room 1] Track #5 and 3 laps were selected
[2025-10-08 19:27:33 | Room 1] Player Mrlingan (0) disconnected from room
[2025-10-08 19:27:33 | Room 1] Room has been killed as no players are left
[2025-10-08 19:27:33 | Room 1] Player 0 joined room 1 and is now identified as L1NGZ [1765b197]
[2025-10-08 19:27:50 | Room 1] Player 1 joined room 1 and is now identified as Mrlingan [be22225c]
[2025-10-08 19:28:18 | Room 1] Track #14 and 1 laps were selected
Required players finished!
Race ends in 30 seconds
[2025-10-08 19:29:08 | Room 1] Countdown to finish started, resetting room soon
All players finished
Restarting in 3 seconds
[2025-10-08 19:29:11 | Room 1] Room has been reset
[2025-10-08 19:29:12 | Room 1] Player 0 joined room 1 and is now identified as L1NGZ [1765b197]
[2025-10-08 19:29:12 | Room 1] Player 1 joined room 1 and is now identified as Mrlingan [be22225c]
[2025-10-08 19:29:20 | Room 1] Track #0 and 3 laps were selected
[2025-10-08 19:30:36 | Room 1] Player L1NGZ (0) disconnected from room
All players finished
Restarting in 6 seconds
1 player race detected, finishing
[2025-10-08 19:31:02 | Room 1] Countdown to finish started, resetting room soon
[2025-10-08 19:31:05 | Room 1] Player Mrlingan (1) disconnected from room
[2025-10-08 19:31:05 | Room 1] Room has been killed as no players are left
[2025-10-08 19:31:05 | Room 1] Player 0 joined room 1 and is now identified as L1NGZ [1765b197]
[2025-10-08 19:31:11 | Room 1] Player L1NGZ (0) disconnected from room
[2025-10-08 19:31:11 | Room 1] Room has been killed as no players are left
[2025-10-08 19:32:28 | Room 1] Player 0 joined room 1 and is now identified as Mrlingan [be22225c]
[2025-10-08 19:32:35 | Room 1] Player 1 joined room 1 and is now identified as L1NGZ [1765b197]
[2025-10-08 19:33:38 | Room 1] Track #3 and 3 laps were selected
Required players finished!
Race ends in 30 seconds
[2025-10-08 19:35:19 | Room 1] Countdown to finish started, resetting room soon
All players finished
Restarting in 3 seconds
[2025-10-08 19:35:22 | Room 1] Room has been reset
[2025-10-08 19:35:23 | Room 1] Player 0 joined room 1 and is now identified as Mrlingan [be22225c]
[2025-10-08 19:35:23 | Room 1] Player 1 joined room 1 and is now identified as L1NGZ [1765b197]
[2025-10-08 19:35:31 | Room 1] Track #7 and 3 laps were selected
[2025-10-08 19:39:12 | Room 1] Player L1NGZ (1) disconnected from room
[2025-10-08 19:39:19 | Room 1] Player Mrlingan (0) disconnected from room
[2025-10-08 19:39:19 | Room 1] Room has been killed as no players are left
[2025-10-08 19:39:25 | Room 1] Player 0 joined room 1 and is now identified as Mrlingan [be22225c]
[2025-10-08 19:39:29 | Room 1] Player 1 joined room 1 and is now identified as L1NGZ [1765b197]
[2025-10-08 19:39:40 | Room 1] Track #8 and 3 laps were selected
Required players finished!
Race ends in 30 seconds
[2025-10-08 19:42:01 | Room 1] Countdown to finish started, resetting room soon
[2025-10-08 19:42:30 | Room 1] Room has been reset
[2025-10-08 19:42:31 | Room 1] Player 0 joined room 1 and is now identified as Mrlingan [be22225c]
[2025-10-08 19:42:31 | Room 1] Player 1 joined room 1 and is now identified as L1NGZ [1765b197]
[2025-10-08 19:42:40 | Room 1] Track #6 and 1 laps were selected
Required players finished!
Race ends in 30 seconds
[2025-10-08 19:43:44 | Room 1] Countdown to finish started, resetting room soon
All players finished
Restarting in 3 seconds
[2025-10-08 19:43:50 | Room 1] Room has been reset
[2025-10-08 19:43:51 | Room 1] Player 1 joined room 1 and is now identified as L1NGZ [1765b197]
[2025-10-08 19:43:51 | Room 1] Player 0 joined room 1 and is now identified as Mrlingan [be22225c]
[2025-10-08 19:44:10 | Room 1] Track #0 and 3 laps were selected
[2025-10-08 19:45:27 | Room 1] Player L1NGZ (1) disconnected from room
[2025-10-08 19:45:45 | Room 1] Player Mrlingan (0) disconnected from room
[2025-10-08 19:45:45 | Room 1] Room has been killed as no players are left
[2025-10-08 19:45:45 | Room 1] Player 0 joined room 1 and is now identified as Devilake [981dc451]
[2025-10-08 19:45:45 | Room 1] Player 1 joined room 1 and is now identified as tammy [3663a752]
[2025-10-08 19:45:46 | Room 1] Player 2 joined room 1 and is now identified as L1NGZ [1765b197]
[2025-10-08 19:45:51 | Room 1] Player L1NGZ (2) disconnected from room
[2025-10-08 19:45:52 | Room 1] Player Devilake (0) disconnected from room
[2025-10-08 19:45:53 | Room 1] Player 0 joined room 1 and is now identified as Mrlingan [be22225c]
[2025-10-08 19:45:54 | Room 1] Player 2 joined room 1 and is now identified as Devilake [981dc451]
[2025-10-08 19:45:59 | Room 1] Player 3 joined room 1 and is now identified as L1NGZ [1765b197]
[2025-10-08 19:46:07 | Room 1] Track #0 and 3 laps were selected
Required players finished!
Race ends in 30 seconds
[2025-10-08 19:48:18 | Room 1] Countdown to finish started, resetting room soon
All players finished
Restarting in 3 seconds
[2025-10-08 19:48:41 | Room 1] Room has been reset
[2025-10-08 19:48:42 | Room 1] Player 0 joined room 1 and is now identified as Mrlingan [be22225c]
[2025-10-08 19:48:42 | Room 1] Player 2 joined room 1 and is now identified as Devilake [981dc451]
[2025-10-08 19:48:42 | Room 1] Player 1 joined room 1 and is now identified as tammy [3663a752]
[2025-10-08 19:48:42 | Room 1] Player 3 joined room 1 and is now identified as L1NGZ [1765b197]
[2025-10-08 19:48:52 | Room 1] Track #8 and 5 laps were selected
Required players finished!
Race ends in 30 seconds
[2025-10-08 19:52:31 | Room 1] Countdown to finish started, resetting room soon
All players finished
Restarting in 3 seconds
[2025-10-08 19:52:36 | Room 1] Room has been reset
[2025-10-08 19:52:37 | Room 1] Player 0 joined room 1 and is now identified as Mrlingan [be22225c]
[2025-10-08 19:52:37 | Room 1] Player 2 joined room 1 and is now identified as Devilake [981dc451]
[2025-10-08 19:52:37 | Room 1] Player 1 joined room 1 and is now identified as tammy [3663a752]
[2025-10-08 19:52:37 | Room 1] Player 3 joined room 1 and is now identified as L1NGZ [1765b197]
[2025-10-08 19:52:45 | Room 1] Track #2 and 3 laps were selected
[2025-10-08 19:53:57 | Room 1] Player L1NGZ (3) disconnected from room
Required players finished!
Race ends in 30 seconds
[2025-10-08 19:54:47 | Room 1] Countdown to finish started, resetting room soon
[2025-10-08 19:55:16 | Room 1] Room has been reset
[2025-10-08 19:55:17 | Room 1] Player 2 joined room 1 and is now identified as Devilake [981dc451]
[2025-10-08 19:55:17 | Room 1] Player 0 joined room 1 and is now identified as Mrlingan [be22225c]
[2025-10-08 19:55:17 | Room 1] Player 1 joined room 1 and is now identified as tammy [3663a752]
[2025-10-08 19:55:34 | Room 1] Player 3 joined room 1 and is now identified as L1NGZ [1765b197]
[2025-10-08 19:55:44 | Room 1] Track #14 and 5 laps were selected
Required players finished!
Race ends in 30 seconds
[2025-10-08 19:58:35 | Room 1] Countdown to finish started, resetting room soon
All players finished
Restarting in 3 seconds
[2025-10-08 19:58:38 | Room 1] Room has been reset
[2025-10-08 19:58:39 | Room 1] Player 0 joined room 1 and is now identified as Mrlingan [be22225c]
[2025-10-08 19:58:39 | Room 1] Player 2 joined room 1 and is now identified as Devilake [981dc451]
[2025-10-08 19:58:39 | Room 1] Player 1 joined room 1 and is now identified as tammy [3663a752]
[2025-10-08 19:58:39 | Room 1] Player 3 joined room 1 and is now identified as L1NGZ [1765b197]
[2025-10-08 19:58:50 | Room 1] Track #11 and 3 laps were selected
Required players finished!
Race ends in 30 seconds
[2025-10-08 20:02:52 | Room 1] Countdown to finish started, resetting room soon
All players finished
Restarting in 3 seconds
[2025-10-08 20:03:15 | Room 1] Room has been reset
[2025-10-08 20:03:16 | Room 1] Player 3 joined room 1 and is now identified as L1NGZ [1765b197]
[2025-10-08 20:03:16 | Room 1] Player 0 joined room 1 and is now identified as Mrlingan [be22225c]
[2025-10-08 20:03:16 | Room 1] Player 2 joined room 1 and is now identified as Devilake [981dc451]
[2025-10-08 20:03:16 | Room 1] Player 1 joined room 1 and is now identified as tammy [3663a752]
[2025-10-08 20:03:22 | Room 1] Track #4 and 3 laps were selected
Required players finished!
Race ends in 30 seconds
[2025-10-08 20:05:29 | Room 1] Countdown to finish started, resetting room soon
All players finished
Restarting in 3 seconds
[2025-10-08 20:05:32 | Room 1] Room has been reset
[2025-10-08 20:05:33 | Room 1] Player 3 joined room 1 and is now identified as L1NGZ [1765b197]
[2025-10-08 20:05:33 | Room 1] Player 0 joined room 1 and is now identified as Mrlingan [be22225c]
[2025-10-08 20:05:33 | Room 1] Player 2 joined room 1 and is now identified as Devilake [981dc451]
[2025-10-08 20:05:33 | Room 1] Player 1 joined room 1 and is now identified as tammy [3663a752]
[2025-10-08 20:05:36 | Room 1] Track #1 and 3 laps were selected
Required players finished!
Race ends in 30 seconds
[2025-10-08 20:07:39 | Room 1] Countdown to finish started, resetting room soon
All players finished
Restarting in 3 seconds
[2025-10-08 20:08:00 | Room 1] Room has been reset
[2025-10-08 20:08:01 | Room 1] Player 2 joined room 1 and is now identified as Devilake [981dc451]
[2025-10-08 20:08:01 | Room 1] Player 0 joined room 1 and is now identified as Mrlingan [be22225c]
[2025-10-08 20:08:01 | Room 1] Player 1 joined room 1 and is now identified as tammy [3663a752]
[2025-10-08 20:08:01 | Room 1] Player 3 joined room 1 and is now identified as L1NGZ [1765b197]
[2025-10-08 20:08:06 | Room 1] Track #10 and 3 laps were selected
Required players finished!
Race ends in 30 seconds
[2025-10-08 20:11:36 | Room 1] Countdown to finish started, resetting room soon
[2025-10-08 20:12:05 | Room 1] Room has been reset
[2025-10-08 20:12:06 | Room 1] Player 3 joined room 1 and is now identified as L1NGZ [1765b197]
[2025-10-08 20:12:06 | Room 1] Player 0 joined room 1 and is now identified as Mrlingan [be22225c]
[2025-10-08 20:12:06 | Room 1] Player 2 joined room 1 and is now identified as Devilake [981dc451]
[2025-10-08 20:12:06 | Room 1] Player 1 joined room 1 and is now identified as tammy [3663a752]
[2025-10-08 20:12:13 | Room 1] Track #13 and 3 laps were selected
Required players finished!
Race ends in 30 seconds
[2025-10-08 20:16:07 | Room 1] Countdown to finish started, resetting room soon
All players finished
Restarting in 3 seconds
[2025-10-08 20:16:24 | Room 1] Room has been reset
[2025-10-08 20:16:25 | Room 1] Player 3 joined room 1 and is now identified as L1NGZ [1765b197]
[2025-10-08 20:16:25 | Room 1] Player 2 joined room 1 and is now identified as Devilake [981dc451]
[2025-10-08 20:16:25 | Room 1] Player 1 joined room 1 and is now identified as tammy [3663a752]
[2025-10-08 20:16:25 | Room 1] Player 0 joined room 1 and is now identified as Mrlingan [be22225c]
[2025-10-08 20:16:35 | Room 1] Track #12 and 3 laps were selected
[2025-10-08 20:17:50 | Room 1] Player Devilake (2) disconnected from room
[2025-10-08 20:19:17 | Room 1] Player L1NGZ (3) disconnected from room
Required players finished!
Race ends in 30 seconds
[2025-10-08 20:19:57 | Room 1] Countdown to finish started, resetting room soon
All players finished
Restarting in 3 seconds
[2025-10-08 20:20:26 | Room 1] Room has been reset
[2025-10-08 20:20:27 | Room 1] Player 0 joined room 1 and is now identified as Mrlingan [be22225c]
[2025-10-08 20:20:27 | Room 1] Player 1 joined room 1 and is now identified as tammy [3663a752]
[2025-10-08 20:20:37 | Room 1] Track #7 and 3 laps were selected
[2025-10-08 20:22:01 | Room 1] Player Mrlingan (0) disconnected from room
[2025-10-08 20:22:09 | Room 2] Player 0 joined room 2 and is now identified as Mrlingan [be22225c]
[2025-10-08 20:22:12 | Room 2] Player 1 joined room 2 and is now identified as L1NGZ [1765b197]
[2025-10-08 20:22:38 | Room 2] Track #16 and 3 laps were selected
[2025-10-08 20:23:11 | Room 1] Player tammy (1) disconnected from room
[2025-10-08 20:23:11 | Room 1] Room has been killed as no players are left
Required players finished!
Race ends in 30 seconds
[2025-10-08 20:24:51 | Room 2] Countdown to finish started, resetting room soon
All players finished
Restarting in 3 seconds
[2025-10-08 20:25:05 | Room 2] Room has been reset
[2025-10-08 20:25:06 | Room 2] Player 0 joined room 2 and is now identified as Mrlingan [be22225c]
[2025-10-08 20:25:06 | Room 2] Player 1 joined room 2 and is now identified as L1NGZ [1765b197]
[2025-10-08 20:25:18 | Room 2] Track #5 and 3 laps were selected
Required players finished!
Race ends in 30 seconds
[2025-10-08 20:27:42 | Room 2] Countdown to finish started, resetting room soon
All players finished
Restarting in 3 seconds
[2025-10-08 20:28:02 | Room 2] Room has been reset
[2025-10-08 20:28:03 | Room 2] Player 0 joined room 2 and is now identified as Mrlingan [be22225c]
[2025-10-08 20:28:03 | Room 2] Player 1 joined room 2 and is now identified as L1NGZ [1765b197]
[2025-10-08 20:28:10 | Room 2] Track #8 and 1 laps were selected
Required players finished!
Race ends in 30 seconds
[2025-10-08 20:29:11 | Room 2] Countdown to finish started, resetting room soon
All players finished
Restarting in 3 seconds
[2025-10-08 20:29:18 | Room 2] Room has been reset
[2025-10-08 20:29:19 | Room 2] Player 1 joined room 2 and is now identified as L1NGZ [1765b197]
[2025-10-08 20:29:19 | Room 2] Player 0 joined room 2 and is now identified as Mrlingan [be22225c]
[2025-10-08 20:29:24 | Room 2] Track #6 and 3 laps were selected
Required players finished!
Race ends in 30 seconds
[2025-10-08 20:31:29 | Room 2] Countdown to finish started, resetting room soon
All players finished
Restarting in 3 seconds
[2025-10-08 20:31:35 | Room 2] Room has been reset
[2025-10-08 20:31:36 | Room 2] Player 0 joined room 2 and is now identified as Mrlingan [be22225c]
[2025-10-08 20:31:36 | Room 2] Player 1 joined room 2 and is now identified as L1NGZ [1765b197]
[2025-10-08 20:31:53 | Room 2] Track #6 and 3 laps were selected
Required players finished!
Race ends in 30 seconds
[2025-10-08 20:34:02 | Room 2] Countdown to finish started, resetting room soon
All players finished
Restarting in 3 seconds
[2025-10-08 20:34:08 | Room 2] Room has been reset
[2025-10-08 20:34:09 | Room 2] Player 1 joined room 2 and is now identified as L1NGZ [1765b197]
[2025-10-08 20:34:09 | Room 2] Player 0 joined room 2 and is now identified as Mrlingan [be22225c]
[2025-10-08 20:34:16 | Room 2] Track #6 and 3 laps were selected
Required players finished!
Race ends in 30 seconds
[2025-10-08 20:35:50 | Room 2] Countdown to finish started, resetting room soon
All players finished
Restarting in 3 seconds
[2025-10-08 20:36:06 | Room 2] Room has been reset
[2025-10-08 20:36:07 | Room 2] Player 0 joined room 2 and is now identified as Mrlingan [be22225c]
[2025-10-08 20:36:07 | Room 2] Player 1 joined room 2 and is now identified as L1NGZ [1765b197]
[2025-10-08 20:36:18 | Room 2] Track #6 and 3 laps were selected
Required players finished!
Race ends in 30 seconds
[2025-10-08 20:38:16 | Room 2] Countdown to finish started, resetting room soon
All players finished
Restarting in 3 seconds
[2025-10-08 20:38:22 | Room 2] Room has been reset
[2025-10-08 20:38:23 | Room 2] Player 1 joined room 2 and is now identified as L1NGZ [1765b197]
[2025-10-08 20:38:23 | Room 2] Player 0 joined room 2 and is now identified as Mrlingan [be22225c]
[2025-10-08 20:38:31 | Room 2] Track #6 and 3 laps were selected
Required players finished!
Race ends in 30 seconds
[2025-10-08 20:40:07 | Room 2] Countdown to finish started, resetting room soon
All players finished
Restarting in 3 seconds
[2025-10-08 20:40:21 | Room 2] Room has been reset
[2025-10-08 20:40:22 | Room 2] Player 0 joined room 2 and is now identified as Mrlingan [be22225c]
[2025-10-08 20:40:22 | Room 2] Player 1 joined room 2 and is now identified as L1NGZ [1765b197]
[2025-10-08 20:40:26 | Room 2] Track #10 and 3 laps were selected
[2025-10-08 20:42:01 | Room 2] Player Mrlingan (0) disconnected from room
[2025-10-08 20:42:09 | Room 2] Player L1NGZ (1) disconnected from room
[2025-10-08 20:42:09 | Room 2] Room has been killed as no players are left
[2025-10-08 21:25:02 | Room 1] Player 0 joined room 1 and is now identified as Devilake [981dc451]
[2025-10-08 21:25:08 | Room 1] Track #8 and 1 laps were selected
All players finished
Restarting in 6 seconds
1 player race detected, finishing
[2025-10-08 21:25:54 | Room 1] Countdown to finish started, resetting room soon
[2025-10-08 21:25:59 | Room 1] Room has been reset
[2025-10-08 21:26:00 | Room 1] Player 0 joined room 1 and is now identified as Devilake [981dc451]
[2025-10-08 21:26:09 | Room 1] Track #9 and 3 laps were selected
All players finished
Restarting in 6 seconds
1 player race detected, finishing
[2025-10-08 21:27:57 | Room 1] Countdown to finish started, resetting room soon
[2025-10-08 21:28:02 | Room 1] Room has been reset
[2025-10-08 21:28:03 | Room 1] Player 0 joined room 1 and is now identified as Devilake [981dc451]
[2025-10-08 21:28:10 | Room 1] Track #14 and 3 laps were selected
[2025-10-08 21:29:12 | Room 1] Player Devilake (0) disconnected from room
[2025-10-08 21:29:12 | Room 1] Room has been killed as no players are left
[2025-10-08 22:46:27 | Room 1] Player 0 joined room 1 and is now identified as jerendonb [e349d8b9]
[2025-10-08 22:46:34 | Room 1] Track #8 and 31 laps were selected
All players finished
Restarting in 6 seconds
1 player race detected, finishing
[2025-10-09 00:07:41 | Room 1] Countdown to finish started, resetting room soon
[2025-10-09 00:07:46 | Room 1] Room has been reset
[2025-10-09 00:07:56 | Room 1] Player jerendonb (0) disconnected from room
[2025-10-09 00:07:56 | Room 1] Room has been killed as no players are left
[2025-10-09 01:54:54 | Room 16] Player 0 joined room 16 and is now identified as FuzionSynth [c3e4e64b]
[2025-10-09 01:55:21 | Room 16] Track #13 and 3 laps were selected
All players finished
Restarting in 6 seconds
1 player race detected, finishing
[2025-10-09 01:58:39 | Room 16] Countdown to finish started, resetting room soon
[2025-10-09 01:58:44 | Room 16] Room has been reset
[2025-10-09 01:58:45 | Room 16] Player 0 joined room 16 and is now identified as FuzionSynth [c3e4e64b]
[2025-10-09 01:58:53 | Room 16] Player FuzionSynth (0) disconnected from room
[2025-10-09 01:58:53 | Room 16] Room has been killed as no players are left
[2025-10-09 07:08:58 | Room 1] Player 0 joined room 1 and is now identified as Gasmoxian [1cd54b5f]
[2025-10-09 07:09:06 | Room 1] Track #0 and 3 laps were selected
All players finished
Restarting in 6 seconds
1 player race detected, finishing
[2025-10-09 07:11:20 | Room 1] Countdown to finish started, resetting room soon
[2025-10-09 07:11:25 | Room 1] Room has been reset
[2025-10-09 07:11:26 | Room 1] Player 0 joined room 1 and is now identified as Gasmoxian [1cd54b5f]
[2025-10-09 07:11:31 | Room 1] Player Gasmoxian (0) disconnected from room
[2025-10-09 07:11:31 | Room 1] Room has been killed as no players are left
[2025-10-09 08:22:21 | Room 16] Player 0 joined room 16 and is now identified as Daemon [f845c45b]
[2025-10-09 08:22:26 | Room 16] Track #11 and 3 laps were selected
[2025-10-09 08:22:46 | Room 16] Player Daemon (0) disconnected from room
[2025-10-09 08:22:46 | Room 16] Room has been killed as no players are left
[2025-10-09 08:23:05 | Room 1] Player 0 joined room 1 and is now identified as Daemon [f845c45b]
[2025-10-09 08:23:15 | Room 1] Player Daemon (0) disconnected from room
[2025-10-09 08:23:15 | Room 1] Room has been killed as no players are left
[2025-10-09 08:23:20 | Room 16] Player 0 joined room 16 and is now identified as Daemon [f845c45b]
[2025-10-09 08:23:31 | Room 16] Track #11 and 3 laps were selected
All players finished
Restarting in 6 seconds
1 player race detected, finishing
[2025-10-09 08:26:57 | Room 16] Countdown to finish started, resetting room soon
[2025-10-09 08:27:02 | Room 16] Room has been reset
[2025-10-09 08:27:03 | Room 16] Player 0 joined room 16 and is now identified as Daemon [f845c45b]
[2025-10-09 08:27:10 | Room 16] Player Daemon (0) disconnected from room
[2025-10-09 08:27:10 | Room 16] Room has been killed as no players are left
[2025-10-09 08:33:05 | Room 16] Player 0 joined room 16 and is now identified as Marina [70009123]
[2025-10-09 08:33:28 | Room 16] Track #2 and 7 laps were selected
[2025-10-09 08:35:55 | Room 16] Player Marina (0) disconnected from room
[2025-10-09 08:35:55 | Room 16] Room has been killed as no players are left
[2025-10-09 13:40:20 | Room 1] Player 0 joined room 1 and is now identified as Mrlingan [be22225c]
[2025-10-09 13:40:30 | Room 1] Track #6 and 3 laps were selected
All players finished
Restarting in 6 seconds
1 player race detected, finishing
[2025-10-09 13:41:56 | Room 1] Countdown to finish started, resetting room soon
[2025-10-09 13:42:01 | Room 1] Room has been reset
[2025-10-09 13:42:02 | Room 1] Player 0 joined room 1 and is now identified as Mrlingan [be22225c]
[2025-10-09 13:42:08 | Room 1] Player Mrlingan (0) disconnected from room
[2025-10-09 13:42:08 | Room 1] Room has been killed as no players are left
[2025-10-09 19:02:02 | Room 1] Player 0 joined room 1 and is now identified as Mrlingan [be22225c]
[2025-10-09 19:04:05 | Room 1] Track #12 and 9 laps were selected
[2025-10-09 19:05:52 | Room 1] Player Mrlingan (0) disconnected from room
[2025-10-09 19:05:52 | Room 1] Room has been killed as no players are left
[2025-10-09 19:06:38 | Room 1] Player 0 joined room 1 and is now identified as Nick [a9882dd5]
[2025-10-09 19:06:42 | Room 1] Track #0 and 1 laps were selected
[2025-10-09 19:07:09 | Room 1] Player Nick (0) disconnected from room
[2025-10-09 19:07:09 | Room 1] Room has been killed as no players are left
[2025-10-09 19:25:31 | Room 1] Player 0 joined room 1 and is now identified as STUDSX [6eea2605]
[2025-10-09 19:27:37 | Room 1] Player 1 joined room 1 and is now identified as bolognese [61dc2d3e]
[2025-10-09 19:28:00 | Room 1] Track #10 and 3 laps were selected
Required players finished!
Race ends in 30 seconds
[2025-10-09 19:30:53 | Room 1] Countdown to finish started, resetting room soon
All players finished
Restarting in 3 seconds
[2025-10-09 19:31:02 | Room 1] Room has been reset
[2025-10-09 19:31:03 | Room 1] Player 1 joined room 1 and is now identified as bolognese [61dc2d3e]
[2025-10-09 19:31:03 | Room 1] Player 0 joined room 1 and is now identified as STUDSX [6eea2605]
[2025-10-09 19:31:17 | Room 1] Track #7 and 3 laps were selected
Required players finished!
Race ends in 30 seconds
[2025-10-09 19:34:06 | Room 1] Countdown to finish started, resetting room soon
[2025-10-09 19:34:35 | Room 1] Room has been reset
[2025-10-09 19:34:36 | Room 1] Player 1 joined room 1 and is now identified as bolognese [61dc2d3e]
[2025-10-09 19:34:36 | Room 1] Player 0 joined room 1 and is now identified as STUDSX [6eea2605]
[2025-10-09 19:34:36 | Room 1] Player 2 joined room 1 and is now identified as Mrlingan [be22225c]
[2025-10-09 19:35:22 | Room 1] Track #13 and 3 laps were selected
[2025-10-09 19:37:10 | Room 1] Player Mrlingan (2) disconnected from room
[2025-10-09 19:37:17 | Room 2] Player 0 joined room 2 and is now identified as Mrlingan [be22225c]
[2025-10-09 19:37:23 | Room 2] Track #0 and 3 laps were selected
Required players finished!
Race ends in 30 seconds
[2025-10-09 19:37:56 | Room 1] Countdown to finish started, resetting room soon
[2025-10-09 19:38:25 | Room 1] Room has been reset
[2025-10-09 19:38:26 | Room 1] Player 1 joined room 1 and is now identified as bolognese [61dc2d3e]
[2025-10-09 19:38:26 | Room 1] Player 0 joined room 1 and is now identified as STUDSX [6eea2605]
[2025-10-09 19:38:40 | Room 1] Track #12 and 3 laps were selected
All players finished
Restarting in 6 seconds
1 player race detected, finishing
[2025-10-09 19:39:10 | Room 2] Countdown to finish started, resetting room soon
[2025-10-09 19:39:15 | Room 2] Room has been reset
[2025-10-09 19:39:16 | Room 2] Player 0 joined room 2 and is now identified as Mrlingan [be22225c]
[2025-10-09 19:39:24 | Room 2] Track #8 and 3 laps were selected
Required players finished!
Race ends in 30 seconds
[2025-10-09 19:41:30 | Room 1] Countdown to finish started, resetting room soon
All players finished
Restarting in 6 seconds
1 player race detected, finishing
[2025-10-09 19:41:33 | Room 2] Countdown to finish started, resetting room soon
[2025-10-09 19:41:38 | Room 2] Room has been reset
[2025-10-09 19:41:39 | Room 2] Player 0 joined room 2 and is now identified as Mrlingan [be22225c]
[2025-10-09 19:41:47 | Room 2] Track #10 and 3 laps were selected
All players finished
Restarting in 3 seconds
[2025-10-09 19:41:59 | Room 1] Room has been reset
[2025-10-09 19:42:00 | Room 1] Player 1 joined room 1 and is now identified as bolognese [61dc2d3e]
[2025-10-09 19:42:00 | Room 1] Player 0 joined room 1 and is now identified as STUDSX [6eea2605]
[2025-10-09 19:42:09 | Room 1] Track #11 and 3 laps were selected
Required players finished!
Race ends in 30 seconds
[2025-10-09 19:44:41 | Room 1] Countdown to finish started, resetting room soon
All players finished
Restarting in 6 seconds
1 player race detected, finishing
[2025-10-09 19:44:43 | Room 2] Countdown to finish started, resetting room soon
[2025-10-09 19:44:48 | Room 2] Room has been reset
[2025-10-09 19:44:49 | Room 2] Player 0 joined room 2 and is now identified as Mrlingan [be22225c]
[2025-10-09 19:44:51 | Room 2] Player Mrlingan (0) disconnected from room
[2025-10-09 19:44:51 | Room 2] Room has been killed as no players are left
All players finished
Restarting in 3 seconds
[2025-10-09 19:45:01 | Room 1] Room has been reset
[2025-10-09 19:45:02 | Room 1] Player 1 joined room 1 and is now identified as bolognese [61dc2d3e]
[2025-10-09 19:45:02 | Room 1] Player 0 joined room 1 and is now identified as STUDSX [6eea2605]
[2025-10-09 19:45:11 | Room 1] Track #13 and 3 laps were selected
ban orb/clock 1
Required players finished!
Race ends in 30 seconds
[2025-10-09 19:47:55 | Room 1] Countdown to finish started, resetting room soon
All players finished
Restarting in 3 seconds
[2025-10-09 19:48:15 | Room 1] Room has been reset
[2025-10-09 19:48:16 | Room 1] Player 1 joined room 1 and is now identified as bolognese [61dc2d3e]
[2025-10-09 19:48:16 | Room 1] Player 0 joined room 1 and is now identified as STUDSX [6eea2605]
[2025-10-09 19:48:31 | Room 1] Track #8 and 3 laps were selected
Required players finished!
Race ends in 30 seconds
[2025-10-09 19:50:29 | Room 1] Countdown to finish started, resetting room soon
All players finished
Restarting in 3 seconds
[2025-10-09 19:50:52 | Room 1] Player STUDSX (0) disconnected from room
[2025-10-09 19:50:52 | Room 1] Room has been reset
[2025-10-09 19:50:53 | Room 1] Player 1 joined room 1 and is now identified as bolognese [61dc2d3e]
[2025-10-09 19:50:56 | Room 1] Player bolognese (1) disconnected from room
[2025-10-09 19:50:56 | Room 1] Room has been killed as no players are left
[2025-10-09 20:08:58 | Room 1] Player 0 joined room 1 and is now identified as Pedofile [07354ab9]
[2025-10-09 20:09:01 | Room 1] Player 1 joined room 1 and is now identified as STUDSX [6eea2605]
[2025-10-09 20:09:49 | Room 1] Player Pedofile (0) disconnected from room
[2025-10-09 20:09:52 | Room 1] Player 0 joined room 1 and is now identified as Pedofile [07354ab9]
[2025-10-09 20:09:57 | Room 1] Player STUDSX (1) disconnected from room
[2025-10-09 20:10:05 | Room 1] Player 1 joined room 1 and is now identified as STUDSX [6eea2605]
[2025-10-09 20:10:13 | Room 1] Track #11 and 3 laps were selected
[2025-10-09 20:10:25 | Room 1] Player STUDSX (1) disconnected from room
[2025-10-09 20:10:26 | Room 1] Player Pedofile (0) disconnected from room
[2025-10-09 20:10:26 | Room 1] Room has been killed as no players are left
[2025-10-09 20:10:28 | Room 1] Player 0 joined room 1 and is now identified as STUDSX [6eea2605]
[2025-10-09 20:10:29 | Room 1] Player 1 joined room 1 and is now identified as Pedofile [07354ab9]
[2025-10-09 20:10:36 | Room 1] Track #11 and 3 laps were selected
Required players finished!
Race ends in 30 seconds
[2025-10-09 20:13:17 | Room 1] Countdown to finish started, resetting room soon
All players finished
Restarting in 3 seconds
[2025-10-09 20:13:22 | Room 1] Room has been reset
[2025-10-09 20:13:23 | Room 1] Player 1 joined room 1 and is now identified as Pedofile [07354ab9]
[2025-10-09 20:13:23 | Room 1] Player 0 joined room 1 and is now identified as STUDSX [6eea2605]
[2025-10-09 20:13:54 | Room 1] Track #13 and 3 laps were selected
Required players finished!
Race ends in 30 seconds
[2025-10-09 20:16:30 | Room 1] Countdown to finish started, resetting room soon
All players finished
Restarting in 3 seconds
[2025-10-09 20:16:43 | Room 1] Room has been reset
[2025-10-09 20:16:44 | Room 1] Player 1 joined room 1 and is now identified as Pedofile [07354ab9]
[2025-10-09 20:16:44 | Room 1] Player 0 joined room 1 and is now identified as STUDSX [6eea2605]
[2025-10-09 20:17:18 | Room 1] Track #14 and 3 laps were selected
Required players finished!
Race ends in 30 seconds
[2025-10-09 20:18:49 | Room 1] Countdown to finish started, resetting room soon
All players finished
Restarting in 3 seconds
[2025-10-09 20:18:55 | Room 1] Room has been reset
[2025-10-09 20:18:56 | Room 1] Player 1 joined room 1 and is now identified as Pedofile [07354ab9]
[2025-10-09 20:18:56 | Room 1] Player 0 joined room 1 and is now identified as STUDSX [6eea2605]
[2025-10-09 20:19:38 | Room 1] Track #7 and 3 laps were selected
ban orb/clock 1
ban orb/clock 0
ban orb/clock 1
Required players finished!
Race ends in 30 seconds
[2025-10-09 20:22:39 | Room 1] Countdown to finish started, resetting room soon
All players finished
Restarting in 3 seconds
[2025-10-09 20:22:41 | Room 1] Room has been reset
[2025-10-09 20:22:42 | Room 1] Player 1 joined room 1 and is now identified as Pedofile [07354ab9]
[2025-10-09 20:22:42 | Room 1] Player 0 joined room 1 and is now identified as STUDSX [6eea2605]
[2025-10-09 20:22:42 | Room 1] Player 2 joined room 1 and is now identified as AgK@G [7124add5]
[2025-10-09 20:23:23 | Room 1] Track #13 and 3 laps were selected
ban orb/clock 1
ban orb/clock 0
ban orb/clock 1
ban orb/clock 0
Required players finished!
Race ends in 30 seconds
[2025-10-09 20:26:15 | Room 1] Countdown to finish started, resetting room soon
All players finished
Restarting in 3 seconds
[2025-10-09 20:26:46 | Room 1] Room has been reset
[2025-10-09 20:26:47 | Room 1] Player 1 joined room 1 and is now identified as Pedofile [07354ab9]
[2025-10-09 20:26:47 | Room 1] Player 0 joined room 1 and is now identified as STUDSX [6eea2605]
[2025-10-09 20:26:47 | Room 1] Player 2 joined room 1 and is now identified as AgK@G [7124add5]
[2025-10-09 20:27:10 | Room 1] Track #2 and 3 laps were selected
Required players finished!
Race ends in 30 seconds
[2025-10-09 20:28:40 | Room 1] Countdown to finish started, resetting room soon
All players finished
Restarting in 3 seconds
[2025-10-09 20:29:01 | Room 1] Room has been reset
[2025-10-09 20:29:02 | Room 1] Player 1 joined room 1 and is now identified as Pedofile [07354ab9]
[2025-10-09 20:29:02 | Room 1] Player 2 joined room 1 and is now identified as AgK@G [7124add5]
[2025-10-09 20:29:02 | Room 1] Player 0 joined room 1 and is now identified as STUDSX [6eea2605]
[2025-10-09 20:29:17 | Room 1] Track #14 and 3 laps were selected
Required players finished!
Race ends in 30 seconds
[2025-10-09 20:30:43 | Room 1] Countdown to finish started, resetting room soon
All players finished
Restarting in 3 seconds
[2025-10-09 20:30:46 | Room 1] Room has been reset
[2025-10-09 20:30:47 | Room 1] Player 1 joined room 1 and is now identified as Pedofile [07354ab9]
[2025-10-09 20:30:47 | Room 1] Player 0 joined room 1 and is now identified as STUDSX [6eea2605]
[2025-10-09 20:30:47 | Room 1] Player 2 joined room 1 and is now identified as AgK@G [7124add5]
[2025-10-09 20:30:53 | Room 1] Track #3 and 3 laps were selected
ban orb/clock 1
Required players finished!
Race ends in 30 seconds
[2025-10-09 20:32:38 | Room 1] Countdown to finish started, resetting room soon
All players finished
Restarting in 3 seconds
[2025-10-09 20:32:41 | Room 1] Room has been reset
[2025-10-09 20:32:42 | Room 1] Player 2 joined room 1 and is now identified as AgK@G [7124add5]
[2025-10-09 20:32:42 | Room 1] Player 1 joined room 1 and is now identified as Pedofile [07354ab9]
[2025-10-09 20:32:42 | Room 1] Player 0 joined room 1 and is now identified as STUDSX [6eea2605]
[2025-10-09 20:33:20 | Room 1] Track #12 and 3 laps were selected
Required players finished!
Race ends in 30 seconds
[2025-10-09 20:35:58 | Room 1] Countdown to finish started, resetting room soon
All players finished
Restarting in 3 seconds
[2025-10-09 20:36:02 | Room 1] Room has been reset
[2025-10-09 20:36:03 | Room 1] Player 1 joined room 1 and is now identified as Pedofile [07354ab9]
[2025-10-09 20:36:03 | Room 1] Player 0 joined room 1 and is now identified as STUDSX [6eea2605]
[2025-10-09 20:36:03 | Room 1] Player 2 joined room 1 and is now identified as AgK@G [7124add5]
[2025-10-09 20:36:36 | Room 1] Track #8 and 3 laps were selected
Required players finished!
Race ends in 30 seconds
[2025-10-09 20:38:37 | Room 1] Countdown to finish started, resetting room soon
All players finished
Restarting in 3 seconds
[2025-10-09 20:38:49 | Room 1] Room has been reset
[2025-10-09 20:38:50 | Room 1] Player 2 joined room 1 and is now identified as AgK@G [7124add5]
[2025-10-09 20:38:50 | Room 1] Player 1 joined room 1 and is now identified as Pedofile [07354ab9]
[2025-10-09 20:38:50 | Room 1] Player 0 joined room 1 and is now identified as STUDSX [6eea2605]
[2025-10-09 20:53:30 | Room 1] Player STUDSX (0) disconnected from room
[2025-10-09 20:54:10 | Room 1] Player AgK@G (2) disconnected from room
[2025-10-09 20:54:19 | Room 1] Player 0 joined room 1 and is now identified as AgK@G [7124add5]
[2025-10-09 20:54:21 | Room 1] Player AgK@G (0) disconnected from room
[2025-10-09 21:42:42 | Room 1] Player Pedofile (1) disconnected from room
[2025-10-09 21:42:42 | Room 1] Room has been killed as no players are left
[2025-10-10 02:54:20 | Room 1] Player 0 joined room 1 and is now identified as Lockheart [e217ab49]
[2025-10-10 02:54:40 | Room 1] Track #3 and 3 laps were selected
[2025-10-10 02:56:15 | Room 1] Player Lockheart (0) disconnected from room
[2025-10-10 02:56:15 | Room 1] Room has been killed as no players are left
[2025-10-10 02:56:58 | Room 1] Player 0 joined room 1 and is now identified as Lockheart [e217ab49]
[2025-10-10 02:57:03 | Room 1] Track #0 and 3 laps were selected
[2025-10-10 02:57:32 | Room 1] Player Lockheart (0) disconnected from room
[2025-10-10 02:57:32 | Room 1] Room has been killed as no players are left
[2025-10-10 09:45:52 | Room 1] Player 0 joined room 1 and is now identified as Devilake [981dc451]
[2025-10-10 09:46:02 | Room 1] Track #9 and 3 laps were selected
All players finished
Restarting in 6 seconds
1 player race detected, finishing
[2025-10-10 09:47:54 | Room 1] Countdown to finish started, resetting room soon
[2025-10-10 09:47:59 | Room 1] Room has been reset
[2025-10-10 09:48:00 | Room 1] Player 0 joined room 1 and is now identified as Devilake [981dc451]
[2025-10-10 09:48:09 | Room 1] Track #14 and 3 laps were selected
All players finished
Restarting in 6 seconds
1 player race detected, finishing
[2025-10-10 09:49:26 | Room 1] Countdown to finish started, resetting room soon
[2025-10-10 09:49:31 | Room 1] Room has been reset
[2025-10-10 09:49:32 | Room 1] Player 0 joined room 1 and is now identified as Devilake [981dc451]
[2025-10-10 09:49:43 | Room 1] Track #4 and 3 laps were selected
All players finished
Restarting in 6 seconds
1 player race detected, finishing
[2025-10-10 09:51:21 | Room 1] Countdown to finish started, resetting room soon
[2025-10-10 09:51:26 | Room 1] Room has been reset
[2025-10-10 09:51:27 | Room 1] Player 0 joined room 1 and is now identified as Devilake [981dc451]
[2025-10-10 09:51:32 | Room 1] Track #6 and 3 laps were selected
All players finished
Restarting in 6 seconds
1 player race detected, finishing
[2025-10-10 09:52:55 | Room 1] Countdown to finish started, resetting room soon
[2025-10-10 09:53:00 | Room 1] Room has been reset
[2025-10-10 09:53:01 | Room 1] Player 0 joined room 1 and is now identified as Devilake [981dc451]
[2025-10-10 09:53:05 | Room 1] Track #3 and 3 laps were selected
All players finished
Restarting in 6 seconds
1 player race detected, finishing
[2025-10-10 09:54:29 | Room 1] Countdown to finish started, resetting room soon
[2025-10-10 09:54:34 | Room 1] Room has been reset
[2025-10-10 09:54:35 | Room 1] Player 0 joined room 1 and is now identified as Devilake [981dc451]
[2025-10-10 09:55:05 | Room 1] Track #8 and 3 laps were selected
[2025-10-10 09:56:19 | Room 1] Player Devilake (0) disconnected from room
[2025-10-10 09:56:19 | Room 1] Room has been killed as no players are left
[2025-10-10 10:44:37 | Room 1] Player 0 joined room 1 and is now identified as Viki [fcb3dc50]
[2025-10-10 10:45:08 | Room 1] Player Viki (0) disconnected from room
[2025-10-10 10:45:08 | Room 1] Room has been killed as no players are left
[2025-10-10 10:46:19 | Room 1] Player 0 joined room 1 and is now identified as Viki [fcb3dc50]
[2025-10-10 10:46:23 | Room 1] Track #0 and 1 laps were selected
All players finished
Restarting in 6 seconds
1 player race detected, finishing
[2025-10-10 10:47:43 | Room 1] Countdown to finish started, resetting room soon
[2025-10-10 10:47:48 | Room 1] Room has been reset
[2025-10-10 10:47:52 | Room 1] Player Viki (0) disconnected from room
[2025-10-10 10:47:52 | Room 1] Room has been killed as no players are left
[2025-10-10 12:16:19 | Room 1] Player 0 joined room 1 and is now identified as Gasmoxian [abc775bc]
[2025-10-10 12:16:26 | Room 1] Track #2 and 3 laps were selected
[2025-10-10 12:17:01 | Room 1] Player Gasmoxian (0) disconnected from room
[2025-10-10 12:17:01 | Room 1] Room has been killed as no players are left
[2025-10-10 15:57:41 | Room 1] Player 0 joined room 1 and is now identified as STUDSX [6eea2605]
[2025-10-10 15:58:41 | Room 1] Player STUDSX (0) disconnected from room
[2025-10-10 15:58:41 | Room 1] Room has been killed as no players are left
[2025-10-10 15:58:43 | Room 1] Player 0 joined room 1 and is now identified as STUDSX [6eea2605]
[2025-10-10 15:59:05 | Room 1] Track #13 and 3 laps were selected
All players finished
Restarting in 6 seconds
1 player race detected, finishing
[2025-10-10 16:01:42 | Room 1] Countdown to finish started, resetting room soon
[2025-10-10 16:01:47 | Room 1] Room has been reset
[2025-10-10 16:01:48 | Room 1] Player 0 joined room 1 and is now identified as STUDSX [6eea2605]
[2025-10-10 16:02:01 | Room 1] Track #7 and 3 laps were selected
All players finished
Restarting in 6 seconds
1 player race detected, finishing
[2025-10-10 16:04:43 | Room 1] Countdown to finish started, resetting room soon
[2025-10-10 16:04:48 | Room 1] Room has been reset
[2025-10-10 16:04:49 | Room 1] Player 0 joined room 1 and is now identified as STUDSX [6eea2605]
[2025-10-10 16:06:13 | Room 1] Track #12 and 3 laps were selected
All players finished
Restarting in 6 seconds
1 player race detected, finishing
[2025-10-10 16:16:53 | Room 1] Countdown to finish started, resetting room soon
[2025-10-10 16:16:58 | Room 1] Room has been reset
[2025-10-10 16:16:59 | Room 1] Player 0 joined room 1 and is now identified as STUDSX [6eea2605]
[2025-10-10 16:17:59 | Room 1] Track #10 and 3 laps were selected
All players finished
Restarting in 6 seconds
1 player race detected, finishing
[2025-10-10 16:20:30 | Room 1] Countdown to finish started, resetting room soon
[2025-10-10 16:20:35 | Room 1] Room has been reset
[2025-10-10 16:20:36 | Room 1] Player 0 joined room 1 and is now identified as STUDSX [6eea2605]
[2025-10-10 16:22:15 | Room 1] Track #5 and 3 laps were selected
All players finished
Restarting in 6 seconds
1 player race detected, finishing
[2025-10-10 16:24:20 | Room 1] Countdown to finish started, resetting room soon
[2025-10-10 16:24:25 | Room 1] Room has been reset
[2025-10-10 16:24:26 | Room 1] Player 0 joined room 1 and is now identified as STUDSX [6eea2605]
[2025-10-10 16:25:08 | Room 1] Track #7 and 3 laps were selected
All players finished
Restarting in 6 seconds
1 player race detected, finishing
[2025-10-10 16:27:24 | Room 1] Countdown to finish started, resetting room soon
[2025-10-10 16:27:29 | Room 1] Room has been reset
[2025-10-10 16:27:30 | Room 1] Player 0 joined room 1 and is now identified as STUDSX [6eea2605]
[2025-10-10 16:27:47 | Room 1] Track #11 and 3 laps were selected
All players finished
Restarting in 6 seconds
1 player race detected, finishing
[2025-10-10 16:30:24 | Room 1] Countdown to finish started, resetting room soon
[2025-10-10 16:30:29 | Room 1] Room has been reset
[2025-10-10 16:30:30 | Room 1] Player 0 joined room 1 and is now identified as STUDSX [6eea2605]
[2025-10-10 16:30:47 | Room 1] Track #10 and 3 laps were selected
All players finished
Restarting in 6 seconds
1 player race detected, finishing
[2025-10-10 16:33:25 | Room 1] Countdown to finish started, resetting room soon
[2025-10-10 16:33:30 | Room 1] Room has been reset
[2025-10-10 16:33:31 | Room 1] Player 0 joined room 1 and is now identified as STUDSX [6eea2605]
[2025-10-10 16:33:57 | Room 1] Track #12 and 3 laps were selected
All players finished
Restarting in 6 seconds
1 player race detected, finishing
[2025-10-10 16:36:41 | Room 1] Countdown to finish started, resetting room soon
[2025-10-10 16:36:46 | Room 1] Room has been reset
[2025-10-10 16:36:47 | Room 1] Player 0 joined room 1 and is now identified as STUDSX [6eea2605]
[2025-10-10 16:36:54 | Room 1] Track #11 and 3 laps were selected
[2025-10-10 16:46:20 | Room 1] Player STUDSX (0) disconnected from room
[2025-10-10 16:46:20 | Room 1] Room has been killed as no players are left
[2025-10-10 16:54:46 | Room 1] Player 0 joined room 1 and is now identified as Pepsimntr [72810ab6]
[2025-10-10 16:55:13 | Room 1] Track #10 and 3 laps were selected
All players finished
Restarting in 6 seconds
1 player race detected, finishing
[2025-10-10 16:58:20 | Room 1] Countdown to finish started, resetting room soon
[2025-10-10 16:58:25 | Room 1] Room has been reset
[2025-10-10 16:58:26 | Room 1] Player 0 joined room 1 and is now identified as Pepsimntr [72810ab6]
[2025-10-10 16:58:49 | Room 1] Track #11 and 3 laps were selected
All players finished
Restarting in 6 seconds
1 player race detected, finishing
[2025-10-10 17:01:36 | Room 1] Countdown to finish started, resetting room soon
[2025-10-10 17:01:41 | Room 1] Room has been reset
[2025-10-10 17:01:42 | Room 1] Player 0 joined room 1 and is now identified as Pepsimntr [72810ab6]
[2025-10-10 17:02:01 | Room 1] Track #14 and 9 laps were selected
[2025-10-10 17:02:23 | Room 1] Player Pepsimntr (0) disconnected from room
[2025-10-10 17:02:23 | Room 1] Room has been killed as no players are left
[2025-10-10 17:03:12 | Room 1] Player 0 joined room 1 and is now identified as Pepsimntr [72810ab6]
[2025-10-10 17:03:20 | Room 1] Player Pepsimntr (0) disconnected from room
[2025-10-10 17:03:20 | Room 1] Room has been killed as no players are left
[2025-10-10 17:03:31 | Room 1] Player 0 joined room 1 and is now identified as Pepsimntr [72810ab6]
[2025-10-10 17:03:40 | Room 1] Track #14 and 9 laps were selected
All players finished
Restarting in 6 seconds
1 player race detected, finishing
[2025-10-10 17:07:29 | Room 1] Countdown to finish started, resetting room soon
[2025-10-10 17:07:34 | Room 1] Room has been reset
[2025-10-10 17:07:35 | Room 1] Player 0 joined room 1 and is now identified as Pepsimntr [72810ab6]
[2025-10-10 17:07:41 | Room 1] Player Pepsimntr (0) disconnected from room
[2025-10-10 17:07:41 | Room 1] Room has been killed as no players are left
[2025-10-10 17:27:22 | Room 1] Player 0 joined room 1 and is now identified as Lockheart [e217ab49]
[2025-10-10 17:27:44 | Room 1] Track #6 and 15 laps were selected
[2025-10-10 17:32:15 | Room 1] Player Lockheart (0) disconnected from room
[2025-10-10 17:32:15 | Room 1] Room has been killed as no players are left
[2025-10-10 19:21:12 | Room 1] Player 0 joined room 1 and is now identified as tax_evasion [3114bf61]
[2025-10-10 19:21:20 | Room 1] Track #3 and 1 laps were selected
[2025-10-10 19:21:24 | Room 1] Player tax_evasion (0) disconnected from room
[2025-10-10 19:21:24 | Room 1] Room has been killed as no players are left
[2025-10-10 19:21:48 | Room 1] Player 0 joined room 1 and is now identified as tax_evasion [3114bf61]
[2025-10-10 19:21:53 | Room 1] Player tax_evasion (0) disconnected from room
[2025-10-10 19:21:53 | Room 1] Room has been killed as no players are left
[2025-10-10 19:21:57 | Room 1] Player 0 joined room 1 and is now identified as tax_evasion [3114bf61]
[2025-10-10 19:22:15 | Room 1] Track #6 and 3 laps were selected
All players finished
Restarting in 6 seconds
1 player race detected, finishing
[2025-10-10 19:24:07 | Room 1] Countdown to finish started, resetting room soon
[2025-10-10 19:24:12 | Room 1] Room has been reset
[2025-10-10 19:24:13 | Room 1] Player 0 joined room 1 and is now identified as tax_evasion [3114bf61]
[2025-10-10 19:24:28 | Room 1] Track #7 and 3 laps were selected
[2025-10-10 19:25:10 | Room 1] Player tax_evasion (0) disconnected from room
[2025-10-10 19:25:10 | Room 1] Room has been killed as no players are left
[2025-10-10 19:25:16 | Room 1] Player 0 joined room 1 and is now identified as tax_evasion [3114bf61]
[2025-10-10 19:25:28 | Room 1] Track #3 and 3 laps were selected
[2025-10-10 19:25:49 | Room 1] Player tax_evasion (0) disconnected from room
[2025-10-10 19:25:49 | Room 1] Room has been killed as no players are left
[2025-10-10 19:25:55 | Room 1] Player 0 joined room 1 and is now identified as tax_evasion [3114bf61]
[2025-10-10 19:26:18 | Room 1] Track #8 and 3 laps were selected
[2025-10-10 19:27:03 | Room 1] Player tax_evasion (0) disconnected from room
[2025-10-10 19:27:03 | Room 1] Room has been killed as no players are left
[2025-10-10 19:27:39 | Room 1] Player 0 joined room 1 and is now identified as tax_evasion [3114bf61]
[2025-10-10 19:27:51 | Room 1] Player 1 joined room 1 and is now identified as Pepsimntr [72810ab6]
[2025-10-10 19:28:11 | Room 1] Track #1 and 3 laps were selected
Required players finished!
Race ends in 30 seconds
[2025-10-10 19:30:18 | Room 1] Countdown to finish started, resetting room soon
[2025-10-10 19:30:47 | Room 1] Room has been reset
[2025-10-10 19:30:48 | Room 1] Player 0 joined room 1 and is now identified as tax_evasion [3114bf61]
[2025-10-10 19:30:48 | Room 1] Player 1 joined room 1 and is now identified as Pepsimntr [72810ab6]
[2025-10-10 19:31:00 | Room 1] Track #3 and 3 laps were selected
Required players finished!
Race ends in 30 seconds
[2025-10-10 19:32:51 | Room 1] Countdown to finish started, resetting room soon
All players finished
Restarting in 3 seconds
[2025-10-10 19:32:53 | Room 1] Room has been reset
[2025-10-10 19:32:54 | Room 1] Player 0 joined room 1 and is now identified as tax_evasion [3114bf61]
[2025-10-10 19:32:54 | Room 1] Player 1 joined room 1 and is now identified as Pepsimntr [72810ab6]
[2025-10-10 19:33:01 | Room 1] Track #6 and 3 laps were selected
Required players finished!
Race ends in 30 seconds
[2025-10-10 19:34:50 | Room 1] Countdown to finish started, resetting room soon
All players finished
Restarting in 3 seconds
[2025-10-10 19:34:55 | Room 1] Room has been reset
[2025-10-10 19:34:56 | Room 1] Player 0 joined room 1 and is now identified as tax_evasion [3114bf61]
[2025-10-10 19:34:56 | Room 1] Player 1 joined room 1 and is now identified as Pepsimntr [72810ab6]
[2025-10-10 19:35:10 | Room 1] Track #7 and 3 laps were selected
Required players finished!
Race ends in 30 seconds
[2025-10-10 19:38:50 | Room 1] Countdown to finish started, resetting room soon
All players finished
Restarting in 3 seconds
[2025-10-10 19:39:11 | Room 1] Room has been reset
[2025-10-10 19:39:12 | Room 1] Player 0 joined room 1 and is now identified as tax_evasion [3114bf61]
[2025-10-10 19:39:12 | Room 1] Player 1 joined room 1 and is now identified as Pepsimntr [72810ab6]
[2025-10-10 19:39:24 | Room 1] Track #0 and 3 laps were selected
Required players finished!
Race ends in 30 seconds
[2025-10-10 19:41:28 | Room 1] Countdown to finish started, resetting room soon
All players finished
Restarting in 3 seconds
[2025-10-10 19:41:30 | Room 1] Room has been reset
[2025-10-10 19:41:31 | Room 1] Player 0 joined room 1 and is now identified as tax_evasion [3114bf61]
[2025-10-10 19:41:31 | Room 1] Player 1 joined room 1 and is now identified as Pepsimntr [72810ab6]
[2025-10-10 19:41:39 | Room 1] Track #2 and 3 laps were selected
Required players finished!
Race ends in 30 seconds
[2025-10-10 19:43:40 | Room 1] Countdown to finish started, resetting room soon
All players finished
Restarting in 3 seconds
[2025-10-10 19:43:43 | Room 1] Room has been reset
[2025-10-10 19:43:44 | Room 1] Player 0 joined room 1 and is now identified as tax_evasion [3114bf61]
[2025-10-10 19:43:44 | Room 1] Player 1 joined room 1 and is now identified as Pepsimntr [72810ab6]
[2025-10-10 19:43:55 | Room 1] Track #1 and 3 laps were selected
Required players finished!
Race ends in 30 seconds
[2025-10-10 19:45:56 | Room 1] Countdown to finish started, resetting room soon
All players finished
Restarting in 3 seconds
[2025-10-10 19:46:09 | Room 1] Room has been reset
[2025-10-10 19:46:10 | Room 1] Player 0 joined room 1 and is now identified as tax_evasion [3114bf61]
[2025-10-10 19:46:10 | Room 1] Player 1 joined room 1 and is now identified as Pepsimntr [72810ab6]
[2025-10-10 19:46:26 | Room 1] Track #8 and 3 laps were selected
Required players finished!
Race ends in 30 seconds
[2025-10-10 19:49:01 | Room 1] Countdown to finish started, resetting room soon
All players finished
Restarting in 3 seconds
[2025-10-10 19:49:09 | Room 1] Room has been reset
[2025-10-10 19:49:10 | Room 1] Player 0 joined room 1 and is now identified as tax_evasion [3114bf61]
[2025-10-10 19:49:10 | Room 1] Player 1 joined room 1 and is now identified as Pepsimntr [72810ab6]
[2025-10-10 19:49:15 | Room 1] Player tax_evasion (0) disconnected from room
[2025-10-10 19:49:19 | Room 1] Player Pepsimntr (1) disconnected from room
[2025-10-10 19:49:19 | Room 1] Room has been killed as no players are left
[2025-10-10 22:57:44 | Room 1] Player 0 joined room 1 and is now identified as Slayer [b61cf417]
[2025-10-10 22:57:59 | Room 1] Player Slayer (0) disconnected from room
[2025-10-10 22:57:59 | Room 1] Room has been killed as no players are left
[2025-10-10 23:19:06 | Room 1] Player 0 joined room 1 and is now identified as Slayer [b61cf417]
[2025-10-10 23:19:22 | Room 1] Track #11 and 31 laps were selected
[2025-10-10 23:19:26 | Room 1] Player Slayer (0) disconnected from room
[2025-10-10 23:19:26 | Room 1] Room has been killed as no players are left
[2025-10-10 23:19:32 | Room 1] Player 0 joined room 1 and is now identified as Slayer [b61cf417]
[2025-10-10 23:19:50 | Room 1] Track #11 and 1 laps were selected
[2025-10-10 23:19:54 | Room 1] Player Slayer (0) disconnected from room
[2025-10-10 23:19:54 | Room 1] Room has been killed as no players are left
[2025-10-10 23:19:58 | Room 1] Player 0 joined room 1 and is now identified as Slayer [b61cf417]
[2025-10-10 23:20:08 | Room 1] Player Slayer (0) disconnected from room
[2025-10-10 23:20:08 | Room 1] Room has been killed as no players are left
[2025-10-10 23:20:10 | Room 1] Player 0 joined room 1 and is now identified as Slayer [b61cf417]
[2025-10-10 23:20:45 | Room 1] Track #11 and 1 laps were selected
All players finished
Restarting in 6 seconds
1 player race detected, finishing
[2025-10-10 23:21:48 | Room 1] Countdown to finish started, resetting room soon
[2025-10-10 23:21:53 | Room 1] Room has been reset
[2025-10-10 23:21:54 | Room 1] Player 0 joined room 1 and is now identified as Slayer [b61cf417]
[2025-10-10 23:22:14 | Room 1] Track #4 and 1 laps were selected
[2025-10-10 23:22:44 | Room 1] Player Slayer (0) disconnected from room
[2025-10-10 23:22:44 | Room 1] Room has been killed as no players are left
[2025-10-10 23:22:50 | Room 1] Player 0 joined room 1 and is now identified as Slayer [b61cf417]
[2025-10-10 23:23:06 | Room 1] Track #11 and 1 laps were selected
[2025-10-10 23:24:26 | Room 1] Player Slayer (0) disconnected from room
[2025-10-10 23:24:26 | Room 1] Room has been killed as no players are left
[2025-10-10 23:24:27 | Room 1] Player 0 joined room 1 and is now identified as smoke-weed [4c0606b3]
[2025-10-10 23:24:35 | Room 1] Player 1 joined room 1 and is now identified as Slayer [b61cf417]
[2025-10-10 23:24:39 | Room 1] Track #0 and 3 laps were selected
Required players finished!
Race ends in 30 seconds
[2025-10-10 23:26:33 | Room 1] Countdown to finish started, resetting room soon
All players finished
Restarting in 3 seconds
[2025-10-10 23:26:43 | Room 1] Room has been reset
[2025-10-10 23:26:44 | Room 1] Player 1 joined room 1 and is now identified as Slayer [b61cf417]
[2025-10-10 23:26:44 | Room 1] Player 0 joined room 1 and is now identified as smoke-weed [4c0606b3]
[2025-10-10 23:26:44 | Room 1] Player 2 joined room 1 and is now identified as turb@sebas [b23dedbe]
[2025-10-10 23:26:49 | Room 1] Track #1 and 3 laps were selected
[2025-10-10 23:27:08 | Room 1] Player Slayer (1) disconnected from room
Required players finished!
Race ends in 30 seconds
[2025-10-10 23:28:41 | Room 1] Countdown to finish started, resetting room soon
All players finished
Restarting in 3 seconds
[2025-10-10 23:28:52 | Room 1] Room has been reset
[2025-10-10 23:28:53 | Room 1] Player 0 joined room 1 and is now identified as smoke-weed [4c0606b3]
[2025-10-10 23:28:53 | Room 1] Player 2 joined room 1 and is now identified as turb@sebas [b23dedbe]
[2025-10-10 23:29:00 | Room 1] Track #2 and 3 laps were selected
Required players finished!
Race ends in 30 seconds
[2025-10-10 23:30:34 | Room 1] Countdown to finish started, resetting room soon
All players finished
Restarting in 3 seconds
[2025-10-10 23:31:00 | Room 1] Room has been reset
[2025-10-10 23:31:01 | Room 1] Player 2 joined room 1 and is now identified as turb@sebas [b23dedbe]
[2025-10-10 23:31:01 | Room 1] Player 0 joined room 1 and is now identified as smoke-weed [4c0606b3]
[2025-10-10 23:31:11 | Room 1] Track #3 and 3 laps were selected
Required players finished!
Race ends in 30 seconds
[2025-10-10 23:33:03 | Room 1] Countdown to finish started, resetting room soon
All players finished
Restarting in 3 seconds
[2025-10-10 23:33:06 | Room 1] Room has been reset
[2025-10-10 23:33:07 | Room 1] Player 2 joined room 1 and is now identified as turb@sebas [b23dedbe]
[2025-10-10 23:33:07 | Room 1] Player 0 joined room 1 and is now identified as smoke-weed [4c0606b3]
[2025-10-10 23:33:14 | Room 1] Track #14 and 3 laps were selected
Required players finished!
Race ends in 30 seconds
[2025-10-10 23:34:58 | Room 1] Countdown to finish started, resetting room soon
[2025-10-10 23:35:00 | Room 1] Player smoke-weed (0) disconnected from room
All players finished
Restarting in 6 seconds
[2025-10-10 23:35:05 | Room 1] Room has been reset
[2025-10-10 23:35:06 | Room 1] Player 2 joined room 1 and is now identified as turb@sebas [b23dedbe]
[2025-10-10 23:35:10 | Room 1] Player turb@sebas (2) disconnected from room
[2025-10-10 23:35:10 | Room 1] Room has been killed as no players are left
[2025-10-11 02:04:42 | Room 1] Player 0 joined room 1 and is now identified as RamiVL [edfef5bd]
[2025-10-11 02:05:04 | Room 1] Track #0 and 1 laps were selected
All players finished
Restarting in 6 seconds
1 player race detected, finishing
[2025-10-11 02:06:02 | Room 1] Countdown to finish started, resetting room soon
[2025-10-11 02:06:07 | Room 1] Room has been reset
[2025-10-11 02:06:08 | Room 1] Player 0 joined room 1 and is now identified as RamiVL [edfef5bd]
[2025-10-11 02:06:15 | Room 1] Player RamiVL (0) disconnected from room
[2025-10-11 02:06:15 | Room 1] Room has been killed as no players are left
[2025-10-11 03:48:54 | Room 16] Player 0 joined room 16 and is now identified as Gasmoxian [2b79e9bd]
[2025-10-11 03:49:05 | Room 16] Track #0 and 1 laps were selected
All players finished
Restarting in 6 seconds
1 player race detected, finishing
[2025-10-11 03:50:00 | Room 16] Countdown to finish started, resetting room soon
[2025-10-11 03:50:05 | Room 16] Room has been reset
[2025-10-11 03:50:06 | Room 16] Player 0 joined room 16 and is now identified as Gasmoxian [2b79e9bd]
[2025-10-11 03:50:28 | Room 16] Player Gasmoxian (0) disconnected from room
[2025-10-11 03:50:28 | Room 16] Room has been killed as no players are left
[2025-10-11 08:07:17 | Room 1] Player 0 joined room 1 and is now identified as STUDSX [fbee2605]
[2025-10-11 08:07:23 | Room 1] Track #12 and 3 laps were selected
All players finished
Restarting in 6 seconds
1 player race detected, finishing
[2025-10-11 08:10:15 | Room 1] Countdown to finish started, resetting room soon
[2025-10-11 08:10:20 | Room 1] Room has been reset
[2025-10-11 08:10:21 | Room 1] Player 0 joined room 1 and is now identified as STUDSX [fbee2605]
[2025-10-11 08:10:32 | Room 1] Track #11 and 3 laps were selected
All players finished
Restarting in 6 seconds
1 player race detected, finishing
[2025-10-11 08:13:01 | Room 1] Countdown to finish started, resetting room soon
[2025-10-11 08:13:06 | Room 1] Room has been reset
[2025-10-11 08:13:07 | Room 1] Player 0 joined room 1 and is now identified as STUDSX [fbee2605]
[2025-10-11 08:13:15 | Room 1] Track #4 and 3 laps were selected
All players finished
Restarting in 6 seconds
1 player race detected, finishing
[2025-10-11 08:15:11 | Room 1] Countdown to finish started, resetting room soon
[2025-10-11 08:15:16 | Room 1] Room has been reset
[2025-10-11 08:15:17 | Room 1] Player 0 joined room 1 and is now identified as STUDSX [fbee2605]
[2025-10-11 08:15:23 | Room 1] Track #13 and 3 laps were selected
All players finished
Restarting in 6 seconds
1 player race detected, finishing
[2025-10-11 08:18:11 | Room 1] Countdown to finish started, resetting room soon
[2025-10-11 08:18:16 | Room 1] Room has been reset
[2025-10-11 08:18:17 | Room 1] Player 0 joined room 1 and is now identified as STUDSX [fbee2605]
[2025-10-11 08:23:38 | Room 1] Track #10 and 3 laps were selected
All players finished
Restarting in 6 seconds
1 player race detected, finishing
[2025-10-11 08:26:00 | Room 1] Countdown to finish started, resetting room soon
[2025-10-11 08:26:05 | Room 1] Room has been reset
[2025-10-11 08:26:06 | Room 1] Player 0 joined room 1 and is now identified as STUDSX [fbee2605]
[2025-10-11 08:26:30 | Room 1] Player STUDSX (0) disconnected from room
[2025-10-11 08:26:30 | Room 1] Room has been killed as no players are left
[2025-10-11 09:41:19 | Room 1] Player 0 joined room 1 and is now identified as STUDSX [fbee2605]
[2025-10-11 09:41:32 | Room 1] Track #13 and 3 laps were selected
All players finished
Restarting in 6 seconds
1 player race detected, finishing
[2025-10-11 09:45:06 | Room 1] Countdown to finish started, resetting room soon
[2025-10-11 09:45:11 | Room 1] Room has been reset
[2025-10-11 09:45:12 | Room 1] Player 0 joined room 1 and is now identified as STUDSX [fbee2605]
[2025-10-11 09:46:17 | Room 1] Track #5 and 3 laps were selected
All players finished
Restarting in 6 seconds
1 player race detected, finishing
[2025-10-11 09:48:34 | Room 1] Countdown to finish started, resetting room soon
[2025-10-11 09:48:39 | Room 1] Room has been reset
[2025-10-11 09:48:40 | Room 1] Player 0 joined room 1 and is now identified as STUDSX [fbee2605]
[2025-10-11 09:48:52 | Room 1] Track #7 and 3 laps were selected
All players finished
Restarting in 6 seconds
1 player race detected, finishing
[2025-10-11 09:51:37 | Room 1] Countdown to finish started, resetting room soon
[2025-10-11 09:51:42 | Room 1] Room has been reset
[2025-10-11 09:51:43 | Room 1] Player 0 joined room 1 and is now identified as STUDSX [fbee2605]
[2025-10-11 09:51:51 | Room 1] Track #7 and 3 laps were selected
All players finished
Restarting in 6 seconds
1 player race detected, finishing
[2025-10-11 09:54:25 | Room 1] Countdown to finish started, resetting room soon
[2025-10-11 09:54:30 | Room 1] Room has been reset
[2025-10-11 09:54:31 | Room 1] Player 0 joined room 1 and is now identified as STUDSX [fbee2605]
[2025-10-11 09:54:43 | Room 1] Player STUDSX (0) disconnected from room
[2025-10-11 09:54:43 | Room 1] Room has been killed as no players are left
[2025-10-11 10:22:56 | Room 1] Player 0 joined room 1 and is now identified as Mrlingan [be22225c]
[2025-10-11 10:23:05 | Room 1] Track #12 and 23 laps were selected
[2025-10-11 10:36:07 | Room 1] Player Mrlingan (0) disconnected from room
[2025-10-11 10:36:07 | Room 1] Room has been killed as no players are left
[2025-10-11 10:36:27 | Room 2] Player 0 joined room 2 and is now identified as Mrlingan [be22225c]
[2025-10-11 10:36:32 | Room 2] Track #12 and 3 laps were selected
[2025-10-11 10:37:15 | Room 2] Player Mrlingan (0) disconnected from room
[2025-10-11 10:37:15 | Room 2] Room has been killed as no players are left
[2025-10-11 10:49:09 | Room 1] Player 0 joined room 1 and is now identified as Mrlingan [be22225c]
[2025-10-11 10:49:15 | Room 1] Track #12 and 3 laps were selected
All players finished
Restarting in 6 seconds
1 player race detected, finishing
[2025-10-11 10:52:14 | Room 1] Countdown to finish started, resetting room soon
[2025-10-11 10:52:19 | Room 1] Room has been reset
[2025-10-11 10:52:20 | Room 1] Player 0 joined room 1 and is now identified as Mrlingan [be22225c]
[2025-10-11 10:52:24 | Room 1] Track #0 and 3 laps were selected
All players finished
Restarting in 6 seconds
1 player race detected, finishing
[2025-10-11 10:54:06 | Room 1] Countdown to finish started, resetting room soon
[2025-10-11 10:54:11 | Room 1] Room has been reset
[2025-10-11 10:54:12 | Room 1] Player 0 joined room 1 and is now identified as Mrlingan [be22225c]
[2025-10-11 10:54:17 | Room 1] Track #13 and 3 laps were selected
All players finished
Restarting in 6 seconds
1 player race detected, finishing
[2025-10-11 10:57:07 | Room 1] Countdown to finish started, resetting room soon
[2025-10-11 10:57:12 | Room 1] Room has been reset
[2025-10-11 10:57:13 | Room 1] Player 0 joined room 1 and is now identified as Mrlingan [be22225c]
[2025-10-11 10:57:21 | Room 1] Track #8 and 1 laps were selected
[2025-10-11 10:58:11 | Room 1] Player Mrlingan (0) disconnected from room
[2025-10-11 10:58:11 | Room 1] Room has been killed as no players are left
[2025-10-11 11:07:03 | Room 1] Player 0 joined room 1 and is now identified as Mrlingan [be22225c]
[2025-10-11 11:07:07 | Room 1] Track #2 and 3 laps were selected
[2025-10-11 11:08:12 | Room 1] Player Mrlingan (0) disconnected from room
[2025-10-11 11:08:12 | Room 1] Room has been killed as no players are left
[2025-10-11 11:08:21 | Room 1] Player 0 joined room 1 and is now identified as Mrlingan [be22225c]
[2025-10-11 11:08:31 | Room 1] Track #10 and 3 laps were selected
[2025-10-11 11:10:49 | Room 1] Player Mrlingan (0) disconnected from room
[2025-10-11 11:10:49 | Room 1] Room has been killed as no players are left
[2025-10-11 11:11:26 | Room 1] Player 0 joined room 1 and is now identified as Mrlingan [be22225c]
[2025-10-11 11:11:28 | Room 1] Player Mrlingan (0) disconnected from room
[2025-10-11 11:11:28 | Room 1] Room has been killed as no players are left
[2025-10-11 11:11:32 | Room 1] Player 0 joined room 1 and is now identified as Mrlingan [be22225c]
[2025-10-11 11:11:35 | Room 1] Track #0 and 1 laps were selected
All players finished
Restarting in 6 seconds
1 player race detected, finishing
[2025-10-11 11:12:18 | Room 1] Countdown to finish started, resetting room soon
[2025-10-11 11:12:23 | Room 1] Room has been reset
[2025-10-11 11:12:24 | Room 1] Player 0 joined room 1 and is now identified as Mrlingan [be22225c]
[2025-10-11 11:12:29 | Room 1] Track #6 and 3 laps were selected
All players finished
Restarting in 6 seconds
1 player race detected, finishing
[2025-10-11 11:13:53 | Room 1] Countdown to finish started, resetting room soon
[2025-10-11 11:13:58 | Room 1] Room has been reset
[2025-10-11 11:13:59 | Room 1] Player 0 joined room 1 and is now identified as Mrlingan [be22225c]
[2025-10-11 11:14:32 | Room 1] Player 1 joined room 1 and is now identified as L1NGZ [1765b197]
[2025-10-11 11:14:37 | Room 1] Track #0 and 3 laps were selected
Required players finished!
Race ends in 30 seconds
[2025-10-11 11:16:22 | Room 1] Countdown to finish started, resetting room soon
All players finished
Restarting in 3 seconds
[2025-10-11 11:16:25 | Room 1] Room has been reset
[2025-10-11 11:16:26 | Room 1] Player 0 joined room 1 and is now identified as Mrlingan [be22225c]
[2025-10-11 11:16:26 | Room 1] Player 1 joined room 1 and is now identified as L1NGZ [1765b197]
[2025-10-11 11:16:33 | Room 1] Track #12 and 5 laps were selected
[2025-10-11 11:19:14 | Room 1] Player L1NGZ (1) disconnected from room
[2025-10-11 11:20:17 | Room 1] Player Mrlingan (0) disconnected from room
[2025-10-11 11:20:17 | Room 1] Room has been killed as no players are left
[2025-10-11 11:20:22 | Room 1] Player 0 joined room 1 and is now identified as Mrlingan [be22225c]
[2025-10-11 11:20:28 | Room 1] Track #6 and 3 laps were selected
All players finished
Restarting in 6 seconds
1 player race detected, finishing
[2025-10-11 11:21:54 | Room 1] Countdown to finish started, resetting room soon
[2025-10-11 11:21:59 | Room 1] Room has been reset
[2025-10-11 11:22:00 | Room 1] Player 0 joined room 1 and is now identified as Mrlingan [be22225c]
[2025-10-11 11:22:07 | Room 1] Track #7 and 1 laps were selected
All players finished
Restarting in 6 seconds
1 player race detected, finishing
[2025-10-11 11:23:12 | Room 1] Countdown to finish started, resetting room soon
[2025-10-11 11:23:17 | Room 1] Room has been reset
[2025-10-11 11:23:18 | Room 1] Player 0 joined room 1 and is now identified as Mrlingan [be22225c]
[2025-10-11 11:23:37 | Room 1] Track #4 and 1 laps were selected
All players finished
Restarting in 6 seconds
1 player race detected, finishing
[2025-10-11 11:24:20 | Room 1] Countdown to finish started, resetting room soon
[2025-10-11 11:24:25 | Room 1] Room has been reset
[2025-10-11 11:24:26 | Room 1] Player 0 joined room 1 and is now identified as Mrlingan [be22225c]
[2025-10-11 11:26:08 | Room 1] Track #3 and 1 laps were selected
All players finished
Restarting in 6 seconds
1 player race detected, finishing
[2025-10-11 11:26:47 | Room 1] Countdown to finish started, resetting room soon
[2025-10-11 11:26:52 | Room 1] Room has been reset
[2025-10-11 11:26:53 | Room 1] Player 0 joined room 1 and is now identified as Mrlingan [be22225c]
[2025-10-11 11:27:01 | Room 1] Track #8 and 1 laps were selected
All players finished
Restarting in 6 seconds
1 player race detected, finishing
[2025-10-11 11:27:50 | Room 1] Countdown to finish started, resetting room soon
[2025-10-11 11:27:55 | Room 1] Room has been reset
[2025-10-11 11:27:56 | Room 1] Player 0 joined room 1 and is now identified as Mrlingan [be22225c]
[2025-10-11 11:28:16 | Room 1] Track #8 and 1 laps were selected
All players finished
Restarting in 6 seconds
1 player race detected, finishing
[2025-10-11 11:29:08 | Room 1] Countdown to finish started, resetting room soon
[2025-10-11 11:29:13 | Room 1] Room has been reset
[2025-10-11 11:29:14 | Room 1] Player 0 joined room 1 and is now identified as Mrlingan [be22225c]
[2025-10-11 11:29:14 | Room 1] Player 1 joined room 1 and is now identified as L1NGZ [1765b197]
[2025-10-11 11:29:18 | Room 1] Track #8 and 3 laps were selected
[2025-10-11 11:29:21 | Room 1] Player L1NGZ (1) disconnected from room
[2025-10-11 11:30:40 | Room 1] Player Mrlingan (0) disconnected from room
[2025-10-11 11:30:40 | Room 1] Room has been killed as no players are left
[2025-10-11 11:30:40 | Room 1] Player 0 joined room 1 and is now identified as L1NGZ [1765b197]
[2025-10-11 11:30:46 | Room 1] Player 1 joined room 1 and is now identified as Mrlingan [be22225c]
[2025-10-11 11:31:16 | Room 1] Track #1 and 3 laps were selected
Required players finished!
Race ends in 30 seconds
[2025-10-11 11:33:04 | Room 1] Countdown to finish started, resetting room soon
All players finished
Restarting in 3 seconds
[2025-10-11 11:33:18 | Room 1] Room has been reset
[2025-10-11 11:33:19 | Room 1] Player 0 joined room 1 and is now identified as L1NGZ [1765b197]
[2025-10-11 11:33:19 | Room 1] Player 1 joined room 1 and is now identified as Mrlingan [be22225c]
[2025-10-11 11:33:33 | Room 1] Track #11 and 3 laps were selected
Required players finished!
Race ends in 30 seconds
[2025-10-11 11:36:10 | Room 1] Countdown to finish started, resetting room soon
All players finished
Restarting in 3 seconds
[2025-10-11 11:36:28 | Room 1] Room has been reset
[2025-10-11 11:36:29 | Room 1] Player 0 joined room 1 and is now identified as L1NGZ [1765b197]
[2025-10-11 11:36:29 | Room 1] Player 1 joined room 1 and is now identified as Mrlingan [be22225c]
[2025-10-11 11:36:36 | Room 1] Track #1 and 3 laps were selected
Required players finished!
Race ends in 30 seconds
[2025-10-11 11:38:19 | Room 1] Countdown to finish started, resetting room soon
All players finished
Restarting in 3 seconds
[2025-10-11 11:38:43 | Room 1] Room has been reset
[2025-10-11 11:38:44 | Room 1] Player 1 joined room 1 and is now identified as Mrlingan [be22225c]
[2025-10-11 11:38:44 | Room 1] Player 0 joined room 1 and is now identified as L1NGZ [1765b197]
[2025-10-11 11:38:58 | Room 1] Track #16 and 3 laps were selected
Required players finished!
Race ends in 30 seconds
[2025-10-11 11:41:00 | Room 1] Countdown to finish started, resetting room soon
All players finished
Restarting in 3 seconds
[2025-10-11 11:41:06 | Room 1] Room has been reset
[2025-10-11 11:41:07 | Room 1] Player 0 joined room 1 and is now identified as L1NGZ [1765b197]
[2025-10-11 11:41:07 | Room 1] Player 1 joined room 1 and is now identified as Mrlingan [be22225c]
[2025-10-11 11:41:15 | Room 1] Track #8 and 5 laps were selected
Required players finished!
Race ends in 30 seconds
[2025-10-11 11:44:33 | Room 1] Countdown to finish started, resetting room soon
All players finished
Restarting in 3 seconds
[2025-10-11 11:44:58 | Room 1] Room has been reset
[2025-10-11 11:44:59 | Room 1] Player 1 joined room 1 and is now identified as Mrlingan [be22225c]
[2025-10-11 11:44:59 | Room 1] Player 0 joined room 1 and is now identified as L1NGZ [1765b197]
[2025-10-11 11:45:24 | Room 1] Track #9 and 7 laps were selected
Required players finished!
Race ends in 30 seconds
[2025-10-11 11:50:18 | Room 1] Countdown to finish started, resetting room soon
All players finished
Restarting in 3 seconds
[2025-10-11 11:50:30 | Room 1] Room has been reset
[2025-10-11 11:50:31 | Room 1] Player 0 joined room 1 and is now identified as L1NGZ [1765b197]
[2025-10-11 11:50:31 | Room 1] Player 1 joined room 1 and is now identified as Mrlingan [be22225c]
[2025-10-11 11:50:40 | Room 1] Track #2 and 3 laps were selected
Required players finished!
Race ends in 30 seconds
[2025-10-11 11:52:17 | Room 1] Countdown to finish started, resetting room soon
All players finished
Restarting in 3 seconds
[2025-10-11 11:52:40 | Room 1] Room has been reset
[2025-10-11 11:52:41 | Room 1] Player 0 joined room 1 and is now identified as L1NGZ [1765b197]
[2025-10-11 11:52:41 | Room 1] Player 1 joined room 1 and is now identified as Mrlingan [be22225c]
[2025-10-11 11:52:49 | Room 1] Track #14 and 3 laps were selected
Required players finished!
Race ends in 30 seconds
[2025-10-11 11:54:38 | Room 1] Countdown to finish started, resetting room soon
All players finished
Restarting in 3 seconds
[2025-10-11 11:54:43 | Room 1] Room has been reset
[2025-10-11 11:54:44 | Room 1] Player 1 joined room 1 and is now identified as Mrlingan [be22225c]
[2025-10-11 11:54:44 | Room 1] Player 0 joined room 1 and is now identified as L1NGZ [1765b197]
[2025-10-11 11:54:54 | Room 1] Track #14 and 3 laps were selected
Required players finished!
Race ends in 30 seconds
[2025-10-11 12:01:02 | Room 1] Countdown to finish started, resetting room soon
[2025-10-11 12:01:31 | Room 1] Room has been reset
[2025-10-11 12:01:32 | Room 1] Player 0 joined room 1 and is now identified as L1NGZ [1765b197]
[2025-10-11 12:01:32 | Room 1] Player 1 joined room 1 and is now identified as Mrlingan [be22225c]
[2025-10-11 12:01:41 | Room 1] Track #6 and 1 laps were selected
Required players finished!
Race ends in 30 seconds
[2025-10-11 12:02:27 | Room 1] Countdown to finish started, resetting room soon
All players finished
Restarting in 3 seconds
[2025-10-11 12:02:33 | Room 1] Room has been reset
[2025-10-11 12:02:34 | Room 1] Player 0 joined room 1 and is now identified as L1NGZ [1765b197]
[2025-10-11 12:02:34 | Room 1] Player 1 joined room 1 and is now identified as Mrlingan [be22225c]
[2025-10-11 12:02:44 | Room 1] Track #6 and 3 laps were selected
Required players finished!
Race ends in 30 seconds
[2025-10-11 12:04:12 | Room 1] Countdown to finish started, resetting room soon
All players finished
Restarting in 3 seconds
[2025-10-11 12:04:20 | Room 1] Room has been reset
[2025-10-11 12:04:21 | Room 1] Player 0 joined room 1 and is now identified as L1NGZ [1765b197]
[2025-10-11 12:04:21 | Room 1] Player 1 joined room 1 and is now identified as Mrlingan [be22225c]
[2025-10-11 12:04:31 | Room 1] Track #14 and 3 laps were selected
Required players finished!
Race ends in 30 seconds
[2025-10-11 12:06:09 | Room 1] Countdown to finish started, resetting room soon
All players finished
Restarting in 3 seconds
[2025-10-11 12:06:15 | Room 1] Room has been reset
[2025-10-11 12:06:16 | Room 1] Player 1 joined room 1 and is now identified as Mrlingan [be22225c]
[2025-10-11 12:06:16 | Room 1] Player 0 joined room 1 and is now identified as L1NGZ [1765b197]
[2025-10-11 12:06:29 | Room 1] Track #10 and 3 laps were selected
Required players finished!
Race ends in 30 seconds
[2025-10-11 12:09:14 | Room 1] Countdown to finish started, resetting room soon
All players finished
Restarting in 3 seconds
[2025-10-11 12:09:29 | Room 1] Room has been reset
[2025-10-11 12:09:30 | Room 1] Player 0 joined room 1 and is now identified as L1NGZ [1765b197]
[2025-10-11 12:09:30 | Room 1] Player 1 joined room 1 and is now identified as Mrlingan [be22225c]
[2025-10-11 12:10:03 | Room 1] Track #3 and 3 laps were selected
Required players finished!
Race ends in 30 seconds
[2025-10-11 12:12:07 | Room 1] Countdown to finish started, resetting room soon
All players finished
Restarting in 3 seconds
[2025-10-11 12:12:10 | Room 1] Room has been reset
[2025-10-11 12:12:11 | Room 1] Player 0 joined room 1 and is now identified as L1NGZ [1765b197]
[2025-10-11 12:12:11 | Room 1] Player 1 joined room 1 and is now identified as Mrlingan [be22225c]
[2025-10-11 12:12:35 | Room 1] Track #0 and 1 laps were selected
Required players finished!
Race ends in 30 seconds
[2025-10-11 12:13:25 | Room 1] Countdown to finish started, resetting room soon
All players finished
Restarting in 3 seconds
[2025-10-11 12:13:28 | Room 1] Room has been reset
[2025-10-11 12:13:29 | Room 1] Player 0 joined room 1 and is now identified as L1NGZ [1765b197]
[2025-10-11 12:13:29 | Room 1] Player 1 joined room 1 and is now identified as Mrlingan [be22225c]
[2025-10-11 12:13:37 | Room 1] Track #11 and 3 laps were selected
Required players finished!
Race ends in 30 seconds
[2025-10-11 12:16:08 | Room 1] Countdown to finish started, resetting room soon
All players finished
Restarting in 3 seconds
[2025-10-11 12:16:24 | Room 1] Room has been reset
[2025-10-11 12:16:25 | Room 1] Player 0 joined room 1 and is now identified as L1NGZ [1765b197]
[2025-10-11 12:16:25 | Room 1] Player 1 joined room 1 and is now identified as Mrlingan [be22225c]
[2025-10-11 12:16:39 | Room 1] Track #13 and 3 laps were selected
Required players finished!
Race ends in 30 seconds
[2025-10-11 12:23:04 | Room 1] Countdown to finish started, resetting room soon
[2025-10-11 12:23:33 | Room 1] Room has been reset
[2025-10-11 12:23:34 | Room 1] Player 0 joined room 1 and is now identified as L1NGZ [1765b197]
[2025-10-11 12:23:34 | Room 1] Player 1 joined room 1 and is now identified as Mrlingan [be22225c]
[2025-10-11 12:23:41 | Room 1] Track #5 and 3 laps were selected
Required players finished!
Race ends in 30 seconds
[2025-10-11 12:26:19 | Room 1] Countdown to finish started, resetting room soon
[2025-10-11 12:26:30 | Room 1] Player Mrlingan (1) disconnected from room
All players finished
Restarting in 6 seconds
[2025-10-11 12:26:39 | Room 1] Room has been reset
[2025-10-11 12:26:47 | Room 1] Player L1NGZ (0) disconnected from room
[2025-10-11 12:26:47 | Room 1] Room has been killed as no players are left
[2025-10-11 18:43:12 | Room 1] Player 0 joined room 1 and is now identified as klaas [f8242d3e]
[2025-10-11 18:43:18 | Room 1] Track #7 and 3 laps were selected
[2025-10-11 18:44:55 | Room 1] Player klaas (0) disconnected from room
[2025-10-11 18:44:55 | Room 1] Room has been killed as no players are left
[2025-10-11 18:49:50 | Room 1] Player 0 joined room 1 and is now identified as Pepsimntr [ca810ab6]
[2025-10-11 18:50:04 | Room 1] Track #12 and 3 laps were selected
All players finished
Restarting in 6 seconds
1 player race detected, finishing
[2025-10-11 18:52:51 | Room 1] Countdown to finish started, resetting room soon
[2025-10-11 18:52:56 | Room 1] Room has been reset
[2025-10-11 18:52:57 | Room 1] Player 0 joined room 1 and is now identified as Pepsimntr [ca810ab6]
[2025-10-11 18:53:03 | Room 1] Track #2 and 3 laps were selected
All players finished
Restarting in 6 seconds
1 player race detected, finishing
[2025-10-11 18:54:34 | Room 1] Countdown to finish started, resetting room soon
[2025-10-11 18:54:39 | Room 1] Room has been reset
[2025-10-11 18:54:40 | Room 1] Player 0 joined room 1 and is now identified as Pepsimntr [ca810ab6]
[2025-10-11 18:54:58 | Room 1] Track #13 and 3 laps were selected
All players finished
Restarting in 6 seconds
1 player race detected, finishing
[2025-10-11 18:58:13 | Room 1] Countdown to finish started, resetting room soon
[2025-10-11 18:58:18 | Room 1] Room has been reset
[2025-10-11 18:58:19 | Room 1] Player 0 joined room 1 and is now identified as Pepsimntr [ca810ab6]
[2025-10-11 18:58:22 | Room 1] Player Pepsimntr (0) disconnected from room
[2025-10-11 18:58:22 | Room 1] Room has been killed as no players are left
[2025-10-11 20:13:13 | Room 1] Player 0 joined room 1 and is now identified as Samir [42abaf5a]
[2025-10-11 20:13:25 | Room 1] Track #10 and 3 laps were selected
[2025-10-11 20:15:17 | Room 1] Player Samir (0) disconnected from room
[2025-10-11 20:15:17 | Room 1] Room has been killed as no players are left
[2025-10-11 20:16:28 | Room 1] Player 0 joined room 1 and is now identified as Samir [42abaf5a]
[2025-10-11 20:16:34 | Room 1] Track #2 and 3 laps were selected
[2025-10-11 20:17:43 | Room 1] Player Samir (0) disconnected from room
[2025-10-11 20:17:43 | Room 1] Room has been killed as no players are left
[2025-10-11 20:20:56 | Room 16] Player 0 joined room 16 and is now identified as Samir [42abaf5a]
[2025-10-11 20:21:02 | Room 16] Track #2 and 3 laps were selected
[2025-10-11 20:21:51 | Room 16] Player Samir (0) disconnected from room
[2025-10-11 20:21:51 | Room 16] Room has been killed as no players are left
[2025-10-11 20:23:23 | Room 16] Player 0 joined room 16 and is now identified as Samir [42abaf5a]
[2025-10-11 20:23:33 | Room 16] Track #7 and 3 laps were selected
[2025-10-11 20:24:29 | Room 16] Player Samir (0) disconnected from room
[2025-10-11 20:24:29 | Room 16] Room has been killed as no players are left
[2025-10-11 20:25:21 | Room 16] Player 0 joined room 16 and is now identified as Samir [42abaf5a]
[2025-10-11 20:25:28 | Room 16] Track #7 and 3 laps were selected
[2025-10-11 20:30:55 | Room 16] Player Samir (0) disconnected from room
[2025-10-11 20:30:55 | Room 16] Room has been killed as no players are left
[2025-10-11 20:32:59 | Room 16] Player 0 joined room 16 and is now identified as Samir [42abaf5a]
[2025-10-11 20:33:07 | Room 16] Track #12 and 3 laps were selected
[2025-10-11 20:36:11 | Room 16] Player Samir (0) disconnected from room
[2025-10-11 20:36:11 | Room 16] Room has been killed as no players are left
[2025-10-11 20:37:09 | Room 16] Player 0 joined room 16 and is now identified as Samir [42abaf5a]
[2025-10-11 20:37:18 | Room 16] Track #6 and 3 laps were selected
All players finished
Restarting in 6 seconds
1 player race detected, finishing
[2025-10-11 20:38:56 | Room 16] Countdown to finish started, resetting room soon
[2025-10-11 20:38:58 | Room 16] Player Samir (0) disconnected from room
[2025-10-11 20:38:58 | Room 16] Room has been killed as no players are left
[2025-10-11 20:39:10 | Room 16] Player 0 joined room 16 and is now identified as Samir [42abaf5a]
[2025-10-11 20:39:26 | Room 16] Track #9 and 5 laps were selected
All players finished
Restarting in 6 seconds
1 player race detected, finishing
[2025-10-11 20:43:26 | Room 16] Countdown to finish started, resetting room soon
[2025-10-11 20:43:29 | Room 16] Player Samir (0) disconnected from room
[2025-10-11 20:43:29 | Room 16] Room has been killed as no players are left
[2025-10-11 20:44:26 | Room 16] Player 0 joined room 16 and is now identified as Samir [42abaf5a]
[2025-10-11 20:44:44 | Room 16] Track #12 and 3 laps were selected
[2025-10-11 20:46:52 | Room 16] Player Samir (0) disconnected from room
[2025-10-11 20:46:52 | Room 16] Room has been killed as no players are left
[2025-10-11 20:47:43 | Room 15] Player 0 joined room 15 and is now identified as Samir [42abaf5a]
[2025-10-11 20:47:51 | Room 15] Track #11 and 3 laps were selected
[2025-10-11 20:48:40 | Room 15] Player Samir (0) disconnected from room
[2025-10-11 20:48:40 | Room 15] Room has been killed as no players are left
[2025-10-11 20:49:29 | Room 16] Player 0 joined room 16 and is now identified as Samir [42abaf5a]
[2025-10-11 20:49:34 | Room 16] Track #2 and 3 laps were selected
All players finished
Restarting in 6 seconds
1 player race detected, finishing
[2025-10-11 20:51:21 | Room 16] Countdown to finish started, resetting room soon
[2025-10-11 20:51:26 | Room 16] Room has been reset
[2025-10-11 20:51:27 | Room 16] Player 0 joined room 16 and is now identified as Samir [42abaf5a]
[2025-10-11 20:51:33 | Room 16] Track #11 and 3 laps were selected
All players finished
Restarting in 6 seconds
1 player race detected, finishing
[2025-10-11 20:54:36 | Room 16] Countdown to finish started, resetting room soon
[2025-10-11 20:54:41 | Room 16] Room has been reset
[2025-10-11 20:54:42 | Room 16] Player 0 joined room 16 and is now identified as Samir [42abaf5a]
[2025-10-11 20:55:41 | Room 16] Player Samir (0) disconnected from room
[2025-10-11 20:55:41 | Room 16] Room has been killed as no players are left
[2025-10-11 20:56:17 | Room 16] Player 0 joined room 16 and is now identified as Samir [42abaf5a]
[2025-10-11 20:57:31 | Room 16] Track #5 and 3 laps were selected
All players finished
Restarting in 6 seconds
1 player race detected, finishing
[2025-10-11 20:59:52 | Room 16] Countdown to finish started, resetting room soon
[2025-10-11 20:59:57 | Room 16] Room has been reset
[2025-10-11 20:59:58 | Room 16] Player 0 joined room 16 and is now identified as Samir [42abaf5a]
[2025-10-11 21:00:27 | Room 16] Track #8 and 3 laps were selected
[2025-10-11 21:01:03 | Room 16] Player Samir (0) disconnected from room
[2025-10-11 21:01:03 | Room 16] Room has been killed as no players are left
[2025-10-11 23:08:59 | Room 2] Player 0 joined room 2 and is now identified as DeraGMR [621e1926]
[2025-10-11 23:09:00 | Room 2] Player DeraGMR (0) disconnected from room
[2025-10-11 23:09:00 | Room 2] Room has been killed as no players are left
[2025-10-12 01:30:06 | Room 1] Player 0 joined room 1 and is now identified as mrpinstripe [816cedbe]
[2025-10-12 01:37:05 | Room 1] Player mrpinstripe (0) disconnected from room
[2025-10-12 01:37:05 | Room 1] Room has been killed as no players are left
[2025-10-12 02:26:34 | Room 1] Player 0 joined room 1 and is now identified as mrpinstripe [816cedbe]
[2025-10-12 02:26:37 | Room 1] Track #1 and 1 laps were selected
All players finished
Restarting in 6 seconds
1 player race detected, finishing
[2025-10-12 02:28:04 | Room 1] Countdown to finish started, resetting room soon
[2025-10-12 02:28:06 | Room 1] Player mrpinstripe (0) disconnected from room
[2025-10-12 02:28:06 | Room 1] Room has been killed as no players are left
[2025-10-12 02:32:44 | Room 1] Player 0 joined room 1 and is now identified as mrpinstripe [816cedbe]
[2025-10-12 02:32:48 | Room 1] Track #4 and 1 laps were selected
All players finished
Restarting in 6 seconds
1 player race detected, finishing
[2025-10-12 02:34:06 | Room 1] Countdown to finish started, resetting room soon
[2025-10-12 02:34:11 | Room 1] Room has been reset
[2025-10-12 02:34:12 | Room 1] Player 0 joined room 1 and is now identified as mrpinstripe [816cedbe]
[2025-10-12 02:37:08 | Room 1] Track #0 and 1 laps were selected
All players finished
Restarting in 6 seconds
1 player race detected, finishing
[2025-10-12 02:39:25 | Room 1] Countdown to finish started, resetting room soon
[2025-10-12 02:39:30 | Room 1] Room has been reset
[2025-10-12 02:39:31 | Room 1] Player 0 joined room 1 and is now identified as mrpinstripe [816cedbe]
[2025-10-12 02:40:29 | Room 1] Track #1 and 1 laps were selected
All players finished
Restarting in 6 seconds
1 player race detected, finishing
[2025-10-12 02:42:22 | Room 1] Countdown to finish started, resetting room soon
[2025-10-12 02:42:27 | Room 1] Room has been reset
[2025-10-12 02:42:28 | Room 1] Player 0 joined room 1 and is now identified as mrpinstripe [816cedbe]
[2025-10-12 02:42:34 | Room 1] Track #2 and 1 laps were selected
All players finished
Restarting in 6 seconds
1 player race detected, finishing
[2025-10-12 02:43:55 | Room 1] Countdown to finish started, resetting room soon
[2025-10-12 02:44:00 | Room 1] Room has been reset
[2025-10-12 02:44:01 | Room 1] Player 0 joined room 1 and is now identified as mrpinstripe [816cedbe]
[2025-10-12 02:44:10 | Room 1] Track #3 and 1 laps were selected
All players finished
Restarting in 6 seconds
1 player race detected, finishing
[2025-10-12 02:46:16 | Room 1] Countdown to finish started, resetting room soon
[2025-10-12 02:46:21 | Room 1] Room has been reset
[2025-10-12 02:46:22 | Room 1] Player 0 joined room 1 and is now identified as mrpinstripe [816cedbe]
[2025-10-12 02:47:00 | Room 1] Track #4 and 1 laps were selected
All players finished
Restarting in 6 seconds
1 player race detected, finishing
[2025-10-12 02:49:08 | Room 1] Countdown to finish started, resetting room soon
[2025-10-12 02:49:13 | Room 1] Room has been reset
[2025-10-12 02:49:14 | Room 1] Player 0 joined room 1 and is now identified as mrpinstripe [816cedbe]
[2025-10-12 02:49:21 | Room 1] Track #5 and 1 laps were selected
All players finished
Restarting in 6 seconds
1 player race detected, finishing
[2025-10-12 02:52:33 | Room 1] Countdown to finish started, resetting room soon
[2025-10-12 02:52:38 | Room 1] Room has been reset
[2025-10-12 02:52:39 | Room 1] Player 0 joined room 1 and is now identified as mrpinstripe [816cedbe]
[2025-10-12 02:52:39 | Room 1] Player 1 joined room 1 and is now identified as pops [f20d06b3]
[2025-10-12 02:52:41 | Room 1] Player mrpinstripe (0) disconnected from room
[2025-10-12 02:52:51 | Room 1] Player pops (1) disconnected from room
[2025-10-12 02:52:51 | Room 1] Room has been killed as no players are left
[2025-10-12 02:58:52 | Room 16] Player 0 joined room 16 and is now identified as FuzionSynth [c3e4e64b]
[2025-10-12 02:58:52 | Room 16] Track #0 and 1 laps were selected
[2025-10-12 02:59:23 | Room 16] Player FuzionSynth (0) disconnected from room
[2025-10-12 02:59:23 | Room 16] Room has been killed as no players are left
[2025-10-12 03:06:58 | Room 1] Player 0 joined room 1 and is now identified as FuzionSynth [c3e4e64b]
[2025-10-12 03:07:03 | Room 1] Player 1 joined room 1 and is now identified as Engineer [bcc54349]
[2025-10-12 03:31:28 | Room 1] Player 2 joined room 1 and is now identified as Zael [bf4289b1]
[2025-10-12 03:32:59 | Room 1] Player Zael (2) disconnected from room
[2025-10-12 03:33:12 | Room 1] Player 2 joined room 1 and is now identified as Zael [bf4289b1]
[2025-10-12 03:57:38 | Room 1] Player 3 joined room 1 and is now identified as EliasPapp [5c0b21bd]
[2025-10-12 03:58:03 | Room 1] Player 4 joined room 1 and is now identified as Azula [1bb0ddc9]
[2025-10-12 04:00:44 | Room 1] Player 5 joined room 1 and is now identified as mrpinstripe [816cedbe]
[2025-10-12 04:01:43 | Room 1] Track #0 and 5 laps were selected
[2025-10-12 04:06:06 | Room 1] Player FuzionSynth (0) disconnected from room
[2025-10-12 04:06:11 | Room 1] Player Azula (4) disconnected from room
[2025-10-12 04:06:12 | Room 2] Player 0 joined room 2 and is now identified as FuzionSynth [c3e4e64b]
[2025-10-12 04:06:19 | Room 1] Player Engineer (1) disconnected from room
[2025-10-12 04:06:19 | Room 2] Player 1 joined room 2 and is now identified as Azula [1bb0ddc9]
[2025-10-12 04:06:23 | Room 1] Player mrpinstripe (5) disconnected from room
[2025-10-12 04:06:25 | Room 2] Player 2 joined room 2 and is now identified as Engineer [bcc54349]
[2025-10-12 04:06:27 | Room 1] Player Zael (2) disconnected from room
[2025-10-12 04:06:28 | Room 1] Player EliasPapp (3) disconnected from room
[2025-10-12 04:06:28 | Room 1] Room has been killed as no players are left
[2025-10-12 04:06:30 | Room 2] Player 3 joined room 2 and is now identified as mrpinstripe [816cedbe]
[2025-10-12 04:06:35 | Room 2] Player 4 joined room 2 and is now identified as Zael [bf4289b1]
[2025-10-12 04:06:36 | Room 2] Player 5 joined room 2 and is now identified as EliasPapp [5c0b21bd]
[2025-10-12 04:06:56 | Room 2] Track #1 and 5 laps were selected
[2025-10-12 04:10:32 | Room 2] Player FuzionSynth (0) disconnected from room
[2025-10-12 04:10:38 | Room 2] Player Azula (1) disconnected from room
[2025-10-12 04:10:39 | Room 1] Player 0 joined room 1 and is now identified as FuzionSynth [c3e4e64b]
[2025-10-12 04:10:42 | Room 2] Player Engineer (2) disconnected from room
[2025-10-12 04:10:43 | Room 2] Player Zael (4) disconnected from room
Required players finished!
Race ends in 30 seconds
[2025-10-12 04:10:43 | Room 2] Countdown to finish started, resetting room soon
[2025-10-12 04:10:45 | Room 2] Player EliasPapp (5) disconnected from room
All players finished
Restarting in 6 seconds
[2025-10-12 04:10:47 | Room 1] Player 1 joined room 1 and is now identified as Engineer [bcc54349]
[2025-10-12 04:10:50 | Room 1] Player 2 joined room 1 and is now identified as Azula [1bb0ddc9]
[2025-10-12 04:10:50 | Room 2] Room has been reset
[2025-10-12 04:10:51 | Room 2] Player 3 joined room 2 and is now identified as mrpinstripe [816cedbe]
[2025-10-12 04:10:53 | Room 1] Player 3 joined room 1 and is now identified as EliasPapp [5c0b21bd]
[2025-10-12 04:10:53 | Room 1] Player 4 joined room 1 and is now identified as Zael [bf4289b1]
[2025-10-12 04:10:56 | Room 2] Player mrpinstripe (3) disconnected from room
[2025-10-12 04:10:56 | Room 2] Room has been killed as no players are left
[2025-10-12 04:11:02 | Room 1] Player 5 joined room 1 and is now identified as mrpinstripe [816cedbe]
[2025-10-12 04:11:25 | Room 1] Track #2 and 5 laps were selected
[2025-10-12 04:14:55 | Room 1] Player Azula (2) disconnected from room
[2025-10-12 04:14:57 | Room 1] Player Zael (4) disconnected from room
[2025-10-12 04:14:58 | Room 1] Player EliasPapp (3) disconnected from room
Required players finished!
Race ends in 30 seconds
[2025-10-12 04:14:58 | Room 1] Countdown to finish started, resetting room soon
[2025-10-12 04:15:03 | Room 1] Player Engineer (1) disconnected from room
All players finished
Restarting in 3 seconds
[2025-10-12 04:15:05 | Room 1] Room has been reset
[2025-10-12 04:15:06 | Room 1] Player 0 joined room 1 and is now identified as FuzionSynth [c3e4e64b]
[2025-10-12 04:15:06 | Room 1] Player 5 joined room 1 and is now identified as mrpinstripe [816cedbe]
[2025-10-12 04:15:07 | Room 1] Player 1 joined room 1 and is now identified as EliasPapp [5c0b21bd]
[2025-10-12 04:15:09 | Room 1] Player 2 joined room 1 and is now identified as Azula [1bb0ddc9]
[2025-10-12 04:15:13 | Room 1] Player 3 joined room 1 and is now identified as Engineer [bcc54349]
[2025-10-12 04:15:15 | Room 1] Player 4 joined room 1 and is now identified as Zael [bf4289b1]
[2025-10-12 04:17:10 | Room 1] Track #3 and 5 laps were selected
[2025-10-12 04:20:55 | Room 1] Player FuzionSynth (0) disconnected from room
[2025-10-12 04:21:00 | Room 1] Player Zael (4) disconnected from room
[2025-10-12 04:21:01 | Room 1] Player Azula (2) disconnected from room
[2025-10-12 04:21:02 | Room 1] Player Engineer (3) disconnected from room
Required players finished!
Race ends in 30 seconds
[2025-10-12 04:21:02 | Room 1] Countdown to finish started, resetting room soon
[2025-10-12 04:21:03 | Room 2] Player 0 joined room 2 and is now identified as FuzionSynth [c3e4e64b]
[2025-10-12 04:21:03 | Room 1] Player EliasPapp (1) disconnected from room
All players finished
Restarting in 6 seconds
[2025-10-12 04:21:08 | Room 1] Room has been reset
[2025-10-12 04:21:09 | Room 1] Player 5 joined room 1 and is now identified as mrpinstripe [816cedbe]
[2025-10-12 04:21:09 | Room 2] Player 1 joined room 2 and is now identified as Azula [1bb0ddc9]
[2025-10-12 04:21:09 | Room 1] Player mrpinstripe (5) disconnected from room
[2025-10-12 04:21:09 | Room 1] Room has been killed as no players are left
[2025-10-12 04:21:12 | Room 2] Player 2 joined room 2 and is now identified as Engineer [bcc54349]
[2025-10-12 04:21:12 | Room 2] Player 3 joined room 2 and is now identified as Zael [bf4289b1]
[2025-10-12 04:21:15 | Room 2] Player 4 joined room 2 and is now identified as mrpinstripe [816cedbe]
[2025-10-12 04:21:24 | Room 2] Track #4 and 5 laps were selected
[2025-10-12 04:21:39 | Room 2] Player FuzionSynth (0) disconnected from room
[2025-10-12 04:21:42 | Room 2] Player mrpinstripe (4) disconnected from room
[2025-10-12 04:21:42 | Room 1] Player 0 joined room 1 and is now identified as FuzionSynth [c3e4e64b]
[2025-10-12 04:21:44 | Room 2] Player Zael (3) disconnected from room
[2025-10-12 04:21:45 | Room 2] Player Engineer (2) disconnected from room
[2025-10-12 04:21:45 | Room 1] Player 1 joined room 1 and is now identified as mrpinstripe [816cedbe]
[2025-10-12 04:21:46 | Room 1] Player 2 joined room 1 and is now identified as Zael [bf4289b1]
[2025-10-12 04:21:47 | Room 2] Player Azula (1) disconnected from room
[2025-10-12 04:21:47 | Room 2] Room has been killed as no players are left
[2025-10-12 04:21:47 | Room 1] Player 3 joined room 1 and is now identified as Engineer [bcc54349]
[2025-10-12 04:21:48 | Room 1] Player 4 joined room 1 and is now identified as EliasPapp [5c0b21bd]
[2025-10-12 04:21:49 | Room 1] Player 5 joined room 1 and is now identified as Azula [1bb0ddc9]
[2025-10-12 04:22:10 | Room 1] Track #4 and 5 laps were selected
[2025-10-12 04:25:58 | Room 1] Player EliasPapp (4) disconnected from room
[2025-10-12 04:25:58 | Room 1] Player Azula (5) disconnected from room
[2025-10-12 04:25:58 | Room 1] Player Zael (2) disconnected from room
Required players finished!
Race ends in 30 seconds
[2025-10-12 04:25:58 | Room 1] Countdown to finish started, resetting room soon
[2025-10-12 04:25:59 | Room 1] Player Engineer (3) disconnected from room
All players finished
Restarting in 3 seconds
[2025-10-12 04:26:01 | Room 1] Room has been reset
[2025-10-12 04:26:02 | Room 1] Player 0 joined room 1 and is now identified as FuzionSynth [c3e4e64b]
[2025-10-12 04:26:02 | Room 1] Player 1 joined room 1 and is now identified as mrpinstripe [816cedbe]
[2025-10-12 04:26:05 | Room 1] Player 2 joined room 1 and is now identified as Engineer [bcc54349]
[2025-10-12 04:26:05 | Room 1] Player 3 joined room 1 and is now identified as Azula [1bb0ddc9]
[2025-10-12 04:26:07 | Room 1] Player 4 joined room 1 and is now identified as EliasPapp [5c0b21bd]
[2025-10-12 04:26:08 | Room 1] Player 5 joined room 1 and is now identified as Zael [bf4289b1]
[2025-10-12 04:26:29 | Room 1] Track #5 and 5 laps were selected
[2025-10-12 04:30:04 | Room 1] Player Azula (3) disconnected from room
[2025-10-12 04:30:05 | Room 1] Player FuzionSynth (0) disconnected from room
[2025-10-12 04:30:10 | Room 1] Player Zael (5) disconnected from room
[2025-10-12 04:30:11 | Room 1] Player Engineer (2) disconnected from room
[2025-10-12 04:30:15 | Room 1] Player EliasPapp (4) disconnected from room
[2025-10-12 04:30:15 | Room 2] Player 0 joined room 2 and is now identified as FuzionSynth [c3e4e64b]
[2025-10-12 04:30:16 | Room 1] Player mrpinstripe	 (1) disconnected from room
[2025-10-12 04:30:16 | Room 1] Room has been killed as no players are left
[2025-10-12 04:30:18 | Room 2] Player 1 joined room 2 and is now identified as Engineer [bcc54349]
[2025-10-12 04:30:21 | Room 2] Player 2 joined room 2 and is now identified as Azula [1bb0ddc9]
[2025-10-12 04:30:24 | Room 2] Player 3 joined room 2 and is now identified as mrpinstripe [816cedbe]
[2025-10-12 04:30:24 | Room 2] Player 4 joined room 2 and is now identified as EliasPapp [5c0b21bd]
[2025-10-12 04:30:38 | Room 2] Player 5 joined room 2 and is now identified as Zael [bf4289b1]
[2025-10-12 04:30:56 | Room 2] Track #6 and 5 laps were selected
[2025-10-12 04:34:09 | Room 2] Player Engineer (1) disconnected from room
[2025-10-12 04:34:10 | Room 2] Player Azula (2) disconnected from room
[2025-10-12 04:34:11 | Room 2] Player Zael (5) disconnected from room
Required players finished!
Race ends in 30 seconds
[2025-10-12 04:34:11 | Room 2] Countdown to finish started, resetting room soon
[2025-10-12 04:34:17 | Room 2] Player FuzionSynth (0) disconnected from room
[2025-10-12 04:34:23 | Room 1] Player 0 joined room 1 and is now identified as FuzionSynth [c3e4e64b]
[2025-10-12 04:34:23 | Room 2] Player mrpinstripe(cöìïU (3) disconnected from room
[2025-10-12 04:34:24 | Room 1] Player 1 joined room 1 and is now identified as Engineer [bcc54349]
[2025-10-12 04:34:24 | Room 2] Player EliasPapp (4) disconnected from room
[2025-10-12 04:34:24 | Room 2] Room has been killed as no players are left
[2025-10-12 04:34:28 | Room 1] Player 2 joined room 1 and is now identified as Azula [1bb0ddc9]
[2025-10-12 04:34:32 | Room 1] Player 3 joined room 1 and is now identified as EliasPapp [5c0b21bd]
[2025-10-12 04:34:33 | Room 1] Player 4 joined room 1 and is now identified as Zael [bf4289b1]
[2025-10-12 04:34:35 | Room 1] Player 5 joined room 1 and is now identified as mrpinstripe [816cedbe]
[2025-10-12 04:34:44 | Room 1] Track #7 and 5 laps were selected
[2025-10-12 04:40:40 | Room 1] Player FuzionSynth (0) disconnected from room
[2025-10-12 04:40:40 | Room 1] Player Zael (4) disconnected from room
[2025-10-12 04:40:44 | Room 1] Player EliasPapp (3) disconnected from room
[2025-10-12 04:40:48 | Room 1] Player Engineer (1) disconnected from room
Required players finished!
Race ends in 30 seconds
[2025-10-12 04:40:48 | Room 1] Countdown to finish started, resetting room soon
[2025-10-12 04:40:48 | Room 1] Player Azula (2) disconnected from room
All players finished
Restarting in 6 seconds
[2025-10-12 04:40:49 | Room 2] Player 0 joined room 2 and is now identified as FuzionSynth [c3e4e64b]
[2025-10-12 04:40:52 | Room 2] Player 1 joined room 2 and is now identified as Zael [bf4289b1]
[2025-10-12 04:40:53 | Room 1] Room has been reset
[2025-10-12 04:40:54 | Room 2] Player 2 joined room 2 and is now identified as EliasPapp [5c0b21bd]
[2025-10-12 04:40:54 | Room 1] Player 5 joined room 1 and is now identified as mrpinstripe [816cedbe]
[2025-10-12 04:40:55 | Room 2] Player 3 joined room 2 and is now identified as Azula [1bb0ddc9]
[2025-10-12 04:40:58 | Room 2] Player 4 joined room 2 and is now identified as Engineer [bcc54349]
[2025-10-12 04:41:02 | Room 1] Player mrpinstripe (5) disconnected from room
[2025-10-12 04:41:02 | Room 1] Room has been killed as no players are left
[2025-10-12 04:41:10 | Room 2] Player 5 joined room 2 and is now identified as mrpinstripe [816cedbe]
[2025-10-12 04:41:21 | Room 2] Track #8 and 5 laps were selected
[2025-10-12 04:45:28 | Room 2] Player FuzionSynth (0) disconnected from room
[2025-10-12 04:45:31 | Room 2] Player Engineer (4) disconnected from room
[2025-10-12 04:45:33 | Room 2] Player Azula (3) disconnected from room
[2025-10-12 04:45:33 | Room 2] Player EliasPapp (2) disconnected from room
Required players finished!
Race ends in 30 seconds
[2025-10-12 04:45:33 | Room 2] Countdown to finish started, resetting room soon
[2025-10-12 04:45:35 | Room 2] Player Zael (1) disconnected from room
All players finished
Restarting in 6 seconds
[2025-10-12 04:45:36 | Room 1] Player 0 joined room 1 and is now identified as FuzionSynth [c3e4e64b]
[2025-10-12 04:45:40 | Room 1] Player 1 joined room 1 and is now identified as EliasPapp [5c0b21bd]
[2025-10-12 04:45:40 | Room 2] Room has been reset
[2025-10-12 04:45:41 | Room 2] Player 5 joined room 2 and is now identified as mrpinstripe [816cedbe]
[2025-10-12 04:45:42 | Room 1] Player 2 joined room 1 and is now identified as Engineer [bcc54349]
[2025-10-12 04:45:43 | Room 1] Player 3 joined room 1 and is now identified as Azula [1bb0ddc9]
[2025-10-12 04:45:44 | Room 2] Player mrpinstripe (5) disconnected from room
[2025-10-12 04:45:44 | Room 2] Room has been killed as no players are left
[2025-10-12 04:45:51 | Room 1] Player 4 joined room 1 and is now identified as Zael [bf4289b1]
[2025-10-12 04:45:51 | Room 1] Player 5 joined room 1 and is now identified as mrpinstripe [816cedbe]
[2025-10-12 04:46:00 | Room 1] Track #9 and 5 laps were selected
[2025-10-12 04:50:08 | Room 1] Player FuzionSynth (0) disconnected from room
[2025-10-12 04:50:10 | Room 1] Player Azula (3) disconnected from room
[2025-10-12 04:50:10 | Room 1] Player EliasPapp (1) disconnected from room
[2025-10-12 04:50:14 | Room 1] Player Zael (4) disconnected from room
Required players finished!
Race ends in 30 seconds
[2025-10-12 04:50:14 | Room 1] Countdown to finish started, resetting room soon
[2025-10-12 04:50:14 | Room 1] Player Engineer (2) disconnected from room
All players finished
Restarting in 6 seconds
[2025-10-12 04:50:14 | Room 2] Player 0 joined room 2 and is now identified as FuzionSynth [c3e4e64b]
[2025-10-12 04:50:19 | Room 1] Room has been reset
[2025-10-12 04:50:20 | Room 1] Player 5 joined room 1 and is now identified as mrpinstripe [816cedbe]
[2025-10-12 04:50:20 | Room 2] Player 1 joined room 2 and is now identified as Engineer [bcc54349]
[2025-10-12 04:50:26 | Room 2] Player 2 joined room 2 and is now identified as Azula [1bb0ddc9]
[2025-10-12 04:50:27 | Room 2] Player 3 joined room 2 and is now identified as Zael [bf4289b1]
[2025-10-12 04:50:28 | Room 1] Player mrpinstripe (5) disconnected from room
[2025-10-12 04:50:28 | Room 1] Room has been killed as no players are left
[2025-10-12 04:50:33 | Room 2] Player 4 joined room 2 and is now identified as mrpinstripe [816cedbe]
[2025-10-12 04:50:36 | Room 2] Player 5 joined room 2 and is now identified as EliasPapp [5c0b21bd]
[2025-10-12 04:50:44 | Room 2] Track #10 and 5 laps were selected
[2025-10-12 04:56:08 | Room 2] Player Zael (3) disconnected from room
[2025-10-12 04:56:13 | Room 2] Player EliasPapp (5) disconnected from room
[2025-10-12 04:56:14 | Room 2] Player Engineer (1) disconnected from room
Required players finished!
Race ends in 30 seconds
[2025-10-12 04:56:14 | Room 2] Countdown to finish started, resetting room soon
[2025-10-12 04:56:23 | Room 2] Player Azula (2) disconnected from room
All players finished
Restarting in 3 seconds
[2025-10-12 04:56:25 | Room 2] Room has been reset
[2025-10-12 04:56:26 | Room 2] Player 0 joined room 2 and is now identified as FuzionSynth [c3e4e64b]
[2025-10-12 04:56:26 | Room 2] Player 4 joined room 2 and is now identified as mrpinstripe [816cedbe]
[2025-10-12 04:56:26 | Room 2] Player 1 joined room 2 and is now identified as EliasPapp [5c0b21bd]
[2025-10-12 04:56:28 | Room 2] Player 2 joined room 2 and is now identified as Zael [bf4289b1]
[2025-10-12 04:56:29 | Room 2] Player 3 joined room 2 and is now identified as Azula [1bb0ddc9]
[2025-10-12 04:56:32 | Room 2] Player 5 joined room 2 and is now identified as Engineer [bcc54349]
[2025-10-12 04:56:40 | Room 2] Track #11 and 5 laps were selected
[2025-10-12 05:02:19 | Room 2] Player EliasPapp (1) disconnected from room
[2025-10-12 05:02:23 | Room 2] Player Zael (2) disconnected from room
[2025-10-12 05:02:25 | Room 2] Player FuzionSynth (0) disconnected from room
[2025-10-12 05:02:26 | Room 2] Player Engineer (5) disconnected from room
[2025-10-12 05:02:29 | Room 2] Player mrpinstripe (4) disconnected from room
[2025-10-12 05:02:32 | Room 1] Player 0 joined room 1 and is now identified as FuzionSynth [c3e4e64b]
[2025-10-12 05:02:33 | Room 1] Player 1 joined room 1 and is now identified as Engineer [bcc54349]
[2025-10-12 05:02:33 | Room 2] Player Azula (3) disconnected from room
[2025-10-12 05:02:33 | Room 2] Room has been killed as no players are left
[2025-10-12 05:02:38 | Room 1] Player 2 joined room 1 and is now identified as Zael [bf4289b1]
[2025-10-12 05:02:39 | Room 1] Player 3 joined room 1 and is now identified as Azula [1bb0ddc9]
[2025-10-12 05:02:43 | Room 1] Player 4 joined room 1 and is now identified as mrpinstripe [816cedbe]
[2025-10-12 05:02:43 | Room 1] Player 5 joined room 1 and is now identified as EliasPapp [5c0b21bd]
[2025-10-12 05:03:05 | Room 1] Track #12 and 5 laps were selected
[2025-10-12 05:07:00 | Room 1] Player Engineer (1) disconnected from room
[2025-10-12 05:09:34 | Room 1] Player FuzionSynth (0) disconnected from room
[2025-10-12 05:09:36 | Room 1] Player Azula (3) disconnected from room
[2025-10-12 05:09:37 | Room 1] Player EliasPapp (5) disconnected from room
[2025-10-12 05:09:38 | Room 1] Player Zael (2) disconnected from room
[2025-10-12 05:09:41 | Room 2] Player 0 joined room 2 and is now identified as FuzionSynth [c3e4e64b]
[2025-10-12 05:09:41 | Room 2] Player 1 joined room 2 and is now identified as Engineer [bcc54349]
[2025-10-12 05:09:44 | Room 1] Player mrpinstripe (4) disconnected from room
[2025-10-12 05:09:44 | Room 1] Room has been killed as no players are left
[2025-10-12 05:09:44 | Room 2] Player 2 joined room 2 and is now identified as EliasPapp [5c0b21bd]
[2025-10-12 05:09:45 | Room 2] Player 3 joined room 2 and is now identified as Azula [1bb0ddc9]
[2025-10-12 05:09:49 | Room 2] Player 4 joined room 2 and is now identified as Zael [bf4289b1]
[2025-10-12 05:09:52 | Room 2] Player 5 joined room 2 and is now identified as mrpinstripe [816cedbe]
[2025-10-12 05:10:06 | Room 2] Track #13 and 5 laps were selected
[2025-10-12 05:16:39 | Room 2] Player FuzionSynth (0) disconnected from room
[2025-10-12 05:16:42 | Room 2] Player Engineer (1) disconnected from room
[2025-10-12 05:16:44 | Room 2] Player Azula (3) disconnected from room
[2025-10-12 05:16:45 | Room 1] Player 0 joined room 1 and is now identified as FuzionSynth [c3e4e64b]
[2025-10-12 05:16:46 | Room 2] Player EliasPapp (2) disconnected from room
Required players finished!
Race ends in 30 seconds
[2025-10-12 05:16:46 | Room 2] Countdown to finish started, resetting room soon
[2025-10-12 05:16:47 | Room 2] Player Zael (4) disconnected from room
All players finished
Restarting in 6 seconds
[2025-10-12 05:16:52 | Room 1] Player 1 joined room 1 and is now identified as Engineer [bcc54349]
[2025-10-12 05:16:52 | Room 2] Room has been reset
[2025-10-12 05:16:53 | Room 2] Player 5 joined room 2 and is now identified as mrpinstripe [816cedbe]
[2025-10-12 05:16:53 | Room 1] Player 2 joined room 1 and is now identified as EliasPapp [5c0b21bd]
[2025-10-12 05:16:56 | Room 1] Player 3 joined room 1 and is now identified as Azula [1bb0ddc9]
[2025-10-12 05:17:05 | Room 1] Player 4 joined room 1 and is now identified as Zael [bf4289b1]
[2025-10-12 05:17:06 | Room 2] Player mrpinstripe (5) disconnected from room
[2025-10-12 05:17:06 | Room 2] Room has been killed as no players are left
[2025-10-12 05:17:16 | Room 1] Player 5 joined room 1 and is now identified as mrpinstripe [816cedbe]
[2025-10-12 05:17:21 | Room 1] Track #14 and 5 laps were selected
[2025-10-12 05:20:50 | Room 1] Player FuzionSynth (0) disconnected from room
[2025-10-12 05:20:54 | Room 1] Player Zael (4) disconnected from room
[2025-10-12 05:20:54 | Room 1] Player Azula (3) disconnected from room
[2025-10-12 05:20:55 | Room 1] Player Engineer (1) disconnected from room
Required players finished!
Race ends in 30 seconds
[2025-10-12 05:20:55 | Room 1] Countdown to finish started, resetting room soon
[2025-10-12 05:20:56 | Room 2] Player 0 joined room 2 and is now identified as FuzionSynth [c3e4e64b]
[2025-10-12 05:20:57 | Room 1] Player EliasPapp (2) disconnected from room
All players finished
Restarting in 6 seconds
[2025-10-12 05:21:02 | Room 1] Room has been reset
[2025-10-12 05:21:03 | Room 1] Player 5 joined room 1 and is now identified as mrpinstripe [816cedbe]
[2025-10-12 05:21:03 | Room 1] Player 0 joined room 1 and is now identified as YoYo [83adeabd]
[2025-10-12 05:21:04 | Room 1] Player YoYo (0) disconnected from room
[2025-10-12 05:21:04 | Room 2] Player 1 joined room 2 and is now identified as Azula [1bb0ddc9]
[2025-10-12 05:21:04 | Room 2] Player 2 joined room 2 and is now identified as Engineer [bcc54349]
[2025-10-12 05:21:06 | Room 2] Player 3 joined room 2 and is now identified as YoYo [83adeabd]
[2025-10-12 05:21:07 | Room 2] Player 4 joined room 2 and is now identified as EliasPapp [5c0b21bd]
[2025-10-12 05:21:07 | Room 2] Player 5 joined room 2 and is now identified as Zael [bf4289b1]
[2025-10-12 05:21:27 | Room 1] Player mrpinstripe (5) disconnected from room
[2025-10-12 05:21:27 | Room 1] Room has been killed as no players are left
[2025-10-12 05:21:33 | Room 2] Player 6 joined room 2 and is now identified as mrpinstripe [816cedbe]
[2025-10-12 05:21:37 | Room 2] Track #15 and 5 laps were selected
[2025-10-12 05:30:34 | Room 2] Player YoYo (3) disconnected from room
[2025-10-12 05:30:37 | Room 2] Player FuzionSynth (0) disconnected from room
[2025-10-12 05:30:46 | Room 2] Player Zael (5) disconnected from room
[2025-10-12 05:30:47 | Room 2] Player Azula (1) disconnected from room
[2025-10-12 05:30:53 | Room 2] Player mrpinstripe (6) disconnected from room
[2025-10-12 05:30:55 | Room 1] Player 0 joined room 1 and is now identified as FuzionSynth [c3e4e64b]
[2025-10-12 05:30:56 | Room 2] Player Engineer (2) disconnected from room
[2025-10-12 05:30:56 | Room 2] Player EliasPapp (4) disconnected from room
[2025-10-12 05:30:56 | Room 2] Room has been killed as no players are left
[2025-10-12 05:30:56 | Room 2] Player 0 joined room 2 and is now identified as YoYo [83adeabd]
[2025-10-12 05:30:59 | Room 2] Player 1 joined room 2 and is now identified as Azula [1bb0ddc9]
[2025-10-12 05:31:00 | Room 2] Player Azula (1) disconnected from room
[2025-10-12 05:31:02 | Room 2] Player YoYo (0) disconnected from room
[2025-10-12 05:31:02 | Room 2] Room has been killed as no players are left
[2025-10-12 05:31:02 | Room 1] Player 1 joined room 1 and is now identified as Azula [1bb0ddc9]
[2025-10-12 05:31:03 | Room 1] Player 2 joined room 1 and is now identified as EliasPapp [5c0b21bd]
[2025-10-12 05:31:04 | Room 1] Player 3 joined room 1 and is now identified as YoYo [83adeabd]
[2025-10-12 05:31:08 | Room 1] Player 4 joined room 1 and is now identified as Zael [bf4289b1]
[2025-10-12 05:31:08 | Room 1] Player 5 joined room 1 and is now identified as mrpinstripe [816cedbe]
[2025-10-12 05:31:09 | Room 1] Player 6 joined room 1 and is now identified as Engineer [bcc54349]
[2025-10-12 05:31:20 | Room 1] Track #16 and 5 laps were selected
[2025-10-12 05:31:34 | Room 1] Player FuzionSynth (0) disconnected from room
[2025-10-12 05:31:38 | Room 2] Player 0 joined room 2 and is now identified as FuzionSynth [c3e4e64b]
[2025-10-12 05:31:45 | Room 1] Player mrpinstripe (5) disconnected from room
[2025-10-12 05:31:46 | Room 1] Player Azula (1) disconnected from room
[2025-10-12 05:31:46 | Room 1] Player Engineer (6) disconnected from room
[2025-10-12 05:31:48 | Room 1] Player YoYo (3) disconnected from room
[2025-10-12 05:31:48 | Room 1] Player EliasPapp (2) disconnected from room
[2025-10-12 05:31:48 | Room 2] Player 1 joined room 2 and is now identified as mrpinstripe [816cedbe]
[2025-10-12 05:31:49 | Room 2] Player 2 joined room 2 and is now identified as Engineer [bcc54349]
[2025-10-12 05:31:50 | Room 1] Player Zael (4) disconnected from room
[2025-10-12 05:31:50 | Room 1] Room has been killed as no players are left
[2025-10-12 05:31:50 | Room 2] Player 3 joined room 2 and is now identified as YoYo [83adeabd]
[2025-10-12 05:31:50 | Room 2] Player 4 joined room 2 and is now identified as EliasPapp [5c0b21bd]
[2025-10-12 05:31:51 | Room 2] Player 5 joined room 2 and is now identified as Azula [1bb0ddc9]
[2025-10-12 05:36:37 | Room 2] Player 6 joined room 2 and is now identified as Zael [bf4289b1]
[2025-10-12 05:37:14 | Room 2] Track #15 and 1 laps were selected
ban orb/clock 1
ban orb/clock 0
Required players finished!
Race ends in 30 seconds
[2025-10-12 05:40:00 | Room 2] Countdown to finish started, resetting room soon
[2025-10-12 05:40:25 | Room 2] Player Azula (5) disconnected from room
[2025-10-12 05:40:29 | Room 2] Room has been reset
[2025-10-12 05:40:30 | Room 2] Player 0 joined room 2 and is now identified as FuzionSynth [c3e4e64b]
[2025-10-12 05:40:30 | Room 2] Player 3 joined room 2 and is now identified as YoYo [83adeabd]
[2025-10-12 05:40:30 | Room 2] Player 2 joined room 2 and is now identified as Engineer [bcc54349]
[2025-10-12 05:40:30 | Room 2] Player 6 joined room 2 and is now identified as Zael [bf4289b1]
[2025-10-12 05:40:30 | Room 2] Player 1 joined room 2 and is now identified as mrpinstripe [816cedbe]
[2025-10-12 05:40:30 | Room 2] Player 4 joined room 2 and is now identified as EliasPapp [5c0b21bd]
[2025-10-12 05:40:50 | Room 2] Player 5 joined room 2 and is now identified as Azula [1bb0ddc9]
[2025-10-12 05:41:02 | Room 2] Track #16 and 5 laps were selected
[2025-10-12 05:46:47 | Room 2] Player FuzionSynth (0) disconnected from room
[2025-10-12 05:46:48 | Room 2] Player EliasPapp (4) disconnected from room
[2025-10-12 05:46:49 | Room 2] Player YoYo (3) disconnected from room
[2025-10-12 05:46:54 | Room 1] Player 0 joined room 1 and is now identified as FuzionSynth [c3e4e64b]
[2025-10-12 05:46:55 | Room 2] Player Azula (5) disconnected from room
[2025-10-12 05:46:58 | Room 2] Player Engineer (2) disconnected from room
Required players finished!
Race ends in 30 seconds
[2025-10-12 05:46:58 | Room 2] Countdown to finish started, resetting room soon
[2025-10-12 05:46:59 | Room 2] Player Zael (6) disconnected from room
All players finished
Restarting in 6 seconds
[2025-10-12 05:47:01 | Room 1] Player 1 joined room 1 and is now identified as Azula [1bb0ddc9]
[2025-10-12 05:47:04 | Room 2] Room has been reset
[2025-10-12 05:47:05 | Room 2] Player 1 joined room 2 and is now identified as mrpinstripe [816cedbe]
[2025-10-12 05:47:05 | Room 2] Player 0 joined room 2 and is now identified as Ale* [6ad98926]
[2025-10-12 05:47:05 | Room 2] Player mrpinstripe (1) disconnected from room
[2025-10-12 05:47:08 | Room 1] Player 2 joined room 1 and is now identified as Engineer [bcc54349]
[2025-10-12 05:47:09 | Room 1] Player 3 joined room 1 and is now identified as EliasPapp [5c0b21bd]
[2025-10-12 05:47:10 | Room 1] Player 4 joined room 1 and is now identified as YoYo [83adeabd]
[2025-10-12 05:47:11 | Room 1] Player 5 joined room 1 and is now identified as mrpinstripe [816cedbe]
[2025-10-12 05:47:14 | Room 1] Player 6 joined room 1 and is now identified as Zael [bf4289b1]
[2025-10-12 05:47:25 | Room 1] Track #17 and 5 laps were selected
[2025-10-12 05:47:29 | Room 2] Player Ale* (0) disconnected from room
[2025-10-12 05:47:29 | Room 2] Room has been killed as no players are left
[2025-10-12 05:51:38 | Room 1] Player Zael (6) disconnected from room
[2025-10-12 05:51:44 | Room 1] Player YoYo (4) disconnected from room
[2025-10-12 05:51:50 | Room 1] Player Engineer (2) disconnected from room
[2025-10-12 05:51:56 | Room 1] Player Azula (1) disconnected from room
Required players finished!
Race ends in 30 seconds
[2025-10-12 05:51:56 | Room 1] Countdown to finish started, resetting room soon
[2025-10-12 05:52:00 | Room 1] Player FuzionSynth (0) disconnected from room
[2025-10-12 05:52:21 | Room 1] Player mrpinstripe (5) disconnected from room
All players finished
Restarting in 6 seconds
[2025-10-12 05:52:26 | Room 1] Room has been reset
[2025-10-12 05:52:27 | Room 1] Player 3 joined room 1 and is now identified as EliasPapp [5c0b21bd]
[2025-10-12 05:52:28 | Room 1] Player EliasPapp (3) disconnected from room
[2025-10-12 05:52:28 | Room 1] Room has been killed as no players are left
[2025-10-12 05:58:59 | Room 1] Player 0 joined room 1 and is now identified as FuzionSynth [c3e4e64b]
[2025-10-12 05:59:23 | Room 1] Player 1 joined room 1 and is now identified as mrpinstripe [816cedbe]
[2025-10-12 06:00:28 | Room 1] Track #5 and 3 laps were selected
[2025-10-12 06:08:37 | Room 1] Player FuzionSynth (0) disconnected from room
[2025-10-12 06:08:47 | Room 1] Player mrpinstripe (1) disconnected from room
[2025-10-12 06:08:47 | Room 1] Room has been killed as no players are left
[2025-10-12 06:08:47 | Room 1] Player 0 joined room 1 and is now identified as Engineer [bcc54349]
[2025-10-12 06:08:47 | Room 1] Player 1 joined room 1 and is now identified as Ale* [6ad98926]
[2025-10-12 06:08:51 | Room 1] Player Engineer (0) disconnected from room
[2025-10-12 06:09:16 | Room 1] Player 0 joined room 1 and is now identified as nme [4c0606b3]
[2025-10-12 06:09:27 | Room 1] Player 2 joined room 1 and is now identified as SkottBndct [7e1106b3]
[2025-10-12 06:09:36 | Room 1] Track #0 and 3 laps were selected
Required players finished!
Race ends in 30 seconds
[2025-10-12 06:12:09 | Room 1] Countdown to finish started, resetting room soon
All players finished
Restarting in 3 seconds
[2025-10-12 06:12:14 | Room 1] Room has been reset
[2025-10-12 06:12:15 | Room 1] Player 0 joined room 1 and is now identified as nme [4c0606b3]
[2025-10-12 06:12:15 | Room 1] Player 2 joined room 1 and is now identified as SkottBndct [7e1106b3]
[2025-10-12 06:12:15 | Room 1] Player 1 joined room 1 and is now identified as Ale* [6ad98926]
[2025-10-12 06:12:22 | Room 1] Track #1 and 3 laps were selected
[2025-10-12 06:12:58 | Room 16] Player 0 joined room 16 and is now identified as Engineer [bcc54349]
[2025-10-12 06:13:14 | Room 16] Track #5 and 5 laps were selected
Required players finished!
Race ends in 30 seconds
[2025-10-12 06:14:29 | Room 1] Countdown to finish started, resetting room soon
All players finished
Restarting in 3 seconds
[2025-10-12 06:14:41 | Room 1] Room has been reset
[2025-10-12 06:14:42 | Room 1] Player 2 joined room 1 and is now identified as SkottBndct [7e1106b3]
[2025-10-12 06:14:42 | Room 1] Player 0 joined room 1 and is now identified as nme [4c0606b3]
[2025-10-12 06:14:42 | Room 1] Player 1 joined room 1 and is now identified as Ale* [6ad98926]
[2025-10-12 06:14:59 | Room 1] Track #2 and 3 laps were selected
All players finished
Restarting in 6 seconds
1 player race detected, finishing
[2025-10-12 06:17:24 | Room 16] Countdown to finish started, resetting room soon
Required players finished!
Race ends in 30 seconds
[2025-10-12 06:17:28 | Room 1] Countdown to finish started, resetting room soon
[2025-10-12 06:17:29 | Room 1] Player SkottBndct (2) disconnected from room
All players finished
Restarting in 3 seconds
[2025-10-12 06:17:29 | Room 16] Room has been reset
[2025-10-12 06:17:30 | Room 16] Player 0 joined room 16 and is now identified as Engineer [bcc54349]
[2025-10-12 06:17:31 | Room 1] Room has been reset
[2025-10-12 06:17:32 | Room 1] Player 1 joined room 1 and is now identified as Ale* [6ad98926]
[2025-10-12 06:17:32 | Room 1] Player 0 joined room 1 and is now identified as nme [4c0606b3]
[2025-10-12 06:17:47 | Room 16] Track #5 and 1 laps were selected
[2025-10-12 06:17:47 | Room 1] Track #3 and 3 laps were selected
All players finished
Restarting in 6 seconds
1 player race detected, finishing
[2025-10-12 06:19:04 | Room 16] Countdown to finish started, resetting room soon
[2025-10-12 06:19:09 | Room 16] Room has been reset
[2025-10-12 06:19:10 | Room 16] Player 0 joined room 16 and is now identified as Engineer [bcc54349]
[2025-10-12 06:19:35 | Room 16] Track #5 and 5 laps were selected
Required players finished!
Race ends in 30 seconds
[2025-10-12 06:19:35 | Room 1] Countdown to finish started, resetting room soon
All players finished
Restarting in 3 seconds
[2025-10-12 06:19:39 | Room 1] Room has been reset
[2025-10-12 06:19:40 | Room 1] Player 0 joined room 1 and is now identified as nme [4c0606b3]
[2025-10-12 06:19:40 | Room 1] Player 1 joined room 1 and is now identified as Ale* [6ad98926]
[2025-10-12 06:19:45 | Room 1] Track #4 and 3 laps were selected
Required players finished!
Race ends in 30 seconds
[2025-10-12 06:22:00 | Room 1] Countdown to finish started, resetting room soon
All players finished
Restarting in 3 seconds
[2025-10-12 06:22:05 | Room 1] Room has been reset
[2025-10-12 06:22:06 | Room 1] Player 0 joined room 1 and is now identified as nme [4c0606b3]
[2025-10-12 06:22:06 | Room 1] Player 1 joined room 1 and is now identified as Ale* [6ad98926]
[2025-10-12 06:22:13 | Room 1] Track #5 and 3 laps were selected
All players finished
Restarting in 6 seconds
1 player race detected, finishing
[2025-10-12 06:22:49 | Room 16] Countdown to finish started, resetting room soon
[2025-10-12 06:22:54 | Room 16] Room has been reset
[2025-10-12 06:22:55 | Room 16] Player 0 joined room 16 and is now identified as Engineer [bcc54349]
[2025-10-12 06:23:05 | Room 16] Player Engineer (0) disconnected from room
[2025-10-12 06:23:05 | Room 16] Room has been killed as no players are left
[2025-10-12 06:24:13 | Room 1] Player nme (0) disconnected from room
[2025-10-12 06:24:15 | Room 1] Player Ale* (1) disconnected from room
[2025-10-12 06:24:15 | Room 1] Room has been killed as no players are left
[2025-10-12 11:43:50 | Room 1] Player 0 joined room 1 and is now identified as Gasmoxian [abc775bc]
[2025-10-12 11:44:01 | Room 1] Track #2 and 5 laps were selected
[2025-10-12 11:44:56 | Room 1] Player Gasmoxian (0) disconnected from room
[2025-10-12 11:44:56 | Room 1] Room has been killed as no players are left
[2025-10-12 12:00:14 | Room 8] Player 0 joined room 8 and is now identified as Gasmoxian [2fde702e]
[2025-10-12 12:00:28 | Room 8] Track #5 and 1 laps were selected
[2025-10-12 12:00:31 | Room 8] Player Gasmoxian (0) disconnected from room
[2025-10-12 12:00:31 | Room 8] Room has been killed as no players are left
[2025-10-12 12:00:34 | Room 8] Player 0 joined room 8 and is now identified as Gasmoxian [2fde702e]
[2025-10-12 12:00:47 | Room 8] Track #5 and 3 laps were selected
[2025-10-12 12:01:27 | Room 8] Player Gasmoxian (0) disconnected from room
[2025-10-12 12:01:27 | Room 8] Room has been killed as no players are left
[2025-10-12 12:01:31 | Room 1] Player 0 joined room 1 and is now identified as Gasmoxian [2fde702e]
[2025-10-12 12:01:40 | Room 1] Track #5 and 3 laps were selected
[2025-10-12 12:02:21 | Room 1] Player Gasmoxian (0) disconnected from room
[2025-10-12 12:02:21 | Room 1] Room has been killed as no players are left
[2025-10-12 13:03:41 | Room 1] Player 0 joined room 1 and is now identified as L1NGZ [1765b197]
[2025-10-12 13:03:46 | Room 1] Track #8 and 3 laps were selected
[2025-10-12 13:04:40 | Room 1] Player L1NGZ (0) disconnected from room
[2025-10-12 13:04:40 | Room 1] Room has been killed as no players are left
[2025-10-12 13:19:16 | Room 1] Player 0 joined room 1 and is now identified as L1NGZ [1765b197]
[2025-10-12 13:19:19 | Room 1] Player L1NGZ (0) disconnected from room
[2025-10-12 13:19:19 | Room 1] Room has been killed as no players are left
[2025-10-12 13:19:22 | Room 1] Player 0 joined room 1 and is now identified as L1NGZ [1765b197]
[2025-10-12 13:19:27 | Room 1] Track #6 and 3 laps were selected
[2025-10-12 13:20:42 | Room 1] Player L1NGZ (0) disconnected from room
[2025-10-12 13:20:42 | Room 1] Room has been killed as no players are left
[2025-10-12 13:22:36 | Room 1] Player 0 joined room 1 and is now identified as L1NGZ [1765b197]
[2025-10-12 13:22:41 | Room 1] Track #1 and 3 laps were selected
All players finished
Restarting in 6 seconds
1 player race detected, finishing
[2025-10-12 13:24:35 | Room 1] Countdown to finish started, resetting room soon
[2025-10-12 13:24:40 | Room 1] Room has been reset
[2025-10-12 13:24:41 | Room 1] Player 0 joined room 1 and is now identified as L1NGZ [1765b197]
[2025-10-12 13:25:49 | Room 1] Track #3 and 3 laps were selected
[2025-10-12 13:27:10 | Room 1] Player L1NGZ (0) disconnected from room
[2025-10-12 13:27:10 | Room 1] Room has been killed as no players are left
[2025-10-12 13:34:33 | Room 1] Player 0 joined room 1 and is now identified as L1NGZ [1765b197]
[2025-10-12 13:34:37 | Room 1] Track #0 and 3 laps were selected
[2025-10-12 13:35:35 | Room 1] Player L1NGZ (0) disconnected from room
[2025-10-12 13:35:35 | Room 1] Room has been killed as no players are left
[2025-10-12 13:36:16 | Room 1] Player 0 joined room 1 and is now identified as L1NGZ [1765b197]
[2025-10-12 13:36:23 | Room 1] Track #9 and 3 laps were selected
All players finished
Restarting in 6 seconds
1 player race detected, finishing
[2025-10-12 13:38:37 | Room 1] Countdown to finish started, resetting room soon
[2025-10-12 13:38:42 | Room 1] Room has been reset
[2025-10-12 13:38:43 | Room 1] Player 0 joined room 1 and is now identified as L1NGZ [1765b197]
[2025-10-12 13:41:36 | Room 1] Track #5 and 1 laps were selected
All players finished
Restarting in 6 seconds
1 player race detected, finishing
[2025-10-12 13:42:21 | Room 1] Countdown to finish started, resetting room soon
[2025-10-12 13:42:26 | Room 1] Room has been reset
[2025-10-12 13:42:27 | Room 1] Player 0 joined room 1 and is now identified as L1NGZ [1765b197]
[2025-10-12 13:50:13 | Room 1] Track #12 and 3 laps were selected
[2025-10-12 13:51:11 | Room 1] Player L1NGZ (0) disconnected from room
[2025-10-12 13:51:11 | Room 1] Room has been killed as no players are left
[2025-10-12 14:22:13 | Room 1] Player 0 joined room 1 and is now identified as Pepsimntr [ca810ab6]
[2025-10-12 14:22:23 | Room 1] Track #9 and 3 laps were selected
All players finished
Restarting in 6 seconds
1 player race detected, finishing
[2025-10-12 14:24:34 | Room 1] Countdown to finish started, resetting room soon
[2025-10-12 14:24:39 | Room 1] Room has been reset
[2025-10-12 14:24:40 | Room 1] Player 0 joined room 1 and is now identified as Pepsimntr [ca810ab6]
[2025-10-12 14:25:18 | Room 1] Track #11 and 3 laps were selected
All players finished
Restarting in 6 seconds
1 player race detected, finishing
[2025-10-12 14:27:49 | Room 1] Countdown to finish started, resetting room soon
[2025-10-12 14:27:54 | Room 1] Room has been reset
[2025-10-12 14:27:55 | Room 1] Player 0 joined room 1 and is now identified as Pepsimntr [ca810ab6]
[2025-10-12 14:28:10 | Room 1] Track #4 and 3 laps were selected
All players finished
Restarting in 6 seconds
1 player race detected, finishing
[2025-10-12 14:29:52 | Room 1] Countdown to finish started, resetting room soon
[2025-10-12 14:29:57 | Room 1] Room has been reset
[2025-10-12 14:29:58 | Room 1] Player 0 joined room 1 and is now identified as Pepsimntr [ca810ab6]
[2025-10-12 14:30:03 | Room 1] Track #6 and 3 laps were selected
All players finished
Restarting in 6 seconds
1 player race detected, finishing
[2025-10-12 14:31:21 | Room 1] Countdown to finish started, resetting room soon
[2025-10-12 14:31:26 | Room 1] Room has been reset
[2025-10-12 14:31:27 | Room 1] Player 0 joined room 1 and is now identified as Pepsimntr [ca810ab6]
[2025-10-12 14:31:30 | Room 1] Track #2 and 3 laps were selected
All players finished
Restarting in 6 seconds
1 player race detected, finishing
[2025-10-12 14:32:52 | Room 1] Countdown to finish started, resetting room soon
[2025-10-12 14:32:57 | Room 1] Room has been reset
[2025-10-12 14:32:58 | Room 1] Player 0 joined room 1 and is now identified as Pepsimntr [ca810ab6]
[2025-10-12 14:33:29 | Room 1] Track #15 and 3 laps were selected
All players finished
Restarting in 6 seconds
1 player race detected, finishing
[2025-10-12 14:36:32 | Room 1] Countdown to finish started, resetting room soon
[2025-10-12 14:36:37 | Room 1] Room has been reset
[2025-10-12 14:36:38 | Room 1] Player 0 joined room 1 and is now identified as Pepsimntr [ca810ab6]
[2025-10-12 14:36:48 | Room 1] Track #10 and 3 laps were selected
[2025-10-12 14:38:10 | Room 1] Player Pepsimntr (0) disconnected from room
[2025-10-12 14:38:10 | Room 1] Room has been killed as no players are left
[2025-10-12 14:48:06 | Room 1] Player 0 joined room 1 and is now identified as L1NGZ [1765b197]
[2025-10-12 14:48:10 | Room 1] Track #2 and 1 laps were selected
[2025-10-12 14:48:11 | Room 1] Player L1NGZ (0) disconnected from room
[2025-10-12 14:48:11 | Room 1] Room has been killed as no players are left
[2025-10-12 14:48:13 | Room 1] Player 0 joined room 1 and is now identified as L1NGZ [1765b197]
[2025-10-12 14:48:16 | Room 1] Track #2 and 3 laps were selected
[2025-10-12 14:49:17 | Room 1] Player L1NGZ (0) disconnected from room
[2025-10-12 14:49:17 | Room 1] Room has been killed as no players are left
[2025-10-12 14:51:22 | Room 1] Player 0 joined room 1 and is now identified as L1NGZ [1765b197]
[2025-10-12 14:51:26 | Room 1] Player L1NGZ (0) disconnected from room
[2025-10-12 14:51:26 | Room 1] Room has been killed as no players are left
[2025-10-12 14:51:28 | Room 1] Player 0 joined room 1 and is now identified as L1NGZ [1765b197]
[2025-10-12 14:51:33 | Room 1] Track #8 and 3 laps were selected
All players finished
Restarting in 6 seconds
1 player race detected, finishing
[2025-10-12 14:53:46 | Room 1] Countdown to finish started, resetting room soon
[2025-10-12 14:53:51 | Room 1] Room has been reset
[2025-10-12 14:53:52 | Room 1] Player 0 joined room 1 and is now identified as L1NGZ [1765b197]
[2025-10-12 14:56:34 | Room 1] Track #11 and 3 laps were selected
[2025-10-12 14:59:03 | Room 1] Player L1NGZ (0) disconnected from room
[2025-10-12 14:59:03 | Room 1] Room has been killed as no players are left
[2025-10-12 15:02:05 | Room 1] Player 0 joined room 1 and is now identified as L1NGZ [1765b197]
[2025-10-12 15:02:13 | Room 1] Track #10 and 1 laps were selected
[2025-10-12 15:04:24 | Room 1] Player L1NGZ (0) disconnected from room
[2025-10-12 15:04:24 | Room 1] Room has been killed as no players are left
[2025-10-12 17:04:45 | Room 1] Player 0 joined room 1 and is now identified as 411Dangi [da472297]
[2025-10-12 17:04:47 | Room 1] Player 411Dangi (0) disconnected from room
[2025-10-12 17:04:47 | Room 1] Room has been killed as no players are left
[2025-10-12 20:28:04 | Room 1] Player 0 joined room 1 and is now identified as L1NGZ [1765b197]
[2025-10-12 20:28:05 | Room 1] Player L1NGZ (0) disconnected from room
[2025-10-12 20:28:05 | Room 1] Room has been killed as no players are left
[2025-10-12 20:35:54 | Room 1] Player 0 joined room 1 and is now identified as L1NGZ [1765b197]
[2025-10-12 20:36:03 | Room 1] Track #14 and 3 laps were selected
[2025-10-12 20:40:03 | Room 1] Player L1NGZ (0) disconnected from room
[2025-10-12 20:40:03 | Room 1] Room has been killed as no players are left
[2025-10-12 20:40:17 | Room 1] Player 0 joined room 1 and is now identified as L1NGZ [1765b197]
[2025-10-12 20:40:25 | Room 1] Track #14 and 3 laps were selected
[2025-10-12 20:40:45 | Room 1] Player L1NGZ (0) disconnected from room
[2025-10-12 20:40:45 | Room 1] Room has been killed as no players are left
[2025-10-12 20:41:26 | Room 1] Player 0 joined room 1 and is now identified as L1NGZ [1765b197]
[2025-10-12 20:41:31 | Room 1] Track #1 and 3 laps were selected
[2025-10-12 20:42:09 | Room 1] Player L1NGZ (0) disconnected from room
[2025-10-12 20:42:09 | Room 1] Room has been killed as no players are left
[2025-10-13 02:05:04 | Room 1] Player 0 joined room 1 and is now identified as Dracoflux [52ad8823]
[2025-10-13 02:05:07 | Room 1] Player Dracoflux (0) disconnected from room
[2025-10-13 02:05:07 | Room 1] Room has been killed as no players are left
[2025-10-13 02:05:58 | Room 1] Player 0 joined room 1 and is now identified as Dracoflux [52ad8823]
[2025-10-13 02:06:38 | Room 1] Track #6 and 1 laps were selected
All players finished
Restarting in 6 seconds
1 player race detected, finishing
[2025-10-13 02:08:02 | Room 1] Countdown to finish started, resetting room soon
[2025-10-13 02:08:07 | Room 1] Room has been reset
[2025-10-13 02:08:08 | Room 1] Player 0 joined room 1 and is now identified as Dracoflux [52ad8823]
[2025-10-13 02:08:17 | Room 1] Player Dracoflux (0) disconnected from room
[2025-10-13 02:08:17 | Room 1] Room has been killed as no players are left
[2025-10-13 02:09:00 | Room 1] Player 0 joined room 1 and is now identified as Dracoflux [52ad8823]
[2025-10-13 02:11:04 | Room 1] Player Dracoflux (0) disconnected from room
[2025-10-13 02:11:04 | Room 1] Room has been killed as no players are left
[2025-10-13 02:13:37 | Room 1] Player 0 joined room 1 and is now identified as Dracoflux [52ad8823]
[2025-10-13 02:16:48 | Room 1] Player Dracoflux (0) disconnected from room
[2025-10-13 02:16:48 | Room 1] Room has been killed as no players are left
[2025-10-13 02:16:52 | Room 1] Player 0 joined room 1 and is now identified as Dracoflux [52ad8823]
[2025-10-13 02:16:56 | Room 1] Player Dracoflux (0) disconnected from room
[2025-10-13 02:16:56 | Room 1] Room has been killed as no players are left
[2025-10-13 02:17:09 | Room 1] Player 0 joined room 1 and is now identified as Dracoflux [52ad8823]
[2025-10-13 02:20:25 | Room 1] Player Dracoflux (0) disconnected from room
[2025-10-13 02:20:25 | Room 1] Room has been killed as no players are left
[2025-10-13 02:20:43 | Room 1] Player 0 joined room 1 and is now identified as Dracoflux [52ad8823]
[2025-10-13 02:22:53 | Room 1] Player Dracoflux (0) disconnected from room
[2025-10-13 02:22:53 | Room 1] Room has been killed as no players are left
[2025-10-13 02:23:13 | Room 1] Player 0 joined room 1 and is now identified as Dracoflux [52ad8823]
[2025-10-13 02:24:15 | Room 1] Player 1 joined room 1 and is now identified as turb@sebas [5c1fedbe]
[2025-10-13 02:24:40 | Room 1] Player Dracoflux (0) disconnected from room
[2025-10-13 02:24:47 | Room 1] Player turb@sebas (1) disconnected from room
[2025-10-13 02:24:47 | Room 1] Room has been killed as no players are left
[2025-10-13 02:25:19 | Room 1] Player 0 joined room 1 and is now identified as Dracoflux [52ad8823]
[2025-10-13 02:25:22 | Room 1] Player Dracoflux (0) disconnected from room
[2025-10-13 02:25:22 | Room 1] Room has been killed as no players are left
[2025-10-13 02:25:43 | Room 1] Player 0 joined room 1 and is now identified as Dracoflux [52ad8823]
[2025-10-13 02:30:17 | Room 1] Player Dracoflux (0) disconnected from room
[2025-10-13 02:30:17 | Room 1] Room has been killed as no players are left
[2025-10-13 02:30:46 | Room 1] Player 0 joined room 1 and is now identified as Dracoflux [52ad8823]
[2025-10-13 02:30:47 | Room 1] Player Dracoflux (0) disconnected from room
[2025-10-13 02:30:47 | Room 1] Room has been killed as no players are left
[2025-10-13 02:30:52 | Room 1] Player 0 joined room 1 and is now identified as Dracoflux [52ad8823]
[2025-10-13 02:32:34 | Room 1] Player Dracoflux (0) disconnected from room
[2025-10-13 02:32:34 | Room 1] Room has been killed as no players are left
[2025-10-13 02:32:53 | Room 1] Player 0 joined room 1 and is now identified as Dracoflux [52ad8823]
[2025-10-13 02:34:54 | Room 1] Player 1 joined room 1 and is now identified as Liuxover [5a8fc0bd]
[2025-10-13 02:35:02 | Room 1] Player Liuxover (1) disconnected from room
[2025-10-13 02:38:47 | Room 1] Player Dracoflux (0) disconnected from room
[2025-10-13 02:38:47 | Room 1] Room has been killed as no players are left
[2025-10-13 13:46:53 | Room 2] Player 0 joined room 2 and is now identified as Yeff [ec0b516c]
[2025-10-13 13:47:30 | Room 2] Track #11 and 7 laps were selected
[2025-10-13 13:50:23 | Room 2] Player Yeff (0) disconnected from room
[2025-10-13 13:50:23 | Room 2] Room has been killed as no players are left
[2025-10-13 15:07:46 | Room 1] Player 0 joined room 1 and is now identified as J@^n*d [2e66cb98]
[2025-10-13 15:08:03 | Room 1] Track #13 and 5 laps were selected
All players finished
Restarting in 6 seconds
1 player race detected, finishing
[2025-10-13 15:13:35 | Room 1] Countdown to finish started, resetting room soon
[2025-10-13 15:13:40 | Room 1] Room has been reset
[2025-10-13 15:13:41 | Room 1] Player 0 joined room 1 and is now identified as J@^n*d [2e66cb98]
[2025-10-13 15:14:14 | Room 1] Track #14 and 5 laps were selected
All players finished
Restarting in 6 seconds
1 player race detected, finishing
[2025-10-13 15:16:55 | Room 1] Countdown to finish started, resetting room soon
[2025-10-13 15:17:00 | Room 1] Room has been reset
[2025-10-13 15:17:01 | Room 1] Player 0 joined room 1 and is now identified as J@^n*d [2e66cb98]
[2025-10-13 15:17:10 | Room 1] Track #15 and 5 laps were selected
All players finished
Restarting in 6 seconds
1 player race detected, finishing
[2025-10-13 15:23:15 | Room 1] Countdown to finish started, resetting room soon
[2025-10-13 15:23:20 | Room 1] Room has been reset
[2025-10-13 15:23:21 | Room 1] Player 0 joined room 1 and is now identified as J@^n*d [2e66cb98]
[2025-10-13 15:23:26 | Room 1] Track #16 and 5 laps were selected
All players finished
Restarting in 6 seconds
1 player race detected, finishing
[2025-10-13 15:26:40 | Room 1] Countdown to finish started, resetting room soon
[2025-10-13 15:26:45 | Room 1] Room has been reset
[2025-10-13 15:26:46 | Room 1] Player 0 joined room 1 and is now identified as J@^n*d [2e66cb98]
[2025-10-13 15:26:51 | Room 1] Track #17 and 5 laps were selected
All players finished
Restarting in 6 seconds
1 player race detected, finishing
[2025-10-13 15:30:01 | Room 1] Countdown to finish started, resetting room soon
[2025-10-13 15:30:06 | Room 1] Room has been reset
[2025-10-13 15:30:07 | Room 1] Player 0 joined room 1 and is now identified as J@^n*d [2e66cb98]
[2025-10-13 15:31:16 | Room 1] Track #2 and 3 laps were selected
All players finished
Restarting in 6 seconds
1 player race detected, finishing
[2025-10-13 15:33:56 | Room 1] Countdown to finish started, resetting room soon
[2025-10-13 15:34:01 | Room 1] Room has been reset
[2025-10-13 15:34:02 | Room 1] Player 0 joined room 1 and is now identified as J@^n*d [2e66cb98]
[2025-10-13 15:34:14 | Room 1] Track #5 and 3 laps were selected
All players finished
Restarting in 6 seconds
1 player race detected, finishing
[2025-10-13 15:36:34 | Room 1] Countdown to finish started, resetting room soon
[2025-10-13 15:36:39 | Room 1] Room has been reset
[2025-10-13 15:36:40 | Room 1] Player 0 joined room 1 and is now identified as J@^n*d [2e66cb98]
[2025-10-13 15:36:52 | Room 1] Track #6 and 5 laps were selected
All players finished
Restarting in 6 seconds
1 player race detected, finishing
[2025-10-13 15:39:27 | Room 1] Countdown to finish started, resetting room soon
[2025-10-13 15:39:32 | Room 1] Room has been reset
[2025-10-13 15:39:33 | Room 1] Player 0 joined room 1 and is now identified as J@^n*d [2e66cb98]
[2025-10-13 15:40:19 | Room 1] Track #8 and 5 laps were selected
All players finished
Restarting in 6 seconds
1 player race detected, finishing
[2025-10-13 15:43:36 | Room 1] Countdown to finish started, resetting room soon
[2025-10-13 15:43:41 | Room 1] Room has been reset
[2025-10-13 15:43:42 | Room 1] Player 0 joined room 1 and is now identified as J@^n*d [2e66cb98]
[2025-10-13 15:43:43 | Room 1] Player J@^n*d (0) disconnected from room
[2025-10-13 15:43:43 | Room 1] Room has been killed as no players are left
[2025-10-13 16:58:44 | Room 1] Player 0 joined room 1 and is now identified as Dracoflux [52ad8823]
[2025-10-13 16:58:46 | Room 1] Player Dracoflux (0) disconnected from room
[2025-10-13 16:58:46 | Room 1] Room has been killed as no players are left
[2025-10-13 16:59:00 | Room 1] Player 0 joined room 1 and is now identified as Dracoflux [52ad8823]
[2025-10-13 16:59:01 | Room 1] Player Dracoflux (0) disconnected from room
[2025-10-13 16:59:01 | Room 1] Room has been killed as no players are left
[2025-10-13 18:15:50 | Room 1] Player 0 joined room 1 and is now identified as Mrlingan [be22225c]
[2025-10-13 18:15:54 | Room 1] Track #12 and 3 laps were selected
[2025-10-13 18:18:07 | Room 1] Player Mrlingan (0) disconnected from room
[2025-10-13 18:18:07 | Room 1] Room has been killed as no players are left
[2025-10-13 19:41:29 | Room 8] Player 0 joined room 8 and is now identified as Ashadow255 [e82a2a52]
[2025-10-13 19:41:53 | Room 8] Track #13 and 5 laps were selected
All players finished
Restarting in 6 seconds
1 player race detected, finishing
[2025-10-13 19:47:12 | Room 8] Countdown to finish started, resetting room soon
[2025-10-13 19:47:17 | Room 8] Room has been reset
[2025-10-13 19:47:18 | Room 8] Player 0 joined room 8 and is now identified as Ashadow255 [e82a2a52]
[2025-10-13 19:47:29 | Room 8] Track #13 and 9 laps were selected
All players finished
Restarting in 6 seconds
1 player race detected, finishing
[2025-10-13 19:57:48 | Room 8] Countdown to finish started, resetting room soon
[2025-10-13 19:57:53 | Room 8] Room has been reset
[2025-10-13 19:57:54 | Room 8] Player 0 joined room 8 and is now identified as Ashadow255 [e82a2a52]
[2025-10-13 19:58:00 | Room 8] Track #13 and 9 laps were selected
All players finished
Restarting in 6 seconds
1 player race detected, finishing
[2025-10-13 20:10:56 | Room 8] Countdown to finish started, resetting room soon
[2025-10-13 20:11:01 | Room 8] Room has been reset
[2025-10-13 20:11:02 | Room 8] Player 0 joined room 8 and is now identified as Ashadow255 [e82a2a52]
[2025-10-13 20:11:02 | Room 8] Player 1 joined room 8 and is now identified as AgK@G [7124add5]
[2025-10-13 20:11:25 | Room 8] Track #9 and 3 laps were selected
ban orb/clock 1
Required players finished!
Race ends in 30 seconds
[2025-10-13 20:13:24 | Room 8] Countdown to finish started, resetting room soon
All players finished
Restarting in 3 seconds
[2025-10-13 20:13:29 | Room 8] Room has been reset
[2025-10-13 20:13:30 | Room 8] Player 0 joined room 8 and is now identified as Ashadow255 [e82a2a52]
[2025-10-13 20:13:30 | Room 8] Player 1 joined room 8 and is now identified as AgK@G [7124add5]
[2025-10-13 20:13:48 | Room 8] Track #4 and 3 laps were selected
ban orb/clock 1
ban orb/clock 0
Required players finished!
Race ends in 30 seconds
[2025-10-13 20:15:48 | Room 8] Countdown to finish started, resetting room soon
All players finished
Restarting in 3 seconds
[2025-10-13 20:15:56 | Room 8] Room has been reset
[2025-10-13 20:15:57 | Room 8] Player 1 joined room 8 and is now identified as AgK@G [7124add5]
[2025-10-13 20:15:57 | Room 8] Player 0 joined room 8 and is now identified as Ashadow255 [e82a2a52]
[2025-10-13 20:16:05 | Room 8] Track #5 and 3 laps were selected
ban orb/clock 1
ban orb/clock 0
Required players finished!
Race ends in 30 seconds
[2025-10-13 20:18:00 | Room 8] Countdown to finish started, resetting room soon
All players finished
Restarting in 3 seconds
[2025-10-13 20:18:03 | Room 8] Room has been reset
[2025-10-13 20:18:04 | Room 8] Player 1 joined room 8 and is now identified as AgK@G [7124add5]
[2025-10-13 20:18:04 | Room 8] Player 0 joined room 8 and is now identified as Ashadow255 [e82a2a52]
[2025-10-13 20:18:14 | Room 8] Track #10 and 3 laps were selected
ban orb/clock 1
Required players finished!
Race ends in 30 seconds
[2025-10-13 20:20:25 | Room 8] Countdown to finish started, resetting room soon
ban orb/clock 0
All players finished
Restarting in 3 seconds
[2025-10-13 20:20:34 | Room 8] Room has been reset
[2025-10-13 20:20:35 | Room 8] Player 1 joined room 8 and is now identified as AgK@G [7124add5]
[2025-10-13 20:20:35 | Room 8] Player 0 joined room 8 and is now identified as Ashadow255 [e82a2a52]
[2025-10-13 20:20:44 | Room 8] Track #11 and 3 laps were selected
Required players finished!
Race ends in 30 seconds
[2025-10-13 20:23:00 | Room 8] Countdown to finish started, resetting room soon
All players finished
Restarting in 3 seconds
[2025-10-13 20:23:10 | Room 8] Room has been reset
[2025-10-13 20:23:11 | Room 8] Player 0 joined room 8 and is now identified as Ashadow255 [e82a2a52]
[2025-10-13 20:23:11 | Room 8] Player 1 joined room 8 and is now identified as AgK@G [7124add5]
[2025-10-13 20:23:21 | Room 8] Track #12 and 3 laps were selected
[2025-10-13 20:23:36 | Room 8] Player Ashadow255 (0) disconnected from room
[2025-10-13 20:24:16 | Room 8] Player AgK@G (1) disconnected from room
[2025-10-13 20:24:16 | Room 8] Room has been killed as no players are left
[2025-10-13 20:24:17 | Room 8] Player 0 joined room 8 and is now identified as Ashadow255 [e82a2a52]
[2025-10-13 20:24:23 | Room 8] Player 1 joined room 8 and is now identified as AgK@G [7124add5]
[2025-10-13 20:24:39 | Room 8] Track #7 and 3 laps were selected
Required players finished!
Race ends in 30 seconds
[2025-10-13 20:26:41 | Room 8] Countdown to finish started, resetting room soon
[2025-10-13 20:27:10 | Room 8] Room has been reset
[2025-10-13 20:27:11 | Room 8] Player 0 joined room 8 and is now identified as Ashadow255 [e82a2a52]
[2025-10-13 20:27:11 | Room 8] Player 1 joined room 8 and is now identified as AgK@G [7124add5]
[2025-10-13 20:27:18 | Room 8] Track #6 and 3 laps were selected
Required players finished!
Race ends in 30 seconds
[2025-10-13 20:28:40 | Room 8] Countdown to finish started, resetting room soon
All players finished
Restarting in 3 seconds
[2025-10-13 20:28:44 | Room 8] Room has been reset
[2025-10-13 20:28:45 | Room 8] Player 1 joined room 8 and is now identified as AgK@G [7124add5]
[2025-10-13 20:28:45 | Room 8] Player 0 joined room 8 and is now identified as Ashadow255 [e82a2a52]
[2025-10-13 20:28:50 | Room 8] Track #0 and 3 laps were selected
ban orb/clock 1
ban orb/clock 0
Required players finished!
Race ends in 30 seconds
[2025-10-13 20:30:26 | Room 8] Countdown to finish started, resetting room soon
ban orb/clock 1
All players finished
Restarting in 3 seconds
[2025-10-13 20:30:42 | Room 8] Room has been reset
[2025-10-13 20:30:43 | Room 8] Player 1 joined room 8 and is now identified as AgK@G [7124add5]
[2025-10-13 20:30:43 | Room 8] Player 0 joined room 8 and is now identified as Ashadow255 [e82a2a52]
[2025-10-13 20:30:48 | Room 8] Track #1 and 3 laps were selected
Required players finished!
Race ends in 30 seconds
[2025-10-13 20:32:28 | Room 8] Countdown to finish started, resetting room soon
All players finished
Restarting in 3 seconds
[2025-10-13 20:32:40 | Room 8] Room has been reset
[2025-10-13 20:32:41 | Room 8] Player 1 joined room 8 and is now identified as AgK@G [7124add5]
[2025-10-13 20:32:41 | Room 8] Player 0 joined room 8 and is now identified as Ashadow255 [e82a2a52]
[2025-10-13 20:32:47 | Room 8] Track #3 and 3 laps were selected
Required players finished!
Race ends in 30 seconds
[2025-10-13 20:34:17 | Room 8] Countdown to finish started, resetting room soon
All players finished
Restarting in 3 seconds
[2025-10-13 20:34:24 | Room 8] Room has been reset
[2025-10-13 20:34:25 | Room 8] Player 0 joined room 8 and is now identified as Ashadow255 [e82a2a52]
[2025-10-13 20:34:25 | Room 8] Player 1 joined room 8 and is now identified as AgK@G [7124add5]
[2025-10-13 20:34:32 | Room 8] Track #12 and 3 laps were selected
Required players finished!
Race ends in 30 seconds
[2025-10-13 20:36:36 | Room 8] Countdown to finish started, resetting room soon
All players finished
Restarting in 3 seconds
[2025-10-13 20:36:53 | Room 8] Room has been reset
[2025-10-13 20:36:54 | Room 8] Player 1 joined room 8 and is now identified as AgK@G [7124add5]
[2025-10-13 20:36:54 | Room 8] Player 0 joined room 8 and is now identified as Ashadow255 [e82a2a52]
[2025-10-13 20:37:10 | Room 8] Track #9 and 3 laps were selected
Required players finished!
Race ends in 30 seconds
[2025-10-13 20:38:57 | Room 8] Countdown to finish started, resetting room soon
All players finished
Restarting in 3 seconds
[2025-10-13 20:39:04 | Room 8] Room has been reset
[2025-10-13 20:39:05 | Room 8] Player 1 joined room 8 and is now identified as AgK@G [7124add5]
[2025-10-13 20:39:05 | Room 8] Player 0 joined room 8 and is now identified as Ashadow255 [e82a2a52]
[2025-10-13 20:39:10 | Room 8] Track #2 and 3 laps were selected
Required players finished!
Race ends in 30 seconds
[2025-10-13 20:40:27 | Room 8] Countdown to finish started, resetting room soon
All players finished
Restarting in 3 seconds
[2025-10-13 20:40:36 | Room 8] Room has been reset
[2025-10-13 20:40:37 | Room 8] Player 1 joined room 8 and is now identified as AgK@G [7124add5]
[2025-10-13 20:40:37 | Room 8] Player 0 joined room 8 and is now identified as Ashadow255 [e82a2a52]
[2025-10-13 20:40:46 | Room 8] Track #15 and 3 laps were selected
Required players finished!
Race ends in 30 seconds
[2025-10-13 20:43:47 | Room 8] Countdown to finish started, resetting room soon
All players finished
Restarting in 3 seconds
[2025-10-13 20:43:58 | Room 8] Room has been reset
[2025-10-13 20:43:59 | Room 8] Player 1 joined room 8 and is now identified as AgK@G [7124add5]
[2025-10-13 20:43:59 | Room 8] Player 0 joined room 8 and is now identified as Ashadow255 [e82a2a52]
[2025-10-13 20:44:07 | Room 8] Track #17 and 3 laps were selected
Required players finished!
Race ends in 30 seconds
[2025-10-13 20:45:50 | Room 8] Countdown to finish started, resetting room soon
All players finished
Restarting in 3 seconds
[2025-10-13 20:45:59 | Room 8] Room has been reset
[2025-10-13 20:46:00 | Room 8] Player 1 joined room 8 and is now identified as AgK@G [7124add5]
[2025-10-13 20:46:00 | Room 8] Player 0 joined room 8 and is now identified as Ashadow255 [e82a2a52]
[2025-10-13 20:46:33 | Room 8] Track #0 and 3 laps were selected
Required players finished!
Race ends in 30 seconds
[2025-10-13 20:48:19 | Room 8] Countdown to finish started, resetting room soon
All players finished
Restarting in 3 seconds
[2025-10-13 20:48:26 | Room 8] Room has been reset
[2025-10-13 20:48:27 | Room 8] Player 0 joined room 8 and is now identified as Ashadow255 [e82a2a52]
[2025-10-13 20:48:27 | Room 8] Player 1 joined room 8 and is now identified as AgK@G [7124add5]
[2025-10-13 20:48:36 | Room 8] Track #4 and 3 laps were selected
Required players finished!
Race ends in 30 seconds
[2025-10-13 20:50:32 | Room 8] Countdown to finish started, resetting room soon
All players finished
Restarting in 3 seconds
[2025-10-13 20:50:36 | Room 8] Room has been reset
[2025-10-13 20:50:37 | Room 8] Player 0 joined room 8 and is now identified as Ashadow255 [e82a2a52]
[2025-10-13 20:50:37 | Room 8] Player 1 joined room 8 and is now identified as AgK@G [7124add5]
[2025-10-13 20:50:43 | Room 8] Track #11 and 3 laps were selected
Required players finished!
Race ends in 30 seconds
[2025-10-13 20:53:28 | Room 8] Countdown to finish started, resetting room soon
All players finished
Restarting in 3 seconds
[2025-10-13 20:53:40 | Room 8] Room has been reset
[2025-10-13 20:53:41 | Room 8] Player 0 joined room 8 and is now identified as Ashadow255 [e82a2a52]
[2025-10-13 20:53:41 | Room 8] Player 1 joined room 8 and is now identified as AgK@G [7124add5]
[2025-10-13 20:53:47 | Room 8] Track #5 and 3 laps were selected
Required players finished!
Race ends in 30 seconds
[2025-10-13 20:55:51 | Room 8] Countdown to finish started, resetting room soon
[2025-10-13 20:56:20 | Room 8] Room has been reset
[2025-10-13 20:56:21 | Room 8] Player 0 joined room 8 and is now identified as Ashadow255 [e82a2a52]
[2025-10-13 20:56:21 | Room 8] Player 1 joined room 8 and is now identified as AgK@G [7124add5]
[2025-10-13 20:56:40 | Room 8] Track #8 and 5 laps were selected
Required players finished!
Race ends in 30 seconds
[2025-10-13 20:59:57 | Room 8] Countdown to finish started, resetting room soon
All players finished
Restarting in 3 seconds
[2025-10-13 21:00:05 | Room 8] Room has been reset
[2025-10-13 21:00:06 | Room 8] Player 0 joined room 8 and is now identified as Ashadow255 [e82a2a52]
[2025-10-13 21:00:06 | Room 8] Player 1 joined room 8 and is now identified as AgK@G [7124add5]
[2025-10-13 21:00:25 | Room 8] Track #6 and 3 laps were selected
Required players finished!
Race ends in 30 seconds
[2025-10-13 21:01:56 | Room 8] Countdown to finish started, resetting room soon
All players finished
Restarting in 3 seconds
[2025-10-13 21:02:00 | Room 8] Room has been reset
[2025-10-13 21:02:00 | Room 8] Player 1 joined room 8 and is now identified as AgK@G [7124add5]
[2025-10-13 21:02:00 | Room 8] Player 0 joined room 8 and is now identified as Ashadow255 [e82a2a52]
[2025-10-13 21:02:05 | Room 8] Track #2 and 5 laps were selected
Required players finished!
Race ends in 30 seconds
[2025-10-13 21:04:21 | Room 8] Countdown to finish started, resetting room soon
All players finished
Restarting in 3 seconds
[2025-10-13 21:04:37 | Room 8] Room has been reset
[2025-10-13 21:04:38 | Room 8] Player 1 joined room 8 and is now identified as AgK@G [7124add5]
[2025-10-13 21:04:38 | Room 8] Player 0 joined room 8 and is now identified as Ashadow255 [e82a2a52]
[2025-10-13 21:04:46 | Room 8] Track #11 and 3 laps were selected
Required players finished!
Race ends in 30 seconds
[2025-10-13 21:07:16 | Room 8] Countdown to finish started, resetting room soon
All players finished
Restarting in 3 seconds
[2025-10-13 21:07:21 | Room 8] Room has been reset
[2025-10-13 21:07:22 | Room 8] Player 1 joined room 8 and is now identified as AgK@G [7124add5]
[2025-10-13 21:07:22 | Room 8] Player 0 joined room 8 and is now identified as Ashadow255 [e82a2a52]
[2025-10-13 21:07:28 | Room 8] Track #10 and 3 laps were selected
Required players finished!
Race ends in 30 seconds
[2025-10-13 21:09:55 | Room 8] Countdown to finish started, resetting room soon
All players finished
Restarting in 3 seconds
[2025-10-13 21:09:58 | Room 8] Room has been reset
[2025-10-13 21:09:59 | Room 8] Player 1 joined room 8 and is now identified as AgK@G [7124add5]
[2025-10-13 21:09:59 | Room 8] Player 0 joined room 8 and is now identified as Ashadow255 [e82a2a52]
[2025-10-13 21:10:15 | Room 8] Track #14 and 3 laps were selected
Required players finished!
Race ends in 30 seconds
[2025-10-13 21:11:56 | Room 8] Countdown to finish started, resetting room soon
All players finished
Restarting in 3 seconds
[2025-10-13 21:11:59 | Room 8] Room has been reset
[2025-10-13 21:12:00 | Room 8] Player 1 joined room 8 and is now identified as AgK@G [7124add5]
[2025-10-13 21:12:00 | Room 8] Player 0 joined room 8 and is now identified as Ashadow255 [e82a2a52]
[2025-10-13 21:12:08 | Room 8] Track #9 and 3 laps were selected
Required players finished!
Race ends in 30 seconds
[2025-10-13 21:14:16 | Room 8] Countdown to finish started, resetting room soon
All players finished
Restarting in 3 seconds
[2025-10-13 21:14:19 | Room 8] Room has been reset
[2025-10-13 21:14:20 | Room 8] Player 1 joined room 8 and is now identified as AgK@G [7124add5]
[2025-10-13 21:14:20 | Room 8] Player 0 joined room 8 and is now identified as Ashadow255 [e82a2a52]
[2025-10-13 21:14:44 | Room 8] Player Ashadow255 (0) disconnected from room
[2025-10-13 21:14:58 | Room 8] Player AgK@G (1) disconnected from room
[2025-10-13 21:14:58 | Room 8] Room has been killed as no players are left
[2025-10-13 23:09:20 | Room 1] Player 0 joined room 1 and is now identified as Devilake [981dc451]
[2025-10-13 23:09:31 | Room 1] Track #9 and 3 laps were selected
All players finished
Restarting in 6 seconds
1 player race detected, finishing
[2025-10-13 23:11:32 | Room 1] Countdown to finish started, resetting room soon
[2025-10-13 23:11:37 | Room 1] Room has been reset
[2025-10-13 23:11:38 | Room 1] Player 0 joined room 1 and is now identified as Devilake [981dc451]
[2025-10-13 23:12:01 | Room 1] Track #14 and 1 laps were selected
All players finished
Restarting in 6 seconds
1 player race detected, finishing
[2025-10-13 23:12:38 | Room 1] Countdown to finish started, resetting room soon
[2025-10-13 23:12:43 | Room 1] Room has been reset
[2025-10-13 23:12:44 | Room 1] Player 0 joined room 1 and is now identified as Devilake [981dc451]
[2025-10-13 23:12:51 | Room 1] Track #5 and 3 laps were selected
All players finished
Restarting in 6 seconds
1 player race detected, finishing
[2025-10-13 23:15:10 | Room 1] Countdown to finish started, resetting room soon
[2025-10-13 23:15:15 | Room 1] Room has been reset
[2025-10-13 23:15:16 | Room 1] Player 0 joined room 1 and is now identified as Devilake [981dc451]
[2025-10-13 23:15:21 | Room 1] Track #12 and 3 laps were selected
All players finished
Restarting in 6 seconds
1 player race detected, finishing
[2025-10-13 23:18:02 | Room 1] Countdown to finish started, resetting room soon
[2025-10-13 23:18:07 | Room 1] Room has been reset
[2025-10-13 23:18:08 | Room 1] Player 0 joined room 1 and is now identified as Devilake [981dc451]
[2025-10-13 23:18:12 | Room 1] Track #4 and 3 laps were selected
All players finished
Restarting in 6 seconds
1 player race detected, finishing
[2025-10-13 23:19:53 | Room 1] Countdown to finish started, resetting room soon
[2025-10-13 23:19:58 | Room 1] Room has been reset
[2025-10-13 23:19:59 | Room 1] Player 0 joined room 1 and is now identified as Devilake [981dc451]
[2025-10-13 23:20:10 | Room 1] Track #6 and 3 laps were selected
All players finished
Restarting in 6 seconds
1 player race detected, finishing
[2025-10-13 23:21:27 | Room 1] Countdown to finish started, resetting room soon
[2025-10-13 23:21:32 | Room 1] Room has been reset
[2025-10-13 23:21:33 | Room 1] Player 0 joined room 1 and is now identified as Devilake [981dc451]
[2025-10-13 23:21:37 | Room 1] Track #3 and 3 laps were selected
All players finished
Restarting in 6 seconds
1 player race detected, finishing
[2025-10-13 23:23:12 | Room 1] Countdown to finish started, resetting room soon
[2025-10-13 23:23:17 | Room 1] Room has been reset
[2025-10-13 23:23:18 | Room 1] Player 0 joined room 1 and is now identified as Devilake [981dc451]
[2025-10-13 23:23:22 | Room 1] Track #3 and 3 laps were selected
[2025-10-13 23:24:33 | Room 1] Player Devilake (0) disconnected from room
[2025-10-13 23:24:33 | Room 1] Room has been killed as no players are left
[2025-10-14 00:03:03 | Room 1] Player 0 joined room 1 and is now identified as ODD [32191926]
[2025-10-14 00:03:04 | Room 1] Player ODD (0) disconnected from room
[2025-10-14 00:03:04 | Room 1] Room has been killed as no players are left
[2025-10-14 20:10:04 | Room 1] Player 0 joined room 1 and is now identified as Peerk [c57014b5]
[2025-10-14 20:10:08 | Room 1] Track #1 and 1 laps were selected
All players finished
Restarting in 6 seconds
1 player race detected, finishing
[2025-10-14 20:11:09 | Room 1] Countdown to finish started, resetting room soon
[2025-10-14 20:11:14 | Room 1] Room has been reset
[2025-10-14 20:11:15 | Room 1] Player 0 joined room 1 and is now identified as Peerk [c57014b5]
[2025-10-14 20:11:46 | Room 1] Track #8 and 1 laps were selected
[2025-10-14 20:12:43 | Room 1] Player Peerk (0) disconnected from room
[2025-10-14 20:12:43 | Room 1] Room has been killed as no players are left
[2025-10-15 01:04:19 | Room 1] Player 0 joined room 1 and is now identified as Dracoflux [52ad8823]
[2025-10-15 01:06:56 | Room 1] Player Dracoflux (0) disconnected from room
[2025-10-15 01:06:56 | Room 1] Room has been killed as no players are left
[2025-10-15 05:48:49 | Room 1] Player 0 joined room 1 and is now identified as SkottBndct [7e1106b3]
[2025-10-15 05:48:56 | Room 1] Track #7 and 3 laps were selected
[2025-10-15 05:49:20 | Room 1] Player SkottBndct (0) disconnected from room
[2025-10-15 05:49:20 | Room 1] Room has been killed as no players are left
[2025-10-15 14:15:17 | Room 1] Player 0 joined room 1 and is now identified as Demon008 [ce2b31b5]
[2025-10-15 14:15:36 | Room 1] Track #10 and 5 laps were selected
[2025-10-15 14:15:54 | Room 1] Player Demon008 (0) disconnected from room
[2025-10-15 14:15:54 | Room 1] Room has been killed as no players are left
[2025-10-15 16:08:46 | Room 1] Player 0 joined room 1 and is now identified as Pepsimntr [ca810ab6]
[2025-10-15 16:09:04 | Room 1] Player Pepsimntr (0) disconnected from room
[2025-10-15 16:09:04 | Room 1] Room has been killed as no players are left
[2025-10-15 16:09:05 | Room 1] Player 0 joined room 1 and is now identified as Pepsimntr [ca810ab6]
[2025-10-15 16:09:12 | Room 1] Track #7 and 3 laps were selected
All players finished
Restarting in 6 seconds
1 player race detected, finishing
[2025-10-15 16:12:24 | Room 1] Countdown to finish started, resetting room soon
[2025-10-15 16:12:29 | Room 1] Room has been reset
[2025-10-15 16:12:30 | Room 1] Player 0 joined room 1 and is now identified as Pepsimntr [ca810ab6]
[2025-10-15 16:13:00 | Room 1] Track #9 and 3 laps were selected
All players finished
Restarting in 6 seconds
1 player race detected, finishing
[2025-10-15 16:14:53 | Room 1] Countdown to finish started, resetting room soon
[2025-10-15 16:14:58 | Room 1] Room has been reset
[2025-10-15 16:14:59 | Room 1] Player 0 joined room 1 and is now identified as Pepsimntr [ca810ab6]
[2025-10-15 16:15:10 | Room 1] Track #14 and 7 laps were selected
All players finished
Restarting in 6 seconds
1 player race detected, finishing
[2025-10-15 16:17:44 | Room 1] Countdown to finish started, resetting room soon
[2025-10-15 16:17:49 | Room 1] Room has been reset
[2025-10-15 16:17:50 | Room 1] Player 0 joined room 1 and is now identified as Pepsimntr [ca810ab6]
[2025-10-15 16:18:03 | Room 1] Track #6 and 3 laps were selected
All players finished
Restarting in 6 seconds
1 player race detected, finishing
[2025-10-15 16:19:29 | Room 1] Countdown to finish started, resetting room soon
[2025-10-15 16:19:34 | Room 1] Room has been reset
[2025-10-15 16:19:35 | Room 1] Player 0 joined room 1 and is now identified as Pepsimntr [ca810ab6]
[2025-10-15 16:19:42 | Room 1] Track #10 and 5 laps were selected
[2025-10-15 16:20:38 | Room 1] Player Pepsimntr (0) disconnected from room
[2025-10-15 16:20:38 | Room 1] Room has been killed as no players are left
[2025-10-15 20:11:57 | Room 1] Player 0 joined room 1 and is now identified as Dracoflux [52ad8823]
[2025-10-15 20:13:53 | Room 1] Player Dracoflux (0) disconnected from room
[2025-10-15 20:13:53 | Room 1] Room has been killed as no players are left
[2025-10-15 20:15:26 | Room 1] Player 0 joined room 1 and is now identified as Dracoflux [52ad8823]
[2025-10-15 20:15:32 | Room 1] Track #7 and 3 laps were selected
[2025-10-15 20:16:09 | Room 1] Player Dracoflux (0) disconnected from room
[2025-10-15 20:16:09 | Room 1] Room has been killed as no players are left
[2025-10-15 20:16:31 | Room 1] Player 0 joined room 1 and is now identified as Dracoflux [52ad8823]
[2025-10-15 20:16:37 | Room 1] Track #7 and 3 laps were selected
All players finished
Restarting in 6 seconds
1 player race detected, finishing
[2025-10-15 20:21:33 | Room 1] Countdown to finish started, resetting room soon
[2025-10-15 20:21:38 | Room 1] Room has been reset
[2025-10-15 20:21:39 | Room 1] Player 0 joined room 1 and is now identified as Dracoflux [52ad8823]
[2025-10-15 20:21:45 | Room 1] Player Dracoflux (0) disconnected from room
[2025-10-15 20:21:45 | Room 1] Room has been killed as no players are left
[2025-10-15 20:28:06 | Room 1] Player 0 joined room 1 and is now identified as drm [6806fb18]
[2025-10-15 20:28:44 | Room 1] Track #0 and 1 laps were selected
[2025-10-15 20:28:46 | Room 1] Player drm (0) disconnected from room
[2025-10-15 20:28:46 | Room 1] Room has been killed as no players are left
[2025-10-15 20:29:12 | Room 1] Player 0 joined room 1 and is now identified as drm [6806fb18]
[2025-10-15 20:29:20 | Room 1] Player 1 joined room 1 and is now identified as Jesus [10c1a9d4]
[2025-10-15 20:29:24 | Room 1] Player 2 joined room 1 and is now identified as AgK@G [7124add5]
[2025-10-15 20:29:36 | Room 1] Track #9 and 1 laps were selected
Required players finished!
Race ends in 30 seconds
[2025-10-15 20:30:47 | Room 1] Countdown to finish started, resetting room soon
All players finished
Restarting in 3 seconds
[2025-10-15 20:30:51 | Room 1] Room has been reset
[2025-10-15 20:30:52 | Room 1] Player 1 joined room 1 and is now identified as Jesus [10c1a9d4]
[2025-10-15 20:30:52 | Room 1] Player 0 joined room 1 and is now identified as drm [6806fb18]
[2025-10-15 20:30:52 | Room 1] Player 2 joined room 1 and is now identified as AgK@G [7124add5]
[2025-10-15 20:31:10 | Room 1] Track #2 and 3 laps were selected
ban orb/clock 1
ban orb/clock 0
ban orb/clock 1
Required players finished!
Race ends in 30 seconds
[2025-10-15 20:33:21 | Room 1] Countdown to finish started, resetting room soon
All players finished
Restarting in 3 seconds
[2025-10-15 20:33:27 | Room 1] Room has been reset
[2025-10-15 20:33:28 | Room 1] Player 0 joined room 1 and is now identified as drm [6806fb18]
[2025-10-15 20:33:28 | Room 1] Player 1 joined room 1 and is now identified as Jesus [10c1a9d4]
[2025-10-15 20:33:28 | Room 1] Player 2 joined room 1 and is now identified as AgK@G [7124add5]
[2025-10-15 20:33:44 | Room 1] Track #11 and 3 laps were selected
ban orb/clock 1
Required players finished!
Race ends in 30 seconds
[2025-10-15 20:37:03 | Room 1] Countdown to finish started, resetting room soon
All players finished
Restarting in 3 seconds
[2025-10-15 20:37:05 | Room 1] Room has been reset
[2025-10-15 20:37:06 | Room 1] Player 0 joined room 1 and is now identified as drm [6806fb18]
[2025-10-15 20:37:06 | Room 1] Player 1 joined room 1 and is now identified as Jesus [10c1a9d4]
[2025-10-15 20:37:06 | Room 1] Player 2 joined room 1 and is now identified as AgK@G [7124add5]
[2025-10-15 20:37:36 | Room 1] Track #5 and 3 laps were selected
Required players finished!
Race ends in 30 seconds
[2025-10-15 20:40:25 | Room 1] Countdown to finish started, resetting room soon
All players finished
Restarting in 3 seconds
[2025-10-15 20:40:34 | Room 1] Room has been reset
[2025-10-15 20:40:35 | Room 1] Player 0 joined room 1 and is now identified as drm [6806fb18]
[2025-10-15 20:40:35 | Room 1] Player 1 joined room 1 and is now identified as Jesus [10c1a9d4]
[2025-10-15 20:40:35 | Room 1] Player 2 joined room 1 and is now identified as AgK@G [7124add5]
[2025-10-15 20:40:47 | Room 1] Track #17 and 3 laps were selected
Required players finished!
Race ends in 30 seconds
[2025-10-15 20:43:16 | Room 1] Countdown to finish started, resetting room soon
All players finished
Restarting in 3 seconds
[2025-10-15 20:43:30 | Room 1] Room has been reset
[2025-10-15 20:43:31 | Room 1] Player 0 joined room 1 and is now identified as drm [6806fb18]
[2025-10-15 20:43:31 | Room 1] Player 1 joined room 1 and is now identified as Jesus [10c1a9d4]
[2025-10-15 20:43:31 | Room 1] Player 2 joined room 1 and is now identified as AgK@G [7124add5]
[2025-10-15 20:43:52 | Room 1] Track #8 and 3 laps were selected
Required players finished!
Race ends in 30 seconds
[2025-10-15 20:46:00 | Room 1] Countdown to finish started, resetting room soon
[2025-10-15 20:46:29 | Room 1] Room has been reset
[2025-10-15 20:46:30 | Room 1] Player 0 joined room 1 and is now identified as drm [6806fb18]
[2025-10-15 20:46:30 | Room 1] Player 1 joined room 1 and is now identified as Jesus [10c1a9d4]
[2025-10-15 20:46:30 | Room 1] Player 2 joined room 1 and is now identified as AgK@G [7124add5]
[2025-10-15 20:46:55 | Room 1] Track #14 and 3 laps were selected
Required players finished!
Race ends in 30 seconds
[2025-10-15 20:48:45 | Room 1] Countdown to finish started, resetting room soon
All players finished
Restarting in 3 seconds
[2025-10-15 20:49:11 | Room 1] Room has been reset
[2025-10-15 20:49:12 | Room 1] Player 0 joined room 1 and is now identified as drm [6806fb18]
[2025-10-15 20:49:12 | Room 1] Player 1 joined room 1 and is now identified as Jesus [10c1a9d4]
[2025-10-15 20:49:12 | Room 1] Player 2 joined room 1 and is now identified as AgK@G [7124add5]
[2025-10-15 20:49:15 | Room 1] Player Jesus (1) disconnected from room
[2025-10-15 20:49:23 | Room 1] Player drm (0) disconnected from room
[2025-10-15 20:49:26 | Room 1] Player AgK@G (2) disconnected from room
[2025-10-15 20:49:26 | Room 1] Room has been killed as no players are left
[2025-10-16 02:59:20 | Room 1] Player 0 joined room 1 and is now identified as Devilake [981dc451]
[2025-10-16 02:59:28 | Room 1] Track #6 and 3 laps were selected
All players finished
Restarting in 6 seconds
1 player race detected, finishing
[2025-10-16 03:00:55 | Room 1] Countdown to finish started, resetting room soon
[2025-10-16 03:01:00 | Room 1] Room has been reset
[2025-10-16 03:01:01 | Room 1] Player 0 joined room 1 and is now identified as Devilake [981dc451]
[2025-10-16 03:01:07 | Room 1] Track #14 and 3 laps were selected
All players finished
Restarting in 6 seconds
1 player race detected, finishing
[2025-10-16 03:02:22 | Room 1] Countdown to finish started, resetting room soon
[2025-10-16 03:02:27 | Room 1] Room has been reset
[2025-10-16 03:02:28 | Room 1] Player 0 joined room 1 and is now identified as Devilake [981dc451]
[2025-10-16 03:02:38 | Room 1] Track #9 and 3 laps were selected
All players finished
Restarting in 6 seconds
1 player race detected, finishing
[2025-10-16 03:04:30 | Room 1] Countdown to finish started, resetting room soon
[2025-10-16 03:04:35 | Room 1] Room has been reset
[2025-10-16 03:04:36 | Room 1] Player 0 joined room 1 and is now identified as Devilake [981dc451]
[2025-10-16 03:04:41 | Room 1] Track #11 and 3 laps were selected
All players finished
Restarting in 6 seconds
1 player race detected, finishing
[2025-10-16 03:07:02 | Room 1] Countdown to finish started, resetting room soon
[2025-10-16 03:07:07 | Room 1] Room has been reset
[2025-10-16 03:07:08 | Room 1] Player 0 joined room 1 and is now identified as Devilake [981dc451]
[2025-10-16 03:07:16 | Room 1] Player Devilake (0) disconnected from room
[2025-10-16 03:07:16 | Room 1] Room has been killed as no players are left
[2025-10-16 09:30:16 | Room 1] Player 0 joined room 1 and is now identified as Dracoflux [52ad8823]
[2025-10-16 09:30:24 | Room 1] Track #5 and 9 laps were selected
[2025-10-16 09:38:54 | Room 1] Player Dracoflux (0) disconnected from room
[2025-10-16 09:38:54 | Room 1] Room has been killed as no players are left
[2025-10-16 09:39:14 | Room 1] Player 0 joined room 1 and is now identified as Dracoflux [52ad8823]
[2025-10-16 09:39:40 | Room 1] Track #5 and 9 laps were selected
[2025-10-16 09:41:32 | Room 1] Player Dracoflux (0) disconnected from room
[2025-10-16 09:41:32 | Room 1] Room has been killed as no players are left
[2025-10-16 09:41:47 | Room 1] Player 0 joined room 1 and is now identified as Dracoflux [52ad8823]
[2025-10-16 09:41:52 | Room 1] Track #5 and 5 laps were selected
[2025-10-16 09:47:07 | Room 1] Player Dracoflux (0) disconnected from room
[2025-10-16 09:47:07 | Room 1] Room has been killed as no players are left
[2025-10-16 09:47:37 | Room 1] Player 0 joined room 1 and is now identified as Dracoflux [52ad8823]
[2025-10-16 09:47:49 | Room 1] Track #5 and 7 laps were selected
[2025-10-16 09:57:13 | Room 1] Player Dracoflux (0) disconnected from room
[2025-10-16 09:57:13 | Room 1] Room has been killed as no players are left
[2025-10-16 17:39:37 | Room 1] Player 0 joined room 1 and is now identified as STUDSX [fbee2605]
[2025-10-16 17:39:47 | Room 1] Track #11 and 3 laps were selected
All players finished
Restarting in 6 seconds
1 player race detected, finishing
[2025-10-16 17:42:10 | Room 1] Countdown to finish started, resetting room soon
[2025-10-16 17:42:15 | Room 1] Room has been reset
[2025-10-16 17:42:16 | Room 1] Player 0 joined room 1 and is now identified as STUDSX [fbee2605]
[2025-10-16 17:42:23 | Room 1] Track #13 and 3 laps were selected
[2025-10-16 17:45:16 | Room 1] Player STUDSX (0) disconnected from room
[2025-10-16 17:45:16 | Room 1] Room has been killed as no players are left
[2025-10-16 17:45:24 | Room 1] Player 0 joined room 1 and is now identified as STUDSX [fbee2605]
[2025-10-16 17:45:30 | Room 1] Track #12 and 3 laps were selected
All players finished
Restarting in 6 seconds
1 player race detected, finishing
[2025-10-16 17:48:13 | Room 1] Countdown to finish started, resetting room soon
[2025-10-16 17:48:18 | Room 1] Room has been reset
[2025-10-16 17:48:19 | Room 1] Player 0 joined room 1 and is now identified as STUDSX [fbee2605]
[2025-10-16 17:48:27 | Room 1] Track #10 and 3 laps were selected
All players finished
Restarting in 6 seconds
1 player race detected, finishing
[2025-10-16 17:50:57 | Room 1] Countdown to finish started, resetting room soon
[2025-10-16 17:51:02 | Room 1] Room has been reset
[2025-10-16 17:51:03 | Room 1] Player 0 joined room 1 and is now identified as STUDSX [fbee2605]
[2025-10-16 17:51:09 | Room 1] Track #7 and 3 laps were selected
All players finished
Restarting in 6 seconds
1 player race detected, finishing
[2025-10-16 17:53:52 | Room 1] Countdown to finish started, resetting room soon
[2025-10-16 17:53:57 | Room 1] Room has been reset
[2025-10-16 17:54:03 | Room 1] Player STUDSX (0) disconnected from room
[2025-10-16 17:54:03 | Room 1] Room has been killed as no players are left
[2025-10-16 22:03:27 | Room 1] Player 0 joined room 1 and is now identified as Slayr [b61cf417]
[2025-10-16 22:03:58 | Room 1] Track #11 and 1 laps were selected
[2025-10-16 22:04:15 | Room 1] Player Slayr (0) disconnected from room
[2025-10-16 22:04:15 | Room 1] Room has been killed as no players are left
[2025-10-16 22:29:08 | Room 1] Player 0 joined room 1 and is now identified as Wasderful [daaf53aa]
[2025-10-16 22:29:28 | Room 1] Track #14 and 1 laps were selected
All players finished
Restarting in 6 seconds
1 player race detected, finishing
[2025-10-16 22:30:08 | Room 1] Countdown to finish started, resetting room soon
[2025-10-16 22:30:13 | Room 1] Room has been reset
[2025-10-16 22:30:14 | Room 1] Player 0 joined room 1 and is now identified as Wasderful [daaf53aa]
[2025-10-16 22:30:54 | Room 1] Track #3 and 3 laps were selected
All players finished
Restarting in 6 seconds
1 player race detected, finishing
[2025-10-16 22:32:45 | Room 1] Countdown to finish started, resetting room soon
[2025-10-16 22:32:50 | Room 1] Room has been reset
[2025-10-16 22:32:51 | Room 1] Player 0 joined room 1 and is now identified as Wasderful [daaf53aa]
[2025-10-16 22:33:02 | Room 1] Track #3 and 1 laps were selected
All players finished
Restarting in 6 seconds
1 player race detected, finishing
[2025-10-16 22:33:44 | Room 1] Countdown to finish started, resetting room soon
[2025-10-16 22:33:49 | Room 1] Room has been reset
[2025-10-16 22:33:50 | Room 1] Player 0 joined room 1 and is now identified as Wasderful [daaf53aa]
[2025-10-16 22:34:28 | Room 1] Track #14 and 15 laps were selected
[2025-10-16 22:35:45 | Room 1] Player Wasderful (0) disconnected from room
[2025-10-16 22:35:45 | Room 1] Room has been killed as no players are left
[2025-10-17 14:13:08 | Room 1] Player 0 joined room 1 and is now identified as STUDSX [fbee2605]
[2025-10-17 14:13:20 | Room 1] Track #12 and 3 laps were selected
All players finished
Restarting in 6 seconds
1 player race detected, finishing
[2025-10-17 14:15:55 | Room 1] Countdown to finish started, resetting room soon
[2025-10-17 14:16:00 | Room 1] Room has been reset
[2025-10-17 14:16:01 | Room 1] Player 0 joined room 1 and is now identified as STUDSX [fbee2605]
[2025-10-17 14:16:05 | Room 1] Track #7 and 3 laps were selected
All players finished
Restarting in 6 seconds
1 player race detected, finishing
[2025-10-17 14:18:46 | Room 1] Countdown to finish started, resetting room soon
[2025-10-17 14:18:51 | Room 1] Room has been reset
[2025-10-17 14:18:52 | Room 1] Player 0 joined room 1 and is now identified as STUDSX [fbee2605]
[2025-10-17 14:18:59 | Room 1] Track #13 and 3 laps were selected
All players finished
Restarting in 6 seconds
1 player race detected, finishing
[2025-10-17 14:21:56 | Room 1] Countdown to finish started, resetting room soon
[2025-10-17 14:22:01 | Room 1] Room has been reset
[2025-10-17 14:22:02 | Room 1] Player 0 joined room 1 and is now identified as STUDSX [fbee2605]
[2025-10-17 14:22:07 | Room 1] Track #13 and 3 laps were selected
All players finished
Restarting in 6 seconds
1 player race detected, finishing
[2025-10-17 14:24:57 | Room 1] Countdown to finish started, resetting room soon
[2025-10-17 14:25:02 | Room 1] Room has been reset
[2025-10-17 14:25:03 | Room 1] Player 0 joined room 1 and is now identified as STUDSX [fbee2605]
[2025-10-17 14:25:12 | Room 1] Player STUDSX (0) disconnected from room
[2025-10-17 14:25:12 | Room 1] Room has been killed as no players are left
[2025-10-17 16:00:59 | Room 1] Player 0 joined room 1 and is now identified as STUDSX [fbee2605]
[2025-10-17 16:02:09 | Room 1] Player 1 joined room 1 and is now identified as Pedofile [08354ab9]
[2025-10-17 16:02:20 | Room 1] Track #13 and 3 laps were selected
Required players finished!
Race ends in 30 seconds
[2025-10-17 16:05:25 | Room 1] Countdown to finish started, resetting room soon
All players finished
Restarting in 3 seconds
[2025-10-17 16:05:51 | Room 1] Room has been reset
[2025-10-17 16:05:52 | Room 1] Player 1 joined room 1 and is now identified as Pedofile [08354ab9]
[2025-10-17 16:05:52 | Room 1] Player 0 joined room 1 and is now identified as STUDSX [fbee2605]
[2025-10-17 16:05:52 | Room 1] Player 2 joined room 1 and is now identified as TBG [070dcbbd]
[2025-10-17 16:06:03 | Room 1] Track #10 and 3 laps were selected
Required players finished!
Race ends in 30 seconds
[2025-10-17 16:08:31 | Room 1] Countdown to finish started, resetting room soon
All players finished
Restarting in 3 seconds
[2025-10-17 16:08:59 | Room 1] Room has been reset
[2025-10-17 16:08:59 | Room 1] Player 2 joined room 1 and is now identified as TBG [070dcbbd]
[2025-10-17 16:08:59 | Room 1] Player 1 joined room 1 and is now identified as Pedofile [08354ab9]
[2025-10-17 16:08:59 | Room 1] Player 0 joined room 1 and is now identified as STUDSX [fbee2605]
[2025-10-17 16:09:12 | Room 1] Track #12 and 3 laps were selected
Required players finished!
Race ends in 30 seconds
[2025-10-17 16:11:56 | Room 1] Countdown to finish started, resetting room soon
All players finished
Restarting in 3 seconds
[2025-10-17 16:12:23 | Room 1] Room has been reset
[2025-10-17 16:12:24 | Room 1] Player 2 joined room 1 and is now identified as TBG [070dcbbd]
[2025-10-17 16:12:24 | Room 1] Player 1 joined room 1 and is now identified as Pedofile [08354ab9]
[2025-10-17 16:12:24 | Room 1] Player 0 joined room 1 and is now identified as STUDSX [fbee2605]
[2025-10-17 16:13:02 | Room 1] Track #11 and 3 laps were selected
Required players finished!
Race ends in 30 seconds
[2025-10-17 16:15:39 | Room 1] Countdown to finish started, resetting room soon
All players finished
Restarting in 3 seconds
[2025-10-17 16:15:48 | Room 1] Room has been reset
[2025-10-17 16:15:49 | Room 1] Player 2 joined room 1 and is now identified as TBG [070dcbbd]
[2025-10-17 16:15:49 | Room 1] Player 1 joined room 1 and is now identified as Pedofile [08354ab9]
[2025-10-17 16:15:49 | Room 1] Player 0 joined room 1 and is now identified as STUDSX [fbee2605]
[2025-10-17 16:16:30 | Room 1] Track #6 and 3 laps were selected
Required players finished!
Race ends in 30 seconds
[2025-10-17 16:18:07 | Room 1] Countdown to finish started, resetting room soon
All players finished
Restarting in 3 seconds
[2025-10-17 16:18:10 | Room 1] Room has been reset
[2025-10-17 16:18:11 | Room 1] Player 2 joined room 1 and is now identified as TBG [070dcbbd]
[2025-10-17 16:18:11 | Room 1] Player 1 joined room 1 and is now identified as Pedofile [08354ab9]
[2025-10-17 16:18:11 | Room 1] Player 0 joined room 1 and is now identified as STUDSX [fbee2605]
[2025-10-17 16:18:20 | Room 1] Track #14 and 3 laps were selected
Required players finished!
Race ends in 30 seconds
[2025-10-17 16:19:51 | Room 1] Countdown to finish started, resetting room soon
All players finished
Restarting in 3 seconds
[2025-10-17 16:19:58 | Room 1] Room has been reset
[2025-10-17 16:19:59 | Room 1] Player 2 joined room 1 and is now identified as TBG [070dcbbd]
[2025-10-17 16:19:59 | Room 1] Player 1 joined room 1 and is now identified as Pedofile [08354ab9]
[2025-10-17 16:19:59 | Room 1] Player 0 joined room 1 and is now identified as STUDSX [fbee2605]
[2025-10-17 16:20:16 | Room 1] Track #2 and 3 laps were selected
Required players finished!
Race ends in 30 seconds
[2025-10-17 16:21:53 | Room 1] Countdown to finish started, resetting room soon
All players finished
Restarting in 3 seconds
[2025-10-17 16:22:10 | Room 1] Room has been reset
[2025-10-17 16:22:11 | Room 1] Player 2 joined room 1 and is now identified as TBG [070dcbbd]
[2025-10-17 16:22:11 | Room 1] Player 1 joined room 1 and is now identified as Pedofile [08354ab9]
[2025-10-17 16:22:11 | Room 1] Player 0 joined room 1 and is now identified as STUDSX [fbee2605]
[2025-10-17 16:22:23 | Room 1] Track #15 and 3 laps were selected
ban orb/clock 1
ban orb/clock 0
Required players finished!
Race ends in 30 seconds
[2025-10-17 16:26:24 | Room 1] Countdown to finish started, resetting room soon
All players finished
Restarting in 3 seconds
[2025-10-17 16:26:30 | Room 1] Room has been reset
[2025-10-17 16:26:31 | Room 1] Player 2 joined room 1 and is now identified as TBG [070dcbbd]
[2025-10-17 16:26:31 | Room 1] Player 1 joined room 1 and is now identified as Pedofile [08354ab9]
[2025-10-17 16:26:31 | Room 1] Player 0 joined room 1 and is now identified as STUDSX [fbee2605]
[2025-10-17 16:28:27 | Room 1] Track #12 and 3 laps were selected
ban orb/clock 1
Required players finished!
Race ends in 30 seconds
[2025-10-17 16:32:08 | Room 1] Countdown to finish started, resetting room soon
All players finished
Restarting in 3 seconds
[2025-10-17 16:32:10 | Room 1] Room has been reset
[2025-10-17 16:32:11 | Room 1] Player 2 joined room 1 and is now identified as TBG [070dcbbd]
[2025-10-17 16:32:11 | Room 1] Player 1 joined room 1 and is now identified as Pedofile [08354ab9]
[2025-10-17 16:32:11 | Room 1] Player 0 joined room 1 and is now identified as STUDSX [fbee2605]
[2025-10-17 16:32:11 | Room 1] Player 3 joined room 1 and is now identified as lucati007 [6b0080ba]
[2025-10-17 16:33:14 | Room 1] Track #11 and 3 laps were selected
[2025-10-17 16:34:56 | Room 1] Player lucati007 (3) disconnected from room
Required players finished!
Race ends in 30 seconds
[2025-10-17 16:36:02 | Room 1] Countdown to finish started, resetting room soon
All players finished
Restarting in 3 seconds
[2025-10-17 16:36:10 | Room 1] Room has been reset
[2025-10-17 16:36:11 | Room 1] Player 2 joined room 1 and is now identified as TBG [070dcbbd]
[2025-10-17 16:36:11 | Room 1] Player 1 joined room 1 and is now identified as Pedofile [08354ab9]
[2025-10-17 16:36:11 | Room 1] Player 0 joined room 1 and is now identified as STUDSX [fbee2605]
[2025-10-17 16:36:17 | Room 1] Track #7 and 3 laps were selected
[2025-10-17 16:36:21 | Room 1] Player TBG (2) disconnected from room
Required players finished!
Race ends in 30 seconds
[2025-10-17 16:39:11 | Room 1] Countdown to finish started, resetting room soon
[2025-10-17 16:39:40 | Room 1] Room has been reset
[2025-10-17 16:39:41 | Room 1] Player 1 joined room 1 and is now identified as Pedofile [08354ab9]
[2025-10-17 16:39:41 | Room 1] Player 0 joined room 1 and is now identified as STUDSX [fbee2605]
[2025-10-17 16:39:41 | Room 1] Player 2 joined room 1 and is now identified as lucati007 [6b0080ba]
[2025-10-17 16:39:47 | Room 1] Player STUDSX (0) disconnected from room
[2025-10-17 16:39:55 | Room 1] Player Pedofile (1) disconnected from room
[2025-10-17 16:40:01 | Room 1] Player lucati007 (2) disconnected from room
[2025-10-17 16:40:01 | Room 1] Room has been killed as no players are left
[2025-10-17 18:29:39 | Room 1] Player 0 joined room 1 and is now identified as Gasmoxian [483cb3c1]
[2025-10-17 18:30:10 | Room 1] Track #0 and 3 laps were selected
All players finished
Restarting in 6 seconds
1 player race detected, finishing
[2025-10-17 18:32:09 | Room 1] Countdown to finish started, resetting room soon
[2025-10-17 18:32:14 | Room 1] Room has been reset
[2025-10-17 18:32:15 | Room 1] Player 0 joined room 1 and is now identified as Gasmoxian [483cb3c1]
[2025-10-17 18:32:26 | Room 1] Player Gasmoxian (0) disconnected from room
[2025-10-17 18:32:26 | Room 1] Room has been killed as no players are left
[2025-10-17 18:34:22 | Room 1] Player 0 joined room 1 and is now identified as LoLmedoc [483cb3c1]
[2025-10-17 18:34:45 | Room 1] Player LoLmedoc (0) disconnected from room
[2025-10-17 18:34:45 | Room 1] Room has been killed as no players are left
[2025-10-17 18:36:16 | Room 1] Player 0 joined room 1 and is now identified as Pepsimntr [ca810ab6]
[2025-10-17 18:36:29 | Room 1] Track #3 and 3 laps were selected
All players finished
Restarting in 6 seconds
1 player race detected, finishing
[2025-10-17 18:37:56 | Room 1] Countdown to finish started, resetting room soon
[2025-10-17 18:38:01 | Room 1] Room has been reset
[2025-10-17 18:38:02 | Room 1] Player 0 joined room 1 and is now identified as Pepsimntr [ca810ab6]
[2025-10-17 18:38:02 | Room 1] Player 1 joined room 1 and is now identified as lucati007 [6b0080ba]
[2025-10-17 18:38:20 | Room 1] Track #8 and 3 laps were selected
Required players finished!
Race ends in 30 seconds
[2025-10-17 18:40:45 | Room 1] Countdown to finish started, resetting room soon
All players finished
Restarting in 3 seconds
[2025-10-17 18:41:05 | Room 1] Room has been reset
[2025-10-17 18:41:06 | Room 1] Player 1 joined room 1 and is now identified as lucati007 [6b0080ba]
[2025-10-17 18:41:06 | Room 1] Player 0 joined room 1 and is now identified as Pepsimntr [ca810ab6]
[2025-10-17 18:41:26 | Room 1] Track #2 and 5 laps were selected
ban orb/clock 1
ban orb/clock 0
Required players finished!
Race ends in 30 seconds
[2025-10-17 18:44:42 | Room 1] Countdown to finish started, resetting room soon
All players finished
Restarting in 3 seconds
[2025-10-17 18:44:55 | Room 1] Room has been reset
[2025-10-17 18:44:56 | Room 1] Player 1 joined room 1 and is now identified as lucati007 [6b0080ba]
[2025-10-17 18:44:56 | Room 1] Player 0 joined room 1 and is now identified as Pepsimntr [ca810ab6]
[2025-10-17 18:45:22 | Room 1] Track #9 and 5 laps were selected
Required players finished!
Race ends in 30 seconds
[2025-10-17 18:49:31 | Room 1] Countdown to finish started, resetting room soon
[2025-10-17 18:50:00 | Room 1] Room has been reset
[2025-10-17 18:50:01 | Room 1] Player 1 joined room 1 and is now identified as lucati007 [6b0080ba]
[2025-10-17 18:50:01 | Room 1] Player 0 joined room 1 and is now identified as Pepsimntr [ca810ab6]
[2025-10-17 18:50:21 | Room 1] Track #14 and 3 laps were selected
ban orb/clock 1
ban orb/clock 0
Required players finished!
Race ends in 30 seconds
[2025-10-17 18:52:31 | Room 1] Countdown to finish started, resetting room soon
All players finished
Restarting in 3 seconds
[2025-10-17 18:52:34 | Room 1] Room has been reset
[2025-10-17 18:52:35 | Room 1] Player 1 joined room 1 and is now identified as lucati007 [6b0080ba]
[2025-10-17 18:52:35 | Room 1] Player 0 joined room 1 and is now identified as Pepsimntr [ca810ab6]
[2025-10-17 18:53:00 | Room 1] Track #6 and 7 laps were selected
ban orb/clock 1
ban orb/clock 0
ban orb/clock 1
ban orb/clock 0
Required players finished!
Race ends in 30 seconds
[2025-10-17 18:56:11 | Room 1] Countdown to finish started, resetting room soon
[2025-10-17 18:56:40 | Room 1] Room has been reset
[2025-10-17 18:56:41 | Room 1] Player 1 joined room 1 and is now identified as lucati007 [6b0080ba]
[2025-10-17 18:56:41 | Room 1] Player 0 joined room 1 and is now identified as Pepsimntr [ca810ab6]
[2025-10-17 18:56:44 | Room 1] Player Pepsimntr (0) disconnected from room
[2025-10-17 18:56:49 | Room 1] Player lucati007 (1) disconnected from room
[2025-10-17 18:56:49 | Room 1] Room has been killed as no players are left
[2025-10-17 23:35:04 | Room 1] Player 0 joined room 1 and is now identified as Din1994 [6152225d]
[2025-10-17 23:35:09 | Room 1] Player Din1994 (0) disconnected from room
[2025-10-17 23:35:09 | Room 1] Room has been killed as no players are left
[2025-10-18 00:25:34 | Room 1] Player 0 joined room 1 and is now identified as EliasPapp [5c0b21bd]
[2025-10-18 00:25:34 | Room 1] Player EliasPapp (0) disconnected from room
[2025-10-18 00:25:34 | Room 1] Room has been killed as no players are left
[2025-10-18 01:43:35 | Room 4] Player 0 joined room 4 and is now identified as KevinJohnLR [a2f438ac]
[2025-10-18 01:43:44 | Room 4] Player KevinJohnLR (0) disconnected from room
[2025-10-18 01:43:44 | Room 4] Room has been killed as no players are left
[2025-10-18 01:52:08 | Room 1] Player 0 joined room 1 and is now identified as KevinJohnLR [a2f438ac]
[2025-10-18 01:53:27 | Room 1] Track #3 and 3 laps were selected
[2025-10-18 01:55:51 | Room 1] Player KevinJohnLR (0) disconnected from room
[2025-10-18 01:55:51 | Room 1] Room has been killed as no players are left
[2025-10-18 02:50:42 | Room 1] Player 0 joined room 1 and is now identified as Pepsimntr [fb820ab6]
[2025-10-18 02:50:56 | Room 1] Track #12 and 5 laps were selected
All players finished
Restarting in 6 seconds
1 player race detected, finishing
[2025-10-18 02:55:22 | Room 1] Countdown to finish started, resetting room soon
[2025-10-18 02:55:27 | Room 1] Room has been reset
[2025-10-18 02:55:28 | Room 1] Player 0 joined room 1 and is now identified as Pepsimntr [fb820ab6]
[2025-10-18 02:55:36 | Room 1] Track #0 and 3 laps were selected
All players finished
Restarting in 6 seconds
1 player race detected, finishing
[2025-10-18 02:57:15 | Room 1] Countdown to finish started, resetting room soon
[2025-10-18 02:57:20 | Room 1] Room has been reset
[2025-10-18 02:57:21 | Room 1] Player 0 joined room 1 and is now identified as Pepsimntr [fb820ab6]
[2025-10-18 02:57:21 | Room 1] Player 1 joined room 1 and is now identified as rizuki [bb07d58c]
[2025-10-18 02:57:40 | Room 1] Track #4 and 5 laps were selected
ban orb/clock 1
ban orb/clock 0
Required players finished!
Race ends in 30 seconds
[2025-10-18 03:00:42 | Room 1] Countdown to finish started, resetting room soon
All players finished
Restarting in 3 seconds
[2025-10-18 03:00:58 | Room 1] Room has been reset
[2025-10-18 03:00:59 | Room 1] Player 0 joined room 1 and is now identified as Pepsimntr [fb820ab6]
[2025-10-18 03:00:59 | Room 1] Player 1 joined room 1 and is now identified as rizuki [bb07d58c]
[2025-10-18 03:01:06 | Room 1] Player rizuki (1) disconnected from room
[2025-10-18 03:01:28 | Room 1] Track #7 and 3 laps were selected
All players finished
Restarting in 6 seconds
1 player race detected, finishing
[2025-10-18 03:05:26 | Room 1] Countdown to finish started, resetting room soon
[2025-10-18 03:05:31 | Room 1] Room has been reset
[2025-10-18 03:05:32 | Room 1] Player 0 joined room 1 and is now identified as Pepsimntr [fb820ab6]
[2025-10-18 03:05:48 | Room 1] Player Pepsimntr (0) disconnected from room
[2025-10-18 03:05:48 | Room 1] Room has been killed as no players are left
[2025-10-18 03:13:37 | Room 1] Player 0 joined room 1 and is now identified as Liuxover [5a8fc0bd]
[2025-10-18 03:13:58 | Room 1] Track #0 and 3 laps were selected
All players finished
Restarting in 6 seconds
1 player race detected, finishing
[2025-10-18 03:16:16 | Room 1] Countdown to finish started, resetting room soon
[2025-10-18 03:16:21 | Room 1] Room has been reset
[2025-10-18 03:16:22 | Room 1] Player 0 joined room 1 and is now identified as Liuxover [5a8fc0bd]
[2025-10-18 03:16:33 | Room 1] Track #1 and 3 laps were selected
All players finished
Restarting in 6 seconds
1 player race detected, finishing
[2025-10-18 03:18:52 | Room 1] Countdown to finish started, resetting room soon
[2025-10-18 03:18:57 | Room 1] Room has been reset
[2025-10-18 03:18:58 | Room 1] Player 0 joined room 1 and is now identified as Liuxover [5a8fc0bd]
[2025-10-18 03:19:06 | Room 1] Track #2 and 3 laps were selected
All players finished
Restarting in 6 seconds
1 player race detected, finishing
[2025-10-18 03:21:18 | Room 1] Countdown to finish started, resetting room soon
[2025-10-18 03:21:23 | Room 1] Room has been reset
[2025-10-18 03:21:24 | Room 1] Player 0 joined room 1 and is now identified as Liuxover [5a8fc0bd]
[2025-10-18 03:21:34 | Room 1] Player Liuxover (0) disconnected from room
[2025-10-18 03:21:34 | Room 1] Room has been killed as no players are left
[2025-10-18 06:02:51 | Room 1] Player 0 joined room 1 and is now identified as ODD [32191926]
[2025-10-18 06:02:52 | Room 1] Player ODD (0) disconnected from room
[2025-10-18 06:02:52 | Room 1] Room has been killed as no players are left
[2025-10-18 09:20:55 | Room 1] Player 0 joined room 1 and is now identified as Gasmoxian [abc775bc]
[2025-10-18 09:21:04 | Room 1] Track #5 and 9 laps were selected
[2025-10-18 09:23:28 | Room 1] Player Gasmoxian (0) disconnected from room
[2025-10-18 09:23:28 | Room 1] Room has been killed as no players are left
[2025-10-18 16:17:02 | Room 2] Player 0 joined room 2 and is now identified as VinnyWC [cddb406c]
[2025-10-18 16:17:17 | Room 2] Track #0 and 1 laps were selected
[2025-10-18 16:17:44 | Room 2] Player VinnyWC (0) disconnected from room
[2025-10-18 16:17:44 | Room 2] Room has been killed as no players are left
[2025-10-18 16:18:43 | Room 1] Player 0 joined room 1 and is now identified as STUDSX [fbee2605]
[2025-10-18 16:18:51 | Room 1] Track #13 and 3 laps were selected
All players finished
Restarting in 6 seconds
1 player race detected, finishing
[2025-10-18 16:21:38 | Room 1] Countdown to finish started, resetting room soon
[2025-10-18 16:21:43 | Room 1] Room has been reset
[2025-10-18 16:21:44 | Room 1] Player 0 joined room 1 and is now identified as STUDSX [fbee2605]
[2025-10-18 16:21:51 | Room 1] Track #14 and 3 laps were selected
All players finished
Restarting in 6 seconds
1 player race detected, finishing
[2025-10-18 16:23:12 | Room 1] Countdown to finish started, resetting room soon
[2025-10-18 16:23:17 | Room 1] Room has been reset
[2025-10-18 16:23:19 | Room 1] Player STUDSX (0) disconnected from room
[2025-10-18 16:23:19 | Room 1] Room has been killed as no players are left
[2025-10-18 19:18:15 | Room 1] Player 0 joined room 1 and is now identified as Coutinho [bc62bdba]
[2025-10-18 19:18:15 | Room 1] Player Coutinho (0) disconnected from room
[2025-10-18 19:18:15 | Room 1] Room has been killed as no players are left
[2025-10-19 02:44:02 | Room 1] Player 0 joined room 1 and is now identified as MODRIC [3092abbd]
[2025-10-19 02:44:03 | Room 1] Player MODRIC (0) disconnected from room
[2025-10-19 02:44:03 | Room 1] Room has been killed as no players are left
[2025-10-19 03:23:57 | Room 1] Player 0 joined room 1 and is now identified as Stardii [f87cffcf]
[2025-10-19 03:24:10 | Room 1] Track #2 and 1 laps were selected
All players finished
Restarting in 6 seconds
1 player race detected, finishing
[2025-10-19 03:25:49 | Room 1] Countdown to finish started, resetting room soon
[2025-10-19 03:25:54 | Room 1] Room has been reset
[2025-10-19 03:25:55 | Room 1] Player 0 joined room 1 and is now identified as Stardii [f87cffcf]
[2025-10-19 03:26:08 | Room 1] Track #4 and 3 laps were selected
[2025-10-19 03:26:46 | Room 1] Player Stardii (0) disconnected from room
[2025-10-19 03:26:46 | Room 1] Room has been killed as no players are left
[2025-10-19 03:27:05 | Room 1] Player 0 joined room 1 and is now identified as Stardii [f87cffcf]
[2025-10-19 03:27:23 | Room 1] Track #11 and 1 laps were selected
[2025-10-19 03:28:08 | Room 1] Player Stardii (0) disconnected from room
[2025-10-19 03:28:08 | Room 1] Room has been killed as no players are left
[2025-10-19 03:28:18 | Room 1] Player 0 joined room 1 and is now identified as Stardii [f87cffcf]
[2025-10-19 03:28:26 | Room 1] Track #11 and 1 laps were selected
[2025-10-19 03:29:12 | Room 1] Player Stardii (0) disconnected from room
[2025-10-19 03:29:12 | Room 1] Room has been killed as no players are left
[2025-10-19 03:29:18 | Room 1] Player 0 joined room 1 and is now identified as Stardii [f87cffcf]
[2025-10-19 03:29:26 | Room 1] Track #5 and 1 laps were selected
All players finished
Restarting in 6 seconds
1 player race detected, finishing
[2025-10-19 03:30:27 | Room 1] Countdown to finish started, resetting room soon
[2025-10-19 03:30:32 | Room 1] Room has been reset
[2025-10-19 03:30:33 | Room 1] Player 0 joined room 1 and is now identified as Stardii [f87cffcf]
[2025-10-19 03:30:48 | Room 1] Track #13 and 1 laps were selected
[2025-10-19 03:32:19 | Room 1] Player Stardii (0) disconnected from room
[2025-10-19 03:32:19 | Room 1] Room has been killed as no players are left
[2025-10-19 03:39:22 | Room 1] Player 0 joined room 1 and is now identified as Stardii [f87cffcf]
[2025-10-19 03:39:38 | Room 1] Track #8 and 3 laps were selected
[2025-10-19 03:41:42 | Room 1] Player Stardii (0) disconnected from room
[2025-10-19 03:41:42 | Room 1] Room has been killed as no players are left
[2025-10-19 03:41:54 | Room 1] Player 0 joined room 1 and is now identified as Stardii [f87cffcf]
[2025-10-19 03:43:05 | Room 1] Player Stardii (0) disconnected from room
[2025-10-19 03:43:05 | Room 1] Room has been killed as no players are left
[2025-10-19 03:43:07 | Room 1] Player 0 joined room 1 and is now identified as Stardii [f87cffcf]
[2025-10-19 03:43:23 | Room 1] Track #3 and 3 laps were selected
[2025-10-19 03:46:28 | Room 1] Player Stardii (0) disconnected from room
[2025-10-19 03:46:28 | Room 1] Room has been killed as no players are left
[2025-10-19 03:47:39 | Room 1] Player 0 joined room 1 and is now identified as Cranberry [9822678f]
[2025-10-19 03:48:59 | Room 1] Player 1 joined room 1 and is now identified as Stardii [f87cffcf]
[2025-10-19 03:49:36 | Room 1] Track #3 and 3 laps were selected
ban orb/clock 1
Required players finished!
Race ends in 30 seconds
[2025-10-19 03:51:39 | Room 1] Countdown to finish started, resetting room soon
All players finished
Restarting in 3 seconds
[2025-10-19 03:51:44 | Room 1] Room has been reset
[2025-10-19 03:51:45 | Room 1] Player 1 joined room 1 and is now identified as Stardii [f87cffcf]
[2025-10-19 03:51:45 | Room 1] Player 0 joined room 1 and is now identified as Cranberry [9822678f]
[2025-10-19 03:52:19 | Room 1] Track #1 and 3 laps were selected
ban orb/clock 1
ban orb/clock 0
ban orb/clock 1
Required players finished!
Race ends in 30 seconds
[2025-10-19 03:55:33 | Room 1] Countdown to finish started, resetting room soon
All players finished
Restarting in 3 seconds
[2025-10-19 03:55:39 | Room 1] Room has been reset
[2025-10-19 03:55:40 | Room 1] Player 1 joined room 1 and is now identified as Stardii [f87cffcf]
[2025-10-19 03:55:40 | Room 1] Player 0 joined room 1 and is now identified as Cranberry [9822678f]
[2025-10-19 03:56:48 | Room 1] Track #5 and 3 laps were selected
Required players finished!
Race ends in 30 seconds
[2025-10-19 03:59:21 | Room 1] Countdown to finish started, resetting room soon
All players finished
Restarting in 3 seconds
[2025-10-19 03:59:45 | Room 1] Room has been reset
[2025-10-19 03:59:46 | Room 1] Player 0 joined room 1 and is now identified as Cranberry [9822678f]
[2025-10-19 03:59:46 | Room 1] Player 1 joined room 1 and is now identified as Stardii [f87cffcf]
[2025-10-19 04:00:42 | Room 1] Track #6 and 5 laps were selected
[2025-10-19 04:03:01 | Room 1] Player Cranberry (0) disconnected from room
[2025-10-19 04:03:07 | Room 1] Player Stardii (1) disconnected from room
[2025-10-19 04:03:07 | Room 1] Room has been killed as no players are left
[2025-10-19 04:03:30 | Room 1] Player 0 joined room 1 and is now identified as Stardii [f87cffcf]
[2025-10-19 04:03:32 | Room 1] Player Stardii (0) disconnected from room
[2025-10-19 04:03:32 | Room 1] Room has been killed as no players are left
[2025-10-19 04:04:15 | Room 1] Player 0 joined room 1 and is now identified as Cranberry [9822678f]
[2025-10-19 04:04:31 | Room 1] Player 1 joined room 1 and is now identified as Stardii [f87cffcf]
[2025-10-19 04:05:09 | Room 1] Track #6 and 5 laps were selected
ban orb/clock 1
ban orb/clock 0
Required players finished!
Race ends in 30 seconds
[2025-10-19 04:08:30 | Room 1] Countdown to finish started, resetting room soon
ban orb/clock 1
All players finished
Restarting in 3 seconds
[2025-10-19 04:08:34 | Room 1] Room has been reset
[2025-10-19 04:08:35 | Room 1] Player 1 joined room 1 and is now identified as Stardii [f87cffcf]
[2025-10-19 04:08:35 | Room 1] Player 0 joined room 1 and is now identified as Cranberry [9822678f]
[2025-10-19 04:08:35 | Room 1] Player 2 joined room 1 and is now identified as turb@sebas [6e00edbe]
[2025-10-19 04:09:14 | Room 1] Track #0 and 3 laps were selected
Required players finished!
Race ends in 30 seconds
[2025-10-19 04:11:32 | Room 1] Countdown to finish started, resetting room soon
All players finished
Restarting in 3 seconds
[2025-10-19 04:11:37 | Room 1] Room has been reset
[2025-10-19 04:11:38 | Room 1] Player 0 joined room 1 and is now identified as Cranberry [9822678f]
[2025-10-19 04:11:38 | Room 1] Player 1 joined room 1 and is now identified as Stardii [f87cffcf]
[2025-10-19 04:11:38 | Room 1] Player 2 joined room 1 and is now identified as turb@sebas [6e00edbe]
[2025-10-19 04:12:20 | Room 1] Track #14 and 1 laps were selected
[2025-10-19 04:12:25 | Room 1] Player Cranberry (0) disconnected from room
[2025-10-19 04:12:39 | Room 2] Player 0 joined room 2 and is now identified as Cranberry [9822678f]
[2025-10-19 04:12:45 | Room 1] Player Stardii (1) disconnected from room
[2025-10-19 04:12:51 | Room 2] Player 1 joined room 2 and is now identified as Stardii [f87cffcf]
[2025-10-19 04:12:56 | Room 1] Player turb@sebas (2) disconnected from room
[2025-10-19 04:12:56 | Room 1] Room has been killed as no players are left
[2025-10-19 04:14:20 | Room 2] Track #14 and 5 laps were selected
Required players finished!
Race ends in 30 seconds
[2025-10-19 04:17:34 | Room 2] Countdown to finish started, resetting room soon
All players finished
Restarting in 3 seconds
[2025-10-19 04:17:42 | Room 2] Room has been reset
[2025-10-19 04:17:43 | Room 2] Player 1 joined room 2 and is now identified as Stardii [f87cffcf]
[2025-10-19 04:17:43 | Room 2] Player 0 joined room 2 and is now identified as Cranberry [9822678f]
[2025-10-19 04:18:47 | Room 2] Player 2 joined room 2 and is now identified as turb@sebas [6e00edbe]
[2025-10-19 04:18:55 | Room 2] Track #11 and 3 laps were selected
Required players finished!
Race ends in 30 seconds
[2025-10-19 04:23:31 | Room 2] Countdown to finish started, resetting room soon
All players finished
Restarting in 3 seconds
[2025-10-19 04:23:40 | Room 2] Room has been reset
[2025-10-19 04:23:41 | Room 2] Player 1 joined room 2 and is now identified as Stardii [f87cffcf]
[2025-10-19 04:23:41 | Room 2] Player 0 joined room 2 and is now identified as Cranberry [9822678f]
[2025-10-19 04:23:41 | Room 2] Player 2 joined room 2 and is now identified as turb@sebas [6e00edbe]
[2025-10-19 04:24:33 | Room 2] Track #12 and 1 laps were selected
Required players finished!
Race ends in 30 seconds
[2025-10-19 04:27:09 | Room 2] Countdown to finish started, resetting room soon
All players finished
Restarting in 3 seconds
[2025-10-19 04:27:11 | Room 2] Room has been reset
[2025-10-19 04:27:12 | Room 2] Player 1 joined room 2 and is now identified as Stardii [f87cffcf]
[2025-10-19 04:27:12 | Room 2] Player 0 joined room 2 and is now identified as Cranberry [9822678f]
[2025-10-19 04:27:12 | Room 2] Player 2 joined room 2 and is now identified as turb@sebas [6e00edbe]
[2025-10-19 04:27:53 | Room 2] Track #2 and 5 laps were selected
ban orb/clock 1
ban orb/clock 0
Required players finished!
Race ends in 30 seconds
[2025-10-19 04:31:33 | Room 2] Countdown to finish started, resetting room soon
All players finished
Restarting in 3 seconds
[2025-10-19 04:31:40 | Room 2] Room has been reset
[2025-10-19 04:31:41 | Room 2] Player 0 joined room 2 and is now identified as Cranberry [9822678f]
[2025-10-19 04:31:41 | Room 2] Player 1 joined room 2 and is now identified as Stardii [f87cffcf]
[2025-10-19 04:31:41 | Room 2] Player 2 joined room 2 and is now identified as turb@sebas [6e00edbe]
[2025-10-19 04:32:04 | Room 2] Track #9 and 3 laps were selected
Required players finished!
Race ends in 30 seconds
[2025-10-19 04:35:33 | Room 2] Countdown to finish started, resetting room soon
All players finished
Restarting in 3 seconds
[2025-10-19 04:35:38 | Room 2] Room has been reset
[2025-10-19 04:35:39 | Room 2] Player 0 joined room 2 and is now identified as Cranberry [9822678f]
[2025-10-19 04:35:39 | Room 2] Player 1 joined room 2 and is now identified as Stardii [f87cffcf]
[2025-10-19 04:35:39 | Room 2] Player 2 joined room 2 and is now identified as turb@sebas [6e00edbe]
[2025-10-19 04:37:16 | Room 2] Track #4 and 3 laps were selected
Required players finished!
Race ends in 30 seconds
[2025-10-19 04:39:26 | Room 2] Countdown to finish started, resetting room soon
All players finished
Restarting in 3 seconds
[2025-10-19 04:39:33 | Room 2] Room has been reset
[2025-10-19 04:39:34 | Room 2] Player 1 joined room 2 and is now identified as Stardii [f87cffcf]
[2025-10-19 04:39:34 | Room 2] Player 0 joined room 2 and is now identified as Cranberry [9822678f]
[2025-10-19 04:39:34 | Room 2] Player 2 joined room 2 and is now identified as turb@sebas [6e00edbe]
[2025-10-19 04:40:28 | Room 2] Track #16 and 3 laps were selected
Required players finished!
Race ends in 30 seconds
[2025-10-19 04:43:11 | Room 2] Countdown to finish started, resetting room soon
All players finished
Restarting in 3 seconds
[2025-10-19 04:43:16 | Room 2] Room has been reset
[2025-10-19 04:43:17 | Room 2] Player 1 joined room 2 and is now identified as Stardii [f87cffcf]
[2025-10-19 04:43:17 | Room 2] Player 0 joined room 2 and is now identified as Cranberry [9822678f]
[2025-10-19 04:43:17 | Room 2] Player 2 joined room 2 and is now identified as turb@sebas [6e00edbe]
[2025-10-19 04:44:55 | Room 2] Track #7 and 3 laps were selected
[2025-10-19 04:46:15 | Room 2] Player Stardii (1) disconnected from room
[2025-10-19 04:46:33 | Room 2] Player Cranberry (0) disconnected from room
[2025-10-19 04:46:44 | Room 2] Player turb@sebas (2) disconnected from room
[2025-10-19 04:46:44 | Room 2] Room has been killed as no players are left
[2025-10-19 04:46:48 | Room 1] Player 0 joined room 1 and is now identified as Stardii [f87cffcf]
[2025-10-19 04:46:49 | Room 1] Player 1 joined room 1 and is now identified as turb@sebas [6e00edbe]
[2025-10-19 04:46:50 | Room 1] Player Stardii (0) disconnected from room
[2025-10-19 04:46:51 | Room 1] Player turb@sebas (1) disconnected from room
[2025-10-19 04:46:51 | Room 1] Room has been killed as no players are left
[2025-10-19 04:46:52 | Room 1] Player 0 joined room 1 and is now identified as Cranberry [9822678f]
[2025-10-19 04:46:53 | Room 1] Player 1 joined room 1 and is now identified as Stardii [f87cffcf]
[2025-10-19 04:46:59 | Room 1] Player 2 joined room 1 and is now identified as turb@sebas [6e00edbe]
[2025-10-19 04:47:34 | Room 1] Track #7 and 3 laps were selected
ban orb/clock 1
ban orb/clock 0
ban orb/clock 1
[2025-10-19 04:49:13 | Room 1] Player turb@sebas (2) disconnected from room
ban orb/clock 0
ban orb/clock 1
Required players finished!
Race ends in 30 seconds
[2025-10-19 04:51:38 | Room 1] Countdown to finish started, resetting room soon
ban orb/clock 0
[2025-10-19 04:52:07 | Room 1] Room has been reset
[2025-10-19 04:52:08 | Room 1] Player 1 joined room 1 and is now identified as Stardii [f87cffcf]
[2025-10-19 04:52:08 | Room 1] Player 0 joined room 1 and is now identified as Cranberry [9822678f]
[2025-10-19 04:53:08 | Room 1] Track #13 and 3 laps were selected
ban orb/clock 1
ban orb/clock 0
ban orb/clock 1
ban orb/clock 0
ban orb/clock 1
Required players finished!
Race ends in 30 seconds
[2025-10-19 04:57:13 | Room 1] Countdown to finish started, resetting room soon
All players finished
Restarting in 3 seconds
[2025-10-19 04:57:23 | Room 1] Room has been reset
[2025-10-19 04:57:24 | Room 1] Player 1 joined room 1 and is now identified as Stardii [f87cffcf]
[2025-10-19 04:57:24 | Room 1] Player 0 joined room 1 and is now identified as Cranberry [9822678f]
[2025-10-19 04:58:20 | Room 1] Track #10 and 3 laps were selected
Required players finished!
Race ends in 30 seconds
[2025-10-19 05:01:16 | Room 1] Countdown to finish started, resetting room soon
All players finished
Restarting in 3 seconds
[2025-10-19 05:01:24 | Room 1] Room has been reset
[2025-10-19 05:01:25 | Room 1] Player 1 joined room 1 and is now identified as Stardii [f87cffcf]
[2025-10-19 05:01:31 | Room 1] Player Cranberry (0) disconnected from room
[2025-10-19 05:01:36 | Room 1] Player Stardii (1) disconnected from room
[2025-10-19 05:01:36 | Room 1] Room has been killed as no players are left
[2025-10-19 08:58:12 | Room 3] Player 0 joined room 3 and is now identified as Gasm [25e6ebb2]
[2025-10-19 08:58:25 | Room 3] Track #0 and 31 laps were selected
[2025-10-19 09:04:12 | Room 3] Player Gasm (0) disconnected from room
[2025-10-19 09:04:12 | Room 3] Room has been killed as no players are left
[2025-10-20 00:48:35 | Room 3] Player 0 joined room 3 and is now identified as MaxwellXIII [1c48c68e]
[2025-10-20 00:48:39 | Room 3] Player MaxwellXIII (0) disconnected from room
[2025-10-20 00:48:39 | Room 3] Room has been killed as no players are left
[2025-10-20 01:13:55 | Room 1] Player 0 joined room 1 and is now identified as Johnz [6cb06ab3]
[2025-10-20 01:13:56 | Room 1] Player Johnz (0) disconnected from room
[2025-10-20 01:13:56 | Room 1] Room has been killed as no players are left
[2025-10-20 16:58:55 | Room 1] Player 0 joined room 1 and is now identified as saeed [c21851b2]
[2025-10-20 17:01:42 | Room 1] Player 1 joined room 1 and is now identified as Gasmoxian [d1fd6eaf]
[2025-10-20 17:02:37 | Room 1] Player saeed (0) disconnected from room
[2025-10-20 17:02:42 | Room 1] Player Gasmoxian (1) disconnected from room
[2025-10-20 17:02:42 | Room 1] Room has been killed as no players are left
[2025-10-20 17:03:47 | Room 1] Player 0 joined room 1 and is now identified as saeed [c21851b2]
[2025-10-20 17:03:48 | Room 1] Player 1 joined room 1 and is now identified as mohammed [d1fd6eaf]
[2025-10-20 17:04:16 | Room 1] Track #2 and 3 laps were selected
Required players finished!
Race ends in 30 seconds
[2025-10-20 17:07:02 | Room 1] Countdown to finish started, resetting room soon
All players finished
Restarting in 3 seconds
[2025-10-20 17:07:07 | Room 1] Room has been reset
[2025-10-20 17:07:08 | Room 1] Player 1 joined room 1 and is now identified as mohammed [d1fd6eaf]
[2025-10-20 17:07:08 | Room 1] Player 0 joined room 1 and is now identified as saeed [c21851b2]
[2025-10-20 17:09:06 | Room 1] Track #0 and 1 laps were selected
Required players finished!
Race ends in 30 seconds
[2025-10-20 17:10:12 | Room 1] Countdown to finish started, resetting room soon
All players finished
Restarting in 3 seconds
[2025-10-20 17:10:21 | Room 1] Room has been reset
[2025-10-20 17:10:22 | Room 1] Player 1 joined room 1 and is now identified as mohammed [d1fd6eaf]
[2025-10-20 17:10:22 | Room 1] Player 0 joined room 1 and is now identified as saeed [c21851b2]
[2025-10-20 17:11:16 | Room 1] Track #0 and 3 laps were selected
[2025-10-20 17:11:38 | Room 1] Player saeed (0) disconnected from room
[2025-10-20 17:11:44 | Room 1] Player mohammed (1) disconnected from room
[2025-10-20 17:11:44 | Room 1] Room has been killed as no players are left
[2025-10-20 17:11:47 | Room 1] Player 0 joined room 1 and is now identified as saeed [c21851b2]
[2025-10-20 17:11:54 | Room 1] Player 1 joined room 1 and is now identified as mohammed [d1fd6eaf]
[2025-10-20 17:12:14 | Room 1] Track #0 and 3 laps were selected
[2025-10-20 17:14:21 | Room 1] Player mohammed (1) disconnected from room
[2025-10-20 17:14:28 | Room 1] Player saeed (0) disconnected from room
[2025-10-20 17:14:28 | Room 1] Room has been killed as no players are left
[2025-10-20 17:15:34 | Room 1] Player 0 joined room 1 and is now identified as saeed [c21851b2]
[2025-10-20 17:19:18 | Room 1] Player saeed (0) disconnected from room
[2025-10-20 17:19:18 | Room 1] Room has been killed as no players are left
[2025-10-20 17:19:21 | Room 1] Player 0 joined room 1 and is now identified as saeed [c21851b2]
[2025-10-20 17:23:36 | Room 1] Track #2 and 3 laps were selected
All players finished
Restarting in 6 seconds
1 player race detected, finishing
[2025-10-20 17:25:55 | Room 1] Countdown to finish started, resetting room soon
[2025-10-20 17:26:00 | Room 1] Room has been reset
[2025-10-20 17:26:01 | Room 1] Player 0 joined room 1 and is now identified as saeed [c21851b2]
[2025-10-20 17:27:49 | Room 1] Player saeed (0) disconnected from room
[2025-10-20 17:27:49 | Room 1] Room has been killed as no players are left
[2025-10-20 17:29:35 | Room 2] Player 0 joined room 2 and is now identified as Johnz [6cb06ab3]
[2025-10-20 17:29:35 | Room 2] Player Johnz (0) disconnected from room
[2025-10-20 17:29:35 | Room 2] Room has been killed as no players are left
[2025-10-20 19:50:13 | Room 1] Player 0 joined room 1 and is now identified as lucati007 [d68133be]
[2025-10-20 19:50:47 | Room 1] Track #0 and 5 laps were selected
All players finished
Restarting in 6 seconds
1 player race detected, finishing
[2025-10-20 19:54:52 | Room 1] Countdown to finish started, resetting room soon
[2025-10-20 19:54:57 | Room 1] Room has been reset
[2025-10-20 19:54:58 | Room 1] Player 0 joined room 1 and is now identified as lucati007 [d68133be]
[2025-10-20 19:55:19 | Room 1] Track #5 and 3 laps were selected
All players finished
Restarting in 6 seconds
1 player race detected, finishing
[2025-10-20 19:58:35 | Room 1] Countdown to finish started, resetting room soon
[2025-10-20 19:58:40 | Room 1] Room has been reset
[2025-10-20 19:58:41 | Room 1] Player 0 joined room 1 and is now identified as lucati007 [d68133be]
[2025-10-20 19:59:11 | Room 1] Track #5 and 5 laps were selected
All players finished
Restarting in 6 seconds
1 player race detected, finishing
[2025-10-20 20:03:32 | Room 1] Countdown to finish started, resetting room soon
[2025-10-20 20:03:37 | Room 1] Room has been reset
[2025-10-20 20:03:38 | Room 1] Player 0 joined room 1 and is now identified as lucati007 [d68133be]
[2025-10-20 20:04:06 | Room 1] Track #12 and 5 laps were selected
All players finished
Restarting in 6 seconds
1 player race detected, finishing
[2025-10-20 20:11:08 | Room 1] Countdown to finish started, resetting room soon
[2025-10-20 20:11:13 | Room 1] Room has been reset
[2025-10-20 20:11:14 | Room 1] Player 0 joined room 1 and is now identified as lucati007 [d68133be]
[2025-10-20 20:11:27 | Room 1] Track #3 and 1 laps were selected
All players finished
Restarting in 6 seconds
1 player race detected, finishing
[2025-10-20 20:12:24 | Room 1] Countdown to finish started, resetting room soon
[2025-10-20 20:12:29 | Room 1] Room has been reset
[2025-10-20 20:12:30 | Room 1] Player 0 joined room 1 and is now identified as lucati007 [d68133be]
[2025-10-20 20:12:38 | Room 1] Player lucati007 (0) disconnected from room
[2025-10-20 20:12:38 | Room 1] Room has been killed as no players are left
[2025-10-21 00:54:11 | Room 1] Player 0 joined room 1 and is now identified as Galaxy [a0bae92d]
[2025-10-21 00:54:12 | Room 1] Player Galaxy (0) disconnected from room
[2025-10-21 00:54:12 | Room 1] Room has been killed as no players are left
[2025-10-21 00:54:15 | Room 1] Player 0 joined room 1 and is now identified as Galaxy [a0bae92d]
[2025-10-21 00:54:32 | Room 1] Track #17 and 25 laps were selected
[2025-10-21 00:59:10 | Room 1] Player Galaxy (0) disconnected from room
[2025-10-21 00:59:10 | Room 1] Room has been killed as no players are left
[2025-10-21 02:56:31 | Room 1] Player 0 joined room 1 and is now identified as Carld923 [6fb7d8bd]
[2025-10-21 02:57:00 | Room 1] Track #3 and 3 laps were selected
All players finished
Restarting in 6 seconds
1 player race detected, finishing
[2025-10-21 02:59:13 | Room 1] Countdown to finish started, resetting room soon
[2025-10-21 02:59:18 | Room 1] Room has been reset
[2025-10-21 02:59:19 | Room 1] Player 0 joined room 1 and is now identified as Carld923 [6fb7d8bd]
[2025-10-21 02:59:29 | Room 1] Track #7 and 3 laps were selected
All players finished
Restarting in 6 seconds
1 player race detected, finishing
[2025-10-21 03:05:13 | Room 1] Countdown to finish started, resetting room soon
[2025-10-21 03:05:18 | Room 1] Room has been reset
[2025-10-21 03:05:19 | Room 1] Player 0 joined room 1 and is now identified as Carld923 [6fb7d8bd]
[2025-10-21 03:05:20 | Room 1] Player Carld923 (0) disconnected from room
[2025-10-21 03:05:20 | Room 1] Room has been killed as no players are left
[2025-10-21 03:15:26 | Room 1] Player 0 joined room 1 and is now identified as Peanut [6379fd4a]
[2025-10-21 03:15:28 | Room 1] Player Peanut (0) disconnected from room
[2025-10-21 03:15:28 | Room 1] Room has been killed as no players are left
[2025-10-21 04:13:40 | Room 2] Player 0 joined room 2 and is now identified as RadioHost [6d0d35b5]
[2025-10-21 04:14:02 | Room 2] Player RadioHost (0) disconnected from room
[2025-10-21 04:14:02 | Room 2] Room has been killed as no players are left
[2025-10-21 10:23:03 | Room 2] Player 0 joined room 2 and is now identified as mohammed [12ca8940]
[2025-10-21 10:23:12 | Room 2] Track #16 and 3 laps were selected
[2025-10-21 10:23:55 | Room 2] Player mohammed (0) disconnected from room
[2025-10-21 10:23:55 | Room 2] Room has been killed as no players are left
[2025-10-21 10:24:09 | Room 1] Player 0 joined room 1 and is now identified as mohammed [12ca8940]
[2025-10-21 10:24:15 | Room 1] Track #10 and 3 laps were selected
All players finished
Restarting in 6 seconds
1 player race detected, finishing
[2025-10-21 10:27:30 | Room 1] Countdown to finish started, resetting room soon
[2025-10-21 10:27:35 | Room 1] Room has been reset
[2025-10-21 10:27:36 | Room 1] Player 0 joined room 1 and is now identified as mohammed [12ca8940]
[2025-10-21 10:27:47 | Room 1] Track #3 and 3 laps were selected
All players finished
Restarting in 6 seconds
1 player race detected, finishing
[2025-10-21 10:29:37 | Room 1] Countdown to finish started, resetting room soon
[2025-10-21 10:29:42 | Room 1] Room has been reset
[2025-10-21 10:29:43 | Room 1] Player 0 joined room 1 and is now identified as mohammed [12ca8940]
[2025-10-21 10:29:50 | Room 1] Track #13 and 3 laps were selected
All players finished
Restarting in 6 seconds
1 player race detected, finishing
[2025-10-21 10:33:14 | Room 1] Countdown to finish started, resetting room soon
[2025-10-21 10:33:19 | Room 1] Room has been reset
[2025-10-21 10:33:20 | Room 1] Player 0 joined room 1 and is now identified as mohammed [12ca8940]
[2025-10-21 10:33:22 | Room 1] Player mohammed (0) disconnected from room
[2025-10-21 10:33:22 | Room 1] Room has been killed as no players are left
[2025-10-21 11:32:26 | Room 1] Player 0 joined room 1 and is now identified as mohammed [12ca8940]
[2025-10-21 11:32:31 | Room 1] Track #4 and 3 laps were selected
All players finished
Restarting in 6 seconds
1 player race detected, finishing
[2025-10-21 11:34:44 | Room 1] Countdown to finish started, resetting room soon
[2025-10-21 11:34:49 | Room 1] Room has been reset
[2025-10-21 11:34:50 | Room 1] Player 0 joined room 1 and is now identified as mohammed [12ca8940]
[2025-10-21 11:34:56 | Room 1] Track #11 and 3 laps were selected
All players finished
Restarting in 6 seconds
1 player race detected, finishing
[2025-10-21 11:37:51 | Room 1] Countdown to finish started, resetting room soon
[2025-10-21 11:37:56 | Room 1] Room has been reset
[2025-10-21 11:38:04 | Room 1] Player mohammed (0) disconnected from room
[2025-10-21 11:38:04 | Room 1] Room has been killed as no players are left
[2025-10-21 19:42:15 | Room 1] Player 0 joined room 1 and is now identified as mohammed [479e6eaf]
[2025-10-21 19:42:24 | Room 1] Track #6 and 3 laps were selected
All players finished
Restarting in 6 seconds
1 player race detected, finishing
[2025-10-21 19:44:08 | Room 1] Countdown to finish started, resetting room soon
[2025-10-21 19:44:13 | Room 1] Room has been reset
[2025-10-21 19:44:14 | Room 1] Player 0 joined room 1 and is now identified as mohammed [479e6eaf]
[2025-10-21 19:44:32 | Room 1] Track #9 and 3 laps were selected
[2025-10-21 19:44:47 | Room 1] Player mohammed (0) disconnected from room
[2025-10-21 19:44:47 | Room 1] Room has been killed as no players are left
[2025-10-21 19:45:06 | Room 1] Player 0 joined room 1 and is now identified as mohammed [479e6eaf]
[2025-10-21 19:45:18 | Room 1] Track #9 and 3 laps were selected
All players finished
Restarting in 6 seconds
1 player race detected, finishing
[2025-10-21 19:47:47 | Room 1] Countdown to finish started, resetting room soon
[2025-10-21 19:47:52 | Room 1] Room has been reset
[2025-10-21 19:47:53 | Room 1] Player 0 joined room 1 and is now identified as mohammed [479e6eaf]
[2025-10-21 19:48:04 | Room 1] Track #8 and 3 laps were selected
All players finished
Restarting in 6 seconds
1 player race detected, finishing
[2025-10-21 19:50:35 | Room 1] Countdown to finish started, resetting room soon
[2025-10-21 19:50:40 | Room 1] Room has been reset
[2025-10-21 19:50:41 | Room 1] Player 0 joined room 1 and is now identified as mohammed [479e6eaf]
[2025-10-21 19:50:51 | Room 1] Player mohammed (0) disconnected from room
[2025-10-21 19:50:51 | Room 1] Room has been killed as no players are left
[2025-10-21 22:55:33 | Room 1] Player 0 joined room 1 and is now identified as santi [66ddff9c]
[2025-10-21 22:55:45 | Room 1] Track #7 and 3 laps were selected
[2025-10-21 22:56:35 | Room 1] Player santi (0) disconnected from room
[2025-10-21 22:56:35 | Room 1] Room has been killed as no players are left
[2025-10-22 00:10:51 | Room 1] Player 0 joined room 1 and is now identified as J@^n*d [5b3e79ba]
[2025-10-22 00:10:51 | Room 1] Player J@^n*d (0) disconnected from room
[2025-10-22 00:10:51 | Room 1] Room has been killed as no players are left
[2025-10-22 05:44:39 | Room 1] Player 0 joined room 1 and is now identified as Quake [0d792d66]
[2025-10-22 05:44:42 | Room 1] Player Quake (0) disconnected from room
[2025-10-22 05:44:42 | Room 1] Room has been killed as no players are left
[2025-10-22 05:48:57 | Room 1] Player 0 joined room 1 and is now identified as Quake [0d792d66]
[2025-10-22 05:49:08 | Room 1] Player Quake (0) disconnected from room
[2025-10-22 05:49:08 | Room 1] Room has been killed as no players are left
[2025-10-22 12:19:28 | Room 1] Player 0 joined room 1 and is now identified as mohammed [479e6eaf]
[2025-10-22 12:19:32 | Room 1] Track #6 and 3 laps were selected
All players finished
Restarting in 6 seconds
1 player race detected, finishing
[2025-10-22 12:21:28 | Room 1] Countdown to finish started, resetting room soon
[2025-10-22 12:21:33 | Room 1] Room has been reset
[2025-10-22 12:21:34 | Room 1] Player 0 joined room 1 and is now identified as mohammed [479e6eaf]
[2025-10-22 12:21:41 | Room 1] Track #13 and 3 laps were selected
All players finished
Restarting in 6 seconds
1 player race detected, finishing
[2025-10-22 12:25:03 | Room 1] Countdown to finish started, resetting room soon
[2025-10-22 12:25:08 | Room 1] Room has been reset
[2025-10-22 12:25:09 | Room 1] Player 0 joined room 1 and is now identified as mohammed [479e6eaf]
[2025-10-22 12:25:15 | Room 1] Track #10 and 3 laps were selected
[2025-10-22 12:28:03 | Room 1] Player mohammed (0) disconnected from room
[2025-10-22 12:28:03 | Room 1] Room has been killed as no players are left
[2025-10-22 12:28:18 | Room 1] Player 0 joined room 1 and is now identified as mohammed [479e6eaf]
[2025-10-22 12:28:23 | Room 1] Track #16 and 3 laps were selected
All players finished
Restarting in 6 seconds
1 player race detected, finishing
[2025-10-22 12:30:54 | Room 1] Countdown to finish started, resetting room soon
[2025-10-22 12:30:59 | Room 1] Room has been reset
[2025-10-22 12:31:00 | Room 1] Player 0 joined room 1 and is now identified as mohammed [479e6eaf]
[2025-10-22 12:31:06 | Room 1] Track #11 and 3 laps were selected
[2025-10-22 12:31:45 | Room 1] Player mohammed (0) disconnected from room
[2025-10-22 12:31:45 | Room 1] Room has been killed as no players are left
[2025-10-22 12:31:53 | Room 1] Player 0 joined room 1 and is now identified as mohammed [479e6eaf]
[2025-10-22 12:32:04 | Room 1] Track #11 and 3 laps were selected
All players finished
Restarting in 6 seconds
1 player race detected, finishing
[2025-10-22 12:35:05 | Room 1] Countdown to finish started, resetting room soon
[2025-10-22 12:35:10 | Room 1] Room has been reset
[2025-10-22 12:35:19 | Room 1] Player mohammed (0) disconnected from room
[2025-10-22 12:35:19 | Room 1] Room has been killed as no players are left
[2025-10-22 15:28:32 | Room 1] Player 0 joined room 1 and is now identified as mohammed [479e6eaf]
[2025-10-22 15:28:37 | Room 1] Track #13 and 3 laps were selected
All players finished
Restarting in 6 seconds
1 player race detected, finishing
[2025-10-22 15:31:59 | Room 1] Countdown to finish started, resetting room soon
[2025-10-22 15:32:04 | Room 1] Room has been reset
[2025-10-22 15:32:05 | Room 1] Player 0 joined room 1 and is now identified as mohammed [479e6eaf]
[2025-10-22 15:32:12 | Room 1] Track #10 and 3 laps were selected
All players finished
Restarting in 6 seconds
1 player race detected, finishing
[2025-10-22 15:34:55 | Room 1] Countdown to finish started, resetting room soon
[2025-10-22 15:35:00 | Room 1] Room has been reset
[2025-10-22 15:35:01 | Room 1] Player 0 joined room 1 and is now identified as mohammed [479e6eaf]
[2025-10-22 15:35:09 | Room 1] Player mohammed (0) disconnected from room
[2025-10-22 15:35:09 | Room 1] Room has been killed as no players are left
[2025-10-22 17:41:30 | Room 1] Player 0 joined room 1 and is now identified as Gasmoxian [f20554b2]
[2025-10-22 17:41:33 | Room 1] Player Gasmoxian (0) disconnected from room
[2025-10-22 17:41:33 | Room 1] Room has been killed as no players are left
[2025-10-22 17:44:35 | Room 1] Player 0 joined room 1 and is now identified as McNuggets [f20554b2]
[2025-10-22 17:44:49 | Room 1] Track #12 and 5 laps were selected
[2025-10-22 17:45:32 | Room 1] Player McNuggets (0) disconnected from room
[2025-10-22 17:45:32 | Room 1] Room has been killed as no players are left
[2025-10-22 21:26:00 | Room 9] Player 0 joined room 9 and is now identified as Fatingo [8fae8e2e]
[2025-10-22 21:26:22 | Room 9] Track #8 and 1 laps were selected
[2025-10-22 21:26:24 | Room 9] Player Fatingo (0) disconnected from room
[2025-10-22 21:26:24 | Room 9] Room has been killed as no players are left
[2025-10-22 21:26:28 | Room 9] Player 0 joined room 9 and is now identified as Fatingo [8fae8e2e]
[2025-10-22 21:27:41 | Room 9] Player Fatingo (0) disconnected from room
[2025-10-22 21:27:41 | Room 9] Room has been killed as no players are left
[2025-10-22 21:27:44 | Room 9] Player 0 joined room 9 and is now identified as Fatingo [8fae8e2e]
[2025-10-22 21:28:01 | Room 9] Track #3 and 3 laps were selected
All players finished
Restarting in 6 seconds
1 player race detected, finishing
[2025-10-22 21:29:45 | Room 9] Countdown to finish started, resetting room soon
[2025-10-22 21:29:47 | Room 9] Player Fatingo (0) disconnected from room
[2025-10-22 21:29:47 | Room 9] Room has been killed as no players are left
[2025-10-22 21:30:03 | Room 9] Player 0 joined room 9 and is now identified as Fatingo [8fae8e2e]
[2025-10-22 21:30:09 | Room 9] Track #8 and 3 laps were selected
All players finished
Restarting in 6 seconds
1 player race detected, finishing
[2025-10-22 21:32:32 | Room 9] Countdown to finish started, resetting room soon
[2025-10-22 21:32:37 | Room 9] Player Fatingo (0) disconnected from room
[2025-10-22 21:32:37 | Room 9] Room has been killed as no players are left
[2025-10-22 21:32:44 | Room 11] Player 0 joined room 11 and is now identified as Fatingo [8fae8e2e]
[2025-10-22 21:32:58 | Room 11] Track #11 and 15 laps were selected
[2025-10-22 21:38:33 | Room 1] Player 0 joined room 1 and is now identified as Coutinho [bc60bdba]
[2025-10-22 21:38:41 | Room 1] Player Coutinho (0) disconnected from room
[2025-10-22 21:38:41 | Room 1] Room has been killed as no players are left
[2025-10-22 21:43:41 | Room 11] Player Fatingo (0) disconnected from room
[2025-10-22 21:43:41 | Room 11] Room has been killed as no players are left
[2025-10-22 21:45:16 | Room 10] Player 0 joined room 10 and is now identified as Fatingo [8fae8e2e]
[2025-10-22 21:45:22 | Room 10] Track #11 and 1 laps were selected
All players finished
Restarting in 6 seconds
1 player race detected, finishing
[2025-10-22 21:46:31 | Room 10] Countdown to finish started, resetting room soon
[2025-10-22 21:46:35 | Room 10] Player Fatingo (0) disconnected from room
[2025-10-22 21:46:35 | Room 10] Room has been killed as no players are left
[2025-10-22 21:46:41 | Room 9] Player 0 joined room 9 and is now identified as Fatingo [8fae8e2e]
[2025-10-22 21:46:45 | Room 9] Track #11 and 1 laps were selected
[2025-10-22 21:47:43 | Room 9] Player Fatingo (0) disconnected from room
[2025-10-22 21:47:43 | Room 9] Room has been killed as no players are left
[2025-10-22 22:41:53 | Room 9] Player 0 joined room 9 and is now identified as Fatingo [8fae8e2e]
[2025-10-22 22:42:05 | Room 9] Track #6 and 1 laps were selected
All players finished
Restarting in 6 seconds
1 player race detected, finishing
[2025-10-22 22:42:46 | Room 9] Countdown to finish started, resetting room soon
[2025-10-22 22:42:51 | Room 9] Room has been reset
[2025-10-22 22:42:52 | Room 9] Player 0 joined room 9 and is now identified as Fatingo [8fae8e2e]
[2025-10-22 22:42:57 | Room 9] Track #6 and 3 laps were selected
All players finished
Restarting in 6 seconds
1 player race detected, finishing
[2025-10-22 22:44:33 | Room 9] Countdown to finish started, resetting room soon
[2025-10-22 22:44:38 | Room 9] Room has been reset
[2025-10-22 22:44:39 | Room 9] Player 0 joined room 9 and is now identified as Fatingo [8fae8e2e]
[2025-10-22 22:44:43 | Room 9] Player Fatingo (0) disconnected from room
[2025-10-22 22:44:43 | Room 9] Room has been killed as no players are left
[2025-10-22 22:53:48 | Room 9] Player 0 joined room 9 and is now identified as Fatingo [8fae8e2e]
[2025-10-22 22:53:59 | Room 9] Player Fatingo (0) disconnected from room
[2025-10-22 22:53:59 | Room 9] Room has been killed as no players are left
[2025-10-22 22:54:01 | Room 9] Player 0 joined room 9 and is now identified as Fatingo [8fae8e2e]
[2025-10-22 22:54:16 | Room 9] Track #11 and 15 laps were selected
[2025-10-22 23:07:34 | Room 9] Player Fatingo (0) disconnected from room
[2025-10-22 23:07:34 | Room 9] Room has been killed as no players are left
[2025-10-22 23:07:55 | Room 15] Player 0 joined room 15 and is now identified as Fatingo [8fae8e2e]
[2025-10-22 23:08:08 | Room 15] Track #11 and 3 laps were selected
All players finished
Restarting in 6 seconds
1 player race detected, finishing
[2025-10-22 23:11:10 | Room 15] Countdown to finish started, resetting room soon
[2025-10-22 23:11:12 | Room 15] Player Fatingo (0) disconnected from room
[2025-10-22 23:11:12 | Room 15] Room has been killed as no players are left
[2025-10-22 23:38:33 | Room 9] Player 0 joined room 9 and is now identified as Fatingo [8fae8e2e]
[2025-10-22 23:38:54 | Room 9] Track #11 and 9 laps were selected
[2025-10-22 23:39:07 | Room 9] Player Fatingo (0) disconnected from room
[2025-10-22 23:39:07 | Room 9] Room has been killed as no players are left
[2025-10-22 23:56:15 | Room 16] Player 0 joined room 16 and is now identified as mundocrash [826c89b1]
[2025-10-22 23:56:40 | Room 16] Track #10 and 3 laps were selected
[2025-10-22 23:56:41 | Room 16] Player mundocrash (0) disconnected from room
[2025-10-22 23:56:41 | Room 16] Room has been killed as no players are left
[2025-10-22 23:56:44 | Room 16] Player 0 joined room 16 and is now identified as mundocrash [826c89b1]
[2025-10-22 23:56:57 | Room 16] Track #2 and 3 laps were selected
All players finished
Restarting in 6 seconds
1 player race detected, finishing
[2025-10-22 23:58:20 | Room 16] Countdown to finish started, resetting room soon
[2025-10-22 23:58:25 | Room 16] Room has been reset
[2025-10-22 23:58:26 | Room 16] Player 0 joined room 16 and is now identified as mundocrash [826c89b1]
[2025-10-22 23:59:04 | Room 16] Track #8 and 3 laps were selected
All players finished
Restarting in 6 seconds
1 player race detected, finishing
[2025-10-23 00:01:10 | Room 16] Countdown to finish started, resetting room soon
[2025-10-23 00:01:15 | Room 16] Room has been reset
[2025-10-23 00:01:16 | Room 16] Player 0 joined room 16 and is now identified as mundocrash [826c89b1]
[2025-10-23 00:01:29 | Room 16] Track #13 and 3 laps were selected
All players finished
Restarting in 6 seconds
1 player race detected, finishing
[2025-10-23 00:04:01 | Room 16] Countdown to finish started, resetting room soon
[2025-10-23 00:04:06 | Room 16] Room has been reset
[2025-10-23 00:04:07 | Room 16] Player 0 joined room 16 and is now identified as mundocrash [826c89b1]
[2025-10-23 00:04:37 | Room 16] Track #9 and 3 laps were selected
All players finished
Restarting in 6 seconds
1 player race detected, finishing
[2025-10-23 00:06:26 | Room 16] Countdown to finish started, resetting room soon
[2025-10-23 00:06:31 | Room 16] Room has been reset
[2025-10-23 00:06:32 | Room 16] Player 0 joined room 16 and is now identified as mundocrash [826c89b1]
[2025-10-23 00:06:55 | Room 16] Track #14 and 3 laps were selected
All players finished
Restarting in 6 seconds
1 player race detected, finishing
[2025-10-23 00:08:26 | Room 16] Countdown to finish started, resetting room soon
[2025-10-23 00:08:27 | Room 16] Player mundocrash (0) disconnected from room
[2025-10-23 00:08:27 | Room 16] Room has been killed as no players are left
[2025-10-23 01:02:46 | Room 9] Player 0 joined room 9 and is now identified as Fatingo [8fae8e2e]
[2025-10-23 01:02:55 | Room 9] Track #6 and 15 laps were selected
[2025-10-23 01:03:09 | Room 9] Player Fatingo (0) disconnected from room
[2025-10-23 01:03:09 | Room 9] Room has been killed as no players are left
[2025-10-23 01:03:15 | Room 9] Player 0 joined room 9 and is now identified as Fatingo [8fae8e2e]
[2025-10-23 01:03:20 | Room 9] Track #6 and 15 laps were selected
[2025-10-23 01:11:16 | Room 9] Player Fatingo (0) disconnected from room
[2025-10-23 01:11:16 | Room 9] Room has been killed as no players are left
[2025-10-23 15:46:28 | Room 1] Player 0 joined room 1 and is now identified as lucati007 [622180ba]
[2025-10-23 15:46:42 | Room 1] Track #5 and 5 laps were selected
[2025-10-23 15:46:55 | Room 1] Player lucati007 (0) disconnected from room
[2025-10-23 15:46:55 | Room 1] Room has been killed as no players are left
[2025-10-23 21:52:36 | Room 1] Player 0 joined room 1 and is now identified as lucati007 [622180ba]
[2025-10-23 21:52:40 | Room 1] Track #0 and 1 laps were selected
All players finished
Restarting in 6 seconds
1 player race detected, finishing
[2025-10-23 21:53:34 | Room 1] Countdown to finish started, resetting room soon
[2025-10-23 21:53:36 | Room 1] Player lucati007 (0) disconnected from room
[2025-10-23 21:53:36 | Room 1] Room has been killed as no players are left
[2025-10-23 23:25:54 | Room 1] Player 0 joined room 1 and is now identified as lucati007 [622180ba]
[2025-10-23 23:26:06 | Room 1] Player lucati007 (0) disconnected from room
[2025-10-23 23:26:06 | Room 1] Room has been killed as no players are left
[2025-10-23 23:26:09 | Room 1] Player 0 joined room 1 and is now identified as lucati007 [622180ba]
[2025-10-23 23:26:15 | Room 1] Track #12 and 5 laps were selected
[2025-10-23 23:30:59 | Room 1] Player lucati007 (0) disconnected from room
[2025-10-23 23:30:59 | Room 1] Room has been killed as no players are left
[2025-10-23 23:48:38 | Room 1] Player 0 joined room 1 and is now identified as lucati007 [622180ba]
[2025-10-23 23:48:43 | Room 1] Player lucati007 (0) disconnected from room
[2025-10-23 23:48:43 | Room 1] Room has been killed as no players are left
[2025-10-24 01:18:28 | Room 1] Player 0 joined room 1 and is now identified as bolognese [f5df2d3e]
[2025-10-24 01:18:34 | Room 1] Track #7 and 3 laps were selected
[2025-10-24 01:18:59 | Room 1] Player bolognese (0) disconnected from room
[2025-10-24 01:18:59 | Room 1] Room has been killed as no players are left
[2025-10-24 10:11:53 | Room 1] Player 0 joined room 1 and is now identified as Yoshida [381b4a59]
[2025-10-24 10:12:00 | Room 1] Track #0 and 3 laps were selected
[2025-10-24 10:13:42 | Room 1] Player Yoshida (0) disconnected from room
[2025-10-24 10:13:42 | Room 1] Room has been killed as no players are left
[2025-10-24 10:14:03 | Room 1] Player 0 joined room 1 and is now identified as Yoshida [381b4a59]
[2025-10-24 10:14:16 | Room 1] Track #3 and 1 laps were selected
[2025-10-24 10:15:08 | Room 1] Player Yoshida (0) disconnected from room
[2025-10-24 10:15:08 | Room 1] Room has been killed as no players are left
[2025-10-24 10:16:02 | Room 1] Player 0 joined room 1 and is now identified as Yoshida [381b4a59]
[2025-10-24 10:16:05 | Room 1] Player Yoshida (0) disconnected from room
[2025-10-24 10:16:05 | Room 1] Room has been killed as no players are left
[2025-10-24 10:16:10 | Room 3] Player 0 joined room 3 and is now identified as Yoshida [381b4a59]
[2025-10-24 10:16:17 | Room 3] Track #5 and 3 laps were selected
[2025-10-24 10:17:34 | Room 3] Player Yoshida (0) disconnected from room
[2025-10-24 10:17:34 | Room 3] Room has been killed as no players are left
[2025-10-24 10:19:30 | Room 1] Player 0 joined room 1 and is now identified as Yoshida [381b4a59]
[2025-10-24 10:19:32 | Room 1] Player Yoshida (0) disconnected from room
[2025-10-24 10:19:32 | Room 1] Room has been killed as no players are left
[2025-10-24 10:19:35 | Room 3] Player 0 joined room 3 and is now identified as Yoshida [381b4a59]
[2025-10-24 10:19:39 | Room 3] Track #12 and 3 laps were selected
All players finished
Restarting in 6 seconds
1 player race detected, finishing
[2025-10-24 10:22:49 | Room 3] Countdown to finish started, resetting room soon
[2025-10-24 10:22:54 | Room 3] Room has been reset
[2025-10-24 10:22:55 | Room 3] Player 0 joined room 3 and is now identified as Yoshida [381b4a59]
[2025-10-24 10:23:03 | Room 3] Player Yoshida (0) disconnected from room
[2025-10-24 10:23:03 | Room 3] Room has been killed as no players are left
[2025-10-24 10:29:24 | Room 1] Player 0 joined room 1 and is now identified as Yoshida [381b4a59]
[2025-10-24 10:30:29 | Room 1] Track #6 and 3 laps were selected
[2025-10-24 10:31:44 | Room 1] Player Yoshida (0) disconnected from room
[2025-10-24 10:31:44 | Room 1] Room has been killed as no players are left
[2025-10-24 10:32:20 | Room 1] Player 0 joined room 1 and is now identified as Yoshida [381b4a59]
[2025-10-24 10:32:29 | Room 1] Track #2 and 3 laps were selected
All players finished
Restarting in 6 seconds
1 player race detected, finishing
[2025-10-24 10:34:25 | Room 1] Countdown to finish started, resetting room soon
[2025-10-24 10:34:30 | Room 1] Room has been reset
[2025-10-24 10:34:31 | Room 1] Player 0 joined room 1 and is now identified as Yoshida [381b4a59]
[2025-10-24 10:34:39 | Room 1] Track #17 and 3 laps were selected
All players finished
Restarting in 6 seconds
1 player race detected, finishing
[2025-10-24 10:37:07 | Room 1] Countdown to finish started, resetting room soon
[2025-10-24 10:37:12 | Room 1] Room has been reset
[2025-10-24 10:37:13 | Room 1] Player 0 joined room 1 and is now identified as Yoshida [381b4a59]
[2025-10-24 10:39:45 | Room 1] Player Yoshida (0) disconnected from room
[2025-10-24 10:39:45 | Room 1] Room has been killed as no players are left
[2025-10-24 11:34:56 | Room 1] Player 0 joined room 1 and is now identified as mohammed [479e6eaf]
[2025-10-24 11:35:05 | Room 1] Track #13 and 3 laps were selected
All players finished
Restarting in 6 seconds
1 player race detected, finishing
[2025-10-24 11:38:31 | Room 1] Countdown to finish started, resetting room soon
[2025-10-24 11:38:36 | Room 1] Room has been reset
[2025-10-24 11:38:37 | Room 1] Player 0 joined room 1 and is now identified as mohammed [479e6eaf]
[2025-10-24 11:38:49 | Room 1] Track #10 and 3 laps were selected
All players finished
Restarting in 6 seconds
1 player race detected, finishing
[2025-10-24 11:41:43 | Room 1] Countdown to finish started, resetting room soon
[2025-10-24 11:41:48 | Room 1] Room has been reset
[2025-10-24 11:41:49 | Room 1] Player 0 joined room 1 and is now identified as mohammed [479e6eaf]
[2025-10-24 11:41:56 | Room 1] Track #6 and 5 laps were selected
All players finished
Restarting in 6 seconds
1 player race detected, finishing
[2025-10-24 11:44:32 | Room 1] Countdown to finish started, resetting room soon
[2025-10-24 11:44:37 | Room 1] Room has been reset
[2025-10-24 11:44:38 | Room 1] Player 0 joined room 1 and is now identified as mohammed [479e6eaf]
[2025-10-24 11:44:50 | Room 1] Track #12 and 3 laps were selected
All players finished
Restarting in 6 seconds
1 player race detected, finishing
[2025-10-24 11:48:22 | Room 1] Countdown to finish started, resetting room soon
[2025-10-24 11:48:27 | Room 1] Room has been reset
[2025-10-24 11:48:32 | Room 1] Player mohammed (0) disconnected from room
[2025-10-24 11:48:32 | Room 1] Room has been killed as no players are left
[2025-10-24 18:59:35 | Room 1] Player 0 joined room 1 and is now identified as Gasmoxian [abc775bc]
[2025-10-24 18:59:41 | Room 1] Track #2 and 3 laps were selected
All players finished
Restarting in 6 seconds
1 player race detected, finishing
[2025-10-24 19:01:17 | Room 1] Countdown to finish started, resetting room soon
[2025-10-24 19:01:22 | Room 1] Room has been reset
[2025-10-24 19:01:23 | Room 1] Player 0 joined room 1 and is now identified as Gasmoxian [abc775bc]
[2025-10-24 19:01:35 | Room 1] Track #2 and 3 laps were selected
[2025-10-24 19:03:13 | Room 1] Player Gasmoxian (0) disconnected from room
[2025-10-24 19:03:13 | Room 1] Room has been killed as no players are left
[2025-10-24 23:32:08 | Room 1] Player 0 joined room 1 and is now identified as lucati007 [622180ba]
[2025-10-24 23:32:20 | Room 1] Track #9 and 5 laps were selected
All players finished
Restarting in 6 seconds
1 player race detected, finishing
[2025-10-24 23:37:22 | Room 1] Countdown to finish started, resetting room soon
[2025-10-24 23:37:27 | Room 1] Room has been reset
[2025-10-24 23:37:28 | Room 1] Player 0 joined room 1 and is now identified as lucati007 [622180ba]
[2025-10-24 23:37:35 | Room 1] Track #5 and 3 laps were selected
[2025-10-24 23:39:09 | Room 1] Player lucati007 (0) disconnected from room
[2025-10-24 23:39:09 | Room 1] Room has been killed as no players are left
[2025-10-25 00:02:24 | Room 1] Player 0 joined room 1 and is now identified as Stardii [f87cffcf]
[2025-10-25 00:02:39 | Room 1] Track #11 and 3 laps were selected
[2025-10-25 00:06:19 | Room 1] Player Stardii (0) disconnected from room
[2025-10-25 00:06:19 | Room 1] Room has been killed as no players are left
[2025-10-25 00:08:22 | Room 1] Player 0 joined room 1 and is now identified as Cranberry [9822678f]
[2025-10-25 00:08:43 | Room 1] Player 1 joined room 1 and is now identified as Stardii [f87cffcf]
[2025-10-25 00:09:27 | Room 1] Track #2 and 5 laps were selected
Required players finished!
Race ends in 30 seconds
[2025-10-25 00:12:25 | Room 1] Countdown to finish started, resetting room soon
All players finished
Restarting in 3 seconds
[2025-10-25 00:12:32 | Room 1] Room has been reset
[2025-10-25 00:12:33 | Room 1] Player 1 joined room 1 and is now identified as Stardii [f87cffcf]
[2025-10-25 00:12:33 | Room 1] Player 0 joined room 1 and is now identified as Cranberry [9822678f]
[2025-10-25 00:13:48 | Room 1] Track #4 and 3 laps were selected
Required players finished!
Race ends in 30 seconds
[2025-10-25 00:16:10 | Room 1] Countdown to finish started, resetting room soon
All players finished
Restarting in 3 seconds
[2025-10-25 00:16:12 | Room 1] Room has been reset
[2025-10-25 00:16:13 | Room 1] Player 1 joined room 1 and is now identified as Stardii [f87cffcf]
[2025-10-25 00:16:13 | Room 1] Player 0 joined room 1 and is now identified as Cranberry [9822678f]
[2025-10-25 00:16:23 | Room 1] Track #1 and 3 laps were selected
Required players finished!
Race ends in 30 seconds
[2025-10-25 00:18:31 | Room 1] Countdown to finish started, resetting room soon
[2025-10-25 00:19:00 | Room 1] Room has been reset
[2025-10-25 00:19:01 | Room 1] Player 0 joined room 1 and is now identified as Cranberry [9822678f]
[2025-10-25 00:19:01 | Room 1] Player 1 joined room 1 and is now identified as Stardii [f87cffcf]
[2025-10-25 00:19:01 | Room 1] Player 2 joined room 1 and is now identified as turb@sebas [485c41b5]
[2025-10-25 00:19:36 | Room 1] Track #6 and 3 laps were selected
ban orb/clock 1
ban orb/clock 0
Required players finished!
Race ends in 30 seconds
[2025-10-25 00:21:34 | Room 1] Countdown to finish started, resetting room soon
All players finished
Restarting in 3 seconds
[2025-10-25 00:21:37 | Room 1] Room has been reset
[2025-10-25 00:21:38 | Room 1] Player 1 joined room 1 and is now identified as Stardii [f87cffcf]
[2025-10-25 00:21:38 | Room 1] Player 0 joined room 1 and is now identified as Cranberry [9822678f]
[2025-10-25 00:21:38 | Room 1] Player 2 joined room 1 and is now identified as turb@sebas [485c41b5]
[2025-10-25 00:21:50 | Room 1] Track #15 and 3 laps were selected
ban orb/clock 1
Required players finished!
Race ends in 30 seconds
[2025-10-25 00:26:03 | Room 1] Countdown to finish started, resetting room soon
All players finished
Restarting in 3 seconds
[2025-10-25 00:26:13 | Room 1] Room has been reset
[2025-10-25 00:26:14 | Room 1] Player 1 joined room 1 and is now identified as Stardii [f87cffcf]
[2025-10-25 00:26:14 | Room 1] Player 0 joined room 1 and is now identified as Cranberry [9822678f]
[2025-10-25 00:26:14 | Room 1] Player 2 joined room 1 and is now identified as turb@sebas [485c41b5]
[2025-10-25 00:26:28 | Room 1] Track #8 and 3 laps were selected
Required players finished!
Race ends in 30 seconds
[2025-10-25 00:29:04 | Room 1] Countdown to finish started, resetting room soon
All players finished
Restarting in 3 seconds
[2025-10-25 00:29:12 | Room 1] Room has been reset
[2025-10-25 00:29:13 | Room 1] Player 1 joined room 1 and is now identified as Stardii [f87cffcf]
[2025-10-25 00:29:13 | Room 1] Player 0 joined room 1 and is now identified as Cranberry [9822678f]
[2025-10-25 00:29:13 | Room 1] Player 2 joined room 1 and is now identified as turb@sebas [485c41b5]
[2025-10-25 00:29:18 | Room 1] Track #0 and 3 laps were selected
[2025-10-25 00:30:36 | Room 1] Player turb@sebas (2) disconnected from room
Required players finished!
Race ends in 30 seconds
[2025-10-25 00:31:42 | Room 1] Countdown to finish started, resetting room soon
All players finished
Restarting in 3 seconds
[2025-10-25 00:31:52 | Room 1] Room has been reset
[2025-10-25 00:31:53 | Room 1] Player 1 joined room 1 and is now identified as Stardii [f87cffcf]
[2025-10-25 00:31:53 | Room 1] Player 0 joined room 1 and is now identified as Cranberry [9822678f]
[2025-10-25 00:31:53 | Room 1] Player 2 joined room 1 and is now identified as turb@sebas [485c41b5]
[2025-10-25 00:32:05 | Room 1] Track #3 and 3 laps were selected
ban orb/clock 1
Required players finished!
Race ends in 30 seconds
[2025-10-25 00:34:00 | Room 1] Countdown to finish started, resetting room soon
All players finished
Restarting in 3 seconds
[2025-10-25 00:34:06 | Room 1] Room has been reset
[2025-10-25 00:34:07 | Room 1] Player 1 joined room 1 and is now identified as Stardii [f87cffcf]
[2025-10-25 00:34:07 | Room 1] Player 0 joined room 1 and is now identified as Cranberry [9822678f]
[2025-10-25 00:34:07 | Room 1] Player 2 joined room 1 and is now identified as turb@sebas [485c41b5]
[2025-10-25 00:34:15 | Room 1] Track #5 and 3 laps were selected
Required players finished!
Race ends in 30 seconds
[2025-10-25 00:36:45 | Room 1] Countdown to finish started, resetting room soon
[2025-10-25 00:37:14 | Room 1] Room has been reset
[2025-10-25 00:37:15 | Room 1] Player 0 joined room 1 and is now identified as Cranberry [9822678f]
[2025-10-25 00:37:15 | Room 1] Player 1 joined room 1 and is now identified as Stardii [f87cffcf]
[2025-10-25 00:37:15 | Room 1] Player 2 joined room 1 and is now identified as turb@sebas [485c41b5]
[2025-10-25 00:37:41 | Room 1] Track #17 and 3 laps were selected
Required players finished!
Race ends in 30 seconds
[2025-10-25 00:40:11 | Room 1] Countdown to finish started, resetting room soon
All players finished
Restarting in 3 seconds
[2025-10-25 00:40:14 | Room 1] Room has been reset
[2025-10-25 00:40:15 | Room 1] Player 0 joined room 1 and is now identified as Cranberry [9822678f]
[2025-10-25 00:40:15 | Room 1] Player 1 joined room 1 and is now identified as Stardii [f87cffcf]
[2025-10-25 00:40:15 | Room 1] Player 2 joined room 1 and is now identified as turb@sebas [485c41b5]
[2025-10-25 00:40:34 | Room 1] Track #10 and 3 laps were selected
Required players finished!
Race ends in 30 seconds
[2025-10-25 00:43:47 | Room 1] Countdown to finish started, resetting room soon
All players finished
Restarting in 3 seconds
[2025-10-25 00:43:53 | Room 1] Room has been reset
[2025-10-25 00:43:54 | Room 1] Player 1 joined room 1 and is now identified as Stardii [f87cffcf]
[2025-10-25 00:43:54 | Room 1] Player 0 joined room 1 and is now identified as Cranberry [9822678f]
[2025-10-25 00:43:54 | Room 1] Player 2 joined room 1 and is now identified as turb@sebas [485c41b5]
[2025-10-25 00:44:18 | Room 1] Track #13 and 3 laps were selected
[2025-10-25 00:45:49 | Room 1] Player turb@sebas (2) disconnected from room
Required players finished!
Race ends in 30 seconds
[2025-10-25 00:48:11 | Room 1] Countdown to finish started, resetting room soon
All players finished
Restarting in 3 seconds
[2025-10-25 00:48:18 | Room 1] Room has been reset
[2025-10-25 00:48:19 | Room 1] Player 1 joined room 1 and is now identified as Stardii [f87cffcf]
[2025-10-25 00:48:19 | Room 1] Player 0 joined room 1 and is now identified as Cranberry [9822678f]
[2025-10-25 00:48:46 | Room 1] Track #14 and 3 laps were selected
Required players finished!
Race ends in 30 seconds
[2025-10-25 00:50:36 | Room 1] Countdown to finish started, resetting room soon
All players finished
Restarting in 3 seconds
[2025-10-25 00:50:49 | Room 1] Room has been reset
[2025-10-25 00:50:50 | Room 1] Player 0 joined room 1 and is now identified as Cranberry [9822678f]
[2025-10-25 00:50:50 | Room 1] Player 1 joined room 1 and is now identified as Stardii [f87cffcf]
[2025-10-25 00:51:09 | Room 1] Track #12 and 3 laps were selected
Required players finished!
Race ends in 30 seconds
[2025-10-25 00:54:32 | Room 1] Countdown to finish started, resetting room soon
All players finished
Restarting in 3 seconds
[2025-10-25 00:54:34 | Room 1] Room has been reset
[2025-10-25 00:54:35 | Room 1] Player 0 joined room 1 and is now identified as Cranberry [9822678f]
[2025-10-25 00:54:35 | Room 1] Player 1 joined room 1 and is now identified as Stardii [f87cffcf]
[2025-10-25 00:55:02 | Room 1] Track #16 and 3 laps were selected
ban orb/clock 1
ban orb/clock 0
ban orb/clock 1
Required players finished!
Race ends in 30 seconds
[2025-10-25 00:58:01 | Room 1] Countdown to finish started, resetting room soon
All players finished
Restarting in 3 seconds
[2025-10-25 00:58:07 | Room 1] Room has been reset
[2025-10-25 00:58:08 | Room 1] Player 0 joined room 1 and is now identified as Cranberry [9822678f]
[2025-10-25 00:58:08 | Room 1] Player 1 joined room 1 and is now identified as Stardii [f87cffcf]
[2025-10-25 00:58:23 | Room 1] Track #11 and 3 laps were selected
Required players finished!
Race ends in 30 seconds
[2025-10-25 01:01:40 | Room 1] Countdown to finish started, resetting room soon
All players finished
Restarting in 3 seconds
[2025-10-25 01:01:45 | Room 1] Room has been reset
[2025-10-25 01:01:46 | Room 1] Player 0 joined room 1 and is now identified as Cranberry [9822678f]
[2025-10-25 01:01:46 | Room 1] Player 1 joined room 1 and is now identified as Stardii [f87cffcf]
[2025-10-25 01:02:11 | Room 1] Track #5 and 3 laps were selected
Required players finished!
Race ends in 30 seconds
[2025-10-25 01:04:21 | Room 1] Countdown to finish started, resetting room soon
All players finished
Restarting in 3 seconds
[2025-10-25 01:04:31 | Room 1] Room has been reset
[2025-10-25 01:04:32 | Room 1] Player 1 joined room 1 and is now identified as Stardii [f87cffcf]
[2025-10-25 01:04:32 | Room 1] Player 0 joined room 1 and is now identified as Cranberry [9822678f]
[2025-10-25 01:04:55 | Room 1] Track #8 and 3 laps were selected
Required players finished!
Race ends in 30 seconds
[2025-10-25 01:07:16 | Room 1] Countdown to finish started, resetting room soon
All players finished
Restarting in 3 seconds
[2025-10-25 01:07:20 | Room 1] Room has been reset
[2025-10-25 01:07:21 | Room 1] Player 0 joined room 1 and is now identified as Cranberry [9822678f]
[2025-10-25 01:07:21 | Room 1] Player 1 joined room 1 and is now identified as Stardii [f87cffcf]
[2025-10-25 01:07:42 | Room 1] Track #3 and 3 laps were selected
Required players finished!
Race ends in 30 seconds
[2025-10-25 01:09:42 | Room 1] Countdown to finish started, resetting room soon
All players finished
Restarting in 3 seconds
[2025-10-25 01:09:47 | Room 1] Room has been reset
[2025-10-25 01:09:48 | Room 1] Player 1 joined room 1 and is now identified as Stardii [f87cffcf]
[2025-10-25 01:09:48 | Room 1] Player 0 joined room 1 and is now identified as Cranberry [9822678f]
[2025-10-25 01:10:12 | Room 1] Track #7 and 1 laps were selected
[2025-10-25 01:10:14 | Room 1] Player Cranberry (0) disconnected from room
[2025-10-25 01:10:17 | Room 1] Player Stardii (1) disconnected from room
[2025-10-25 01:10:17 | Room 1] Room has been killed as no players are left
[2025-10-25 01:10:20 | Room 1] Player 0 joined room 1 and is now identified as Cranberry [9822678f]
[2025-10-25 01:10:24 | Room 1] Player 1 joined room 1 and is now identified as Stardii [f87cffcf]
[2025-10-25 01:10:44 | Room 1] Track #7 and 3 laps were selected
[2025-10-25 01:15:02 | Room 1] Player Cranberry (0) disconnected from room
All players finished
Restarting in 6 seconds
1 player race detected, finishing
[2025-10-25 01:15:04 | Room 1] Countdown to finish started, resetting room soon
[2025-10-25 01:15:09 | Room 1] Room has been reset
[2025-10-25 01:15:10 | Room 1] Player 1 joined room 1 and is now identified as Stardii [f87cffcf]
[2025-10-25 01:15:11 | Room 1] Player 0 joined room 1 and is now identified as Cranberry [9822678f]
[2025-10-25 01:15:30 | Room 1] Track #9 and 3 laps were selected
Required players finished!
Race ends in 30 seconds
[2025-10-25 01:18:17 | Room 1] Countdown to finish started, resetting room soon
All players finished
Restarting in 3 seconds
[2025-10-25 01:18:22 | Room 1] Room has been reset
[2025-10-25 01:18:23 | Room 1] Player 0 joined room 1 and is now identified as Cranberry [9822678f]
[2025-10-25 01:18:23 | Room 1] Player 1 joined room 1 and is now identified as Stardii [f87cffcf]
[2025-10-25 01:18:47 | Room 1] Track #14 and 3 laps were selected
Required players finished!
Race ends in 30 seconds
[2025-10-25 01:20:49 | Room 1] Countdown to finish started, resetting room soon
All players finished
Restarting in 3 seconds
[2025-10-25 01:21:00 | Room 1] Room has been reset
[2025-10-25 01:21:01 | Room 1] Player 1 joined room 1 and is now identified as Stardii [f87cffcf]
[2025-10-25 01:21:01 | Room 1] Player 0 joined room 1 and is now identified as Cranberry [9822678f]
[2025-10-25 01:21:33 | Room 1] Track #2 and 3 laps were selected
[2025-10-25 01:22:21 | Room 1] Player Stardii (1) disconnected from room
[2025-10-25 01:22:22 | Room 1] Player Cranberry (0) disconnected from room
[2025-10-25 01:22:22 | Room 1] Room has been killed as no players are left
[2025-10-25 01:22:28 | Room 1] Player 0 joined room 1 and is now identified as Cranberry [9822678f]
[2025-10-25 01:22:29 | Room 1] Player 1 joined room 1 and is now identified as Stardii [f87cffcf]
[2025-10-25 01:22:48 | Room 1] Track #2 and 3 laps were selected
Required players finished!
Race ends in 30 seconds
[2025-10-25 01:24:38 | Room 1] Countdown to finish started, resetting room soon
All players finished
Restarting in 3 seconds
[2025-10-25 01:24:43 | Room 1] Room has been reset
[2025-10-25 01:24:44 | Room 1] Player 1 joined room 1 and is now identified as Stardii [f87cffcf]
[2025-10-25 01:24:44 | Room 1] Player 0 joined room 1 and is now identified as Cranberry [9822678f]
[2025-10-25 01:25:40 | Room 1] Track #10 and 3 laps were selected
Required players finished!
Race ends in 30 seconds
[2025-10-25 01:28:34 | Room 1] Countdown to finish started, resetting room soon
All players finished
Restarting in 3 seconds
[2025-10-25 01:28:40 | Room 1] Room has been reset
[2025-10-25 01:28:41 | Room 1] Player 0 joined room 1 and is now identified as Cranberry [9822678f]
[2025-10-25 01:28:41 | Room 1] Player 1 joined room 1 and is now identified as Stardii [f87cffcf]
[2025-10-25 01:29:08 | Room 1] Track #11 and 3 laps were selected
Required players finished!
Race ends in 30 seconds
[2025-10-25 01:32:07 | Room 1] Countdown to finish started, resetting room soon
All players finished
Restarting in 3 seconds
[2025-10-25 01:32:13 | Room 1] Room has been reset
[2025-10-25 01:32:14 | Room 1] Player 0 joined room 1 and is now identified as Cranberry [9822678f]
[2025-10-25 01:32:14 | Room 1] Player 1 joined room 1 and is now identified as Stardii [f87cffcf]
[2025-10-25 01:32:57 | Room 1] Track #1 and 3 laps were selected
Required players finished!
Race ends in 30 seconds
[2025-10-25 01:35:24 | Room 1] Countdown to finish started, resetting room soon
[2025-10-25 01:35:28 | Room 1] Player Cranberry (0) disconnected from room
[2025-10-25 01:35:33 | Room 1] Player Stardii (1) disconnected from room
[2025-10-25 01:35:33 | Room 1] Room has been killed as no players are left
[2025-10-25 01:35:34 | Room 1] Player 0 joined room 1 and is now identified as Cranberry [9822678f]
[2025-10-25 01:35:38 | Room 1] Player 1 joined room 1 and is now identified as Stardii [f87cffcf]
[2025-10-25 01:36:02 | Room 1] Track #3 and 7 laps were selected
Required players finished!
Race ends in 30 seconds
[2025-10-25 01:39:52 | Room 1] Countdown to finish started, resetting room soon
All players finished
Restarting in 3 seconds
[2025-10-25 01:39:54 | Room 1] Room has been reset
[2025-10-25 01:39:55 | Room 1] Player 1 joined room 1 and is now identified as Stardii [f87cffcf]
[2025-10-25 01:39:55 | Room 1] Player 0 joined room 1 and is now identified as Cranberry [9822678f]
[2025-10-25 01:41:09 | Room 1] Track #5 and 7 laps were selected
Required players finished!
Race ends in 30 seconds
[2025-10-25 01:46:17 | Room 1] Countdown to finish started, resetting room soon
All players finished
Restarting in 3 seconds
[2025-10-25 01:46:42 | Room 1] Room has been reset
[2025-10-25 01:46:43 | Room 1] Player 0 joined room 1 and is now identified as Cranberry [9822678f]
[2025-10-25 01:46:43 | Room 1] Player 1 joined room 1 and is now identified as Stardii [f87cffcf]
[2025-10-25 01:46:43 | Room 1] Player 2 joined room 1 and is now identified as turb@sebas [485c41b5]
[2025-10-25 01:47:03 | Room 1] Track #13 and 3 laps were selected
[2025-10-25 01:48:56 | Room 1] Player turb@sebas (2) disconnected from room
Required players finished!
Race ends in 30 seconds
[2025-10-25 01:51:05 | Room 1] Countdown to finish started, resetting room soon
All players finished
Restarting in 3 seconds
[2025-10-25 01:51:09 | Room 1] Room has been reset
[2025-10-25 01:51:10 | Room 1] Player 0 joined room 1 and is now identified as Cranberry [9822678f]
[2025-10-25 01:51:10 | Room 1] Player 1 joined room 1 and is now identified as Stardii [f87cffcf]
[2025-10-25 01:51:10 | Room 1] Player 2 joined room 1 and is now identified as turb@sebas [485c41b5]
[2025-10-25 01:51:32 | Room 1] Track #9 and 7 laps were selected
Required players finished!
Race ends in 30 seconds
[2025-10-25 01:56:38 | Room 1] Countdown to finish started, resetting room soon
All players finished
Restarting in 3 seconds
[2025-10-25 01:56:42 | Room 1] Room has been reset
[2025-10-25 01:56:43 | Room 1] Player 0 joined room 1 and is now identified as Cranberry [9822678f]
[2025-10-25 01:56:43 | Room 1] Player 1 joined room 1 and is now identified as Stardii [f87cffcf]
[2025-10-25 01:56:43 | Room 1] Player 2 joined room 1 and is now identified as turb@sebas [485c41b5]
[2025-10-25 01:56:50 | Room 1] Track #0 and 5 laps were selected
[2025-10-25 01:57:49 | Room 1] Player turb@sebas (2) disconnected from room
Required players finished!
Race ends in 30 seconds
[2025-10-25 02:00:15 | Room 1] Countdown to finish started, resetting room soon
All players finished
Restarting in 3 seconds
[2025-10-25 02:00:17 | Room 1] Room has been reset
[2025-10-25 02:00:18 | Room 1] Player 1 joined room 1 and is now identified as Stardii [f87cffcf]
[2025-10-25 02:00:18 | Room 1] Player 0 joined room 1 and is now identified as Cranberry [9822678f]
[2025-10-25 02:00:18 | Room 1] Player 2 joined room 1 and is now identified as turb@sebas [485c41b5]
[2025-10-25 02:00:27 | Room 1] Track #6 and 5 laps were selected
Required players finished!
Race ends in 30 seconds
[2025-10-25 02:03:05 | Room 1] Countdown to finish started, resetting room soon
All players finished
Restarting in 3 seconds
[2025-10-25 02:03:11 | Room 1] Room has been reset
[2025-10-25 02:03:12 | Room 1] Player 1 joined room 1 and is now identified as Stardii [f87cffcf]
[2025-10-25 02:03:12 | Room 1] Player 0 joined room 1 and is now identified as Cranberry [9822678f]
[2025-10-25 02:03:12 | Room 1] Player 2 joined room 1 and is now identified as turb@sebas [485c41b5]
[2025-10-25 02:03:21 | Room 1] Track #2 and 5 laps were selected
Required players finished!
Race ends in 30 seconds
[2025-10-25 02:06:08 | Room 1] Countdown to finish started, resetting room soon
[2025-10-25 02:06:37 | Room 1] Room has been reset
[2025-10-25 02:06:38 | Room 1] Player 0 joined room 1 and is now identified as Cranberry [9822678f]
[2025-10-25 02:06:38 | Room 1] Player 1 joined room 1 and is now identified as Stardii [f87cffcf]
[2025-10-25 02:06:38 | Room 1] Player 2 joined room 1 and is now identified as turb@sebas [485c41b5]
[2025-10-25 02:07:06 | Room 1] Track #17 and 5 laps were selected
[2025-10-25 02:09:02 | Room 1] Player turb@sebas (2) disconnected from room
Required players finished!
Race ends in 30 seconds
[2025-10-25 02:10:49 | Room 1] Countdown to finish started, resetting room soon
All players finished
Restarting in 3 seconds
[2025-10-25 02:11:01 | Room 1] Room has been reset
[2025-10-25 02:11:02 | Room 1] Player 0 joined room 1 and is now identified as Cranberry [9822678f]
[2025-10-25 02:11:02 | Room 1] Player 1 joined room 1 and is now identified as Stardii [f87cffcf]
[2025-10-25 02:11:31 | Room 1] Player 2 joined room 1 and is now identified as Soulstriker [be4c234c]
[2025-10-25 02:11:45 | Room 1] Track #12 and 5 laps were selected
ban orb/clock 1
ban orb/clock 0
[2025-10-25 02:16:31 | Room 1] Player Cranberry (0) disconnected from room
Required players finished!
Race ends in 30 seconds
[2025-10-25 02:17:08 | Room 1] Countdown to finish started, resetting room soon
All players finished
Restarting in 3 seconds
[2025-10-25 02:17:11 | Room 1] Room has been reset
[2025-10-25 02:17:12 | Room 1] Player 2 joined room 1 and is now identified as Soulstriker [be4c234c]
[2025-10-25 02:17:12 | Room 1] Player 1 joined room 1 and is now identified as Stardii [f87cffcf]
[2025-10-25 02:17:12 | Room 1] Player Stardii (1) disconnected from room
[2025-10-25 02:17:22 | Room 1] Player Soulstriker (2) disconnected from room
[2025-10-25 02:17:22 | Room 1] Room has been killed as no players are left
[2025-10-25 02:17:47 | Room 1] Player 0 joined room 1 and is now identified as Soulstriker [be4c234c]
[2025-10-25 02:18:35 | Room 1] Player Soulstriker (0) disconnected from room
[2025-10-25 02:18:35 | Room 1] Room has been killed as no players are left
[2025-10-25 02:18:47 | Room 1] Player 0 joined room 1 and is now identified as Soulstriker [be4c234c]
[2025-10-25 02:19:08 | Room 1] Player Soulstriker (0) disconnected from room
[2025-10-25 02:19:08 | Room 1] Room has been killed as no players are left
[2025-10-25 16:56:36 | Room 1] Player 0 joined room 1 and is now identified as McNuggets [f20554b2]
[2025-10-25 16:56:41 | Room 1] Track #0 and 3 laps were selected
All players finished
Restarting in 6 seconds
1 player race detected, finishing
[2025-10-25 16:58:34 | Room 1] Countdown to finish started, resetting room soon
[2025-10-25 16:58:39 | Room 1] Room has been reset
[2025-10-25 16:58:40 | Room 1] Player 0 joined room 1 and is now identified as McNuggets [f20554b2]
[2025-10-25 16:58:47 | Room 1] Track #6 and 3 laps were selected
All players finished
Restarting in 6 seconds
1 player race detected, finishing
[2025-10-25 17:00:27 | Room 1] Countdown to finish started, resetting room soon
[2025-10-25 17:00:32 | Room 1] Room has been reset
[2025-10-25 17:00:33 | Room 1] Player 0 joined room 1 and is now identified as McNuggets [f20554b2]
[2025-10-25 17:00:39 | Room 1] Track #8 and 3 laps were selected
All players finished
Restarting in 6 seconds
1 player race detected, finishing
[2025-10-25 17:02:41 | Room 1] Countdown to finish started, resetting room soon
[2025-10-25 17:02:46 | Room 1] Room has been reset
[2025-10-25 17:02:47 | Room 1] Player 0 joined room 1 and is now identified as McNuggets [f20554b2]
[2025-10-25 17:03:11 | Room 1] Track #7 and 3 laps were selected
[2025-10-25 17:04:08 | Room 1] Player McNuggets (0) disconnected from room
[2025-10-25 17:04:08 | Room 1] Room has been killed as no players are left
[2025-10-25 17:53:06 | Room 1] Player 0 joined room 1 and is now identified as mohammed [479e6eaf]
[2025-10-25 17:53:19 | Room 1] Track #10 and 3 laps were selected
[2025-10-25 17:53:44 | Room 1] Player mohammed (0) disconnected from room
[2025-10-25 17:53:44 | Room 1] Room has been killed as no players are left
[2025-10-25 17:53:46 | Room 1] Player 0 joined room 1 and is now identified as mohammed [479e6eaf]
[2025-10-25 17:53:52 | Room 1] Track #10 and 3 laps were selected
[2025-10-25 17:56:44 | Room 1] Player mohammed (0) disconnected from room
[2025-10-25 17:56:44 | Room 1] Room has been killed as no players are left
[2025-10-25 17:56:50 | Room 1] Player 0 joined room 1 and is now identified as mohammed [479e6eaf]
[2025-10-25 17:57:03 | Room 1] Track #11 and 3 laps were selected
All players finished
Restarting in 6 seconds
1 player race detected, finishing
[2025-10-25 17:59:58 | Room 1] Countdown to finish started, resetting room soon
[2025-10-25 18:00:03 | Room 1] Room has been reset
[2025-10-25 18:00:04 | Room 1] Player 0 joined room 1 and is now identified as mohammed [479e6eaf]
[2025-10-25 18:00:12 | Room 1] Player mohammed (0) disconnected from room
[2025-10-25 18:00:12 | Room 1] Room has been killed as no players are left
[2025-10-25 18:07:54 | Room 10] Player 0 joined room 10 and is now identified as Gasmoxian [fac5bebb]
[2025-10-25 18:08:34 | Room 10] Track #10 and 1 laps were selected
All players finished
Restarting in 6 seconds
1 player race detected, finishing
[2025-10-25 18:09:58 | Room 10] Countdown to finish started, resetting room soon
[2025-10-25 18:10:03 | Room 10] Room has been reset
[2025-10-25 18:10:04 | Room 10] Player 0 joined room 10 and is now identified as Gasmoxian [fac5bebb]
[2025-10-25 18:11:07 | Room 10] Player Gasmoxian (0) disconnected from room
[2025-10-25 18:11:07 | Room 10] Room has been killed as no players are left
[2025-10-25 19:07:39 | Room 1] Player 0 joined room 1 and is now identified as Lavalamp [2b828353]
[2025-10-25 19:08:06 | Room 1] Track #6 and 1 laps were selected
[2025-10-25 19:08:41 | Room 1] Player Lavalamp (0) disconnected from room
[2025-10-25 19:08:41 | Room 1] Room has been killed as no players are left
[2025-10-25 19:59:34 | Room 1] Player 0 joined room 1 and is now identified as Pepsimntr [65820ab6]
[2025-10-25 19:59:52 | Room 1] Track #12 and 3 laps were selected
All players finished
Restarting in 6 seconds
1 player race detected, finishing
[2025-10-25 20:02:51 | Room 1] Countdown to finish started, resetting room soon
[2025-10-25 20:02:56 | Room 1] Room has been reset
[2025-10-25 20:02:57 | Room 1] Player 0 joined room 1 and is now identified as Pepsimntr [65820ab6]
[2025-10-25 20:03:02 | Room 1] Track #2 and 3 laps were selected
All players finished
Restarting in 6 seconds
1 player race detected, finishing
[2025-10-25 20:04:34 | Room 1] Countdown to finish started, resetting room soon
[2025-10-25 20:04:39 | Room 1] Room has been reset
[2025-10-25 20:04:40 | Room 1] Player 0 joined room 1 and is now identified as Pepsimntr [65820ab6]
[2025-10-25 20:04:45 | Room 1] Track #0 and 3 laps were selected
All players finished
Restarting in 6 seconds
1 player race detected, finishing
[2025-10-25 20:06:20 | Room 1] Countdown to finish started, resetting room soon
[2025-10-25 20:06:25 | Room 1] Room has been reset
[2025-10-25 20:06:26 | Room 1] Player 0 joined room 1 and is now identified as Pepsimntr [65820ab6]
[2025-10-25 20:06:30 | Room 1] Track #3 and 7 laps were selected
All players finished
Restarting in 6 seconds
1 player race detected, finishing
[2025-10-25 20:09:31 | Room 1] Countdown to finish started, resetting room soon
[2025-10-25 20:09:36 | Room 1] Room has been reset
[2025-10-25 20:09:37 | Room 1] Player 0 joined room 1 and is now identified as Pepsimntr [65820ab6]
[2025-10-25 20:09:41 | Room 1] Track #4 and 7 laps were selected
All players finished
Restarting in 6 seconds
1 player race detected, finishing
[2025-10-25 20:13:19 | Room 1] Countdown to finish started, resetting room soon
[2025-10-25 20:13:24 | Room 1] Room has been reset
[2025-10-25 20:13:25 | Room 1] Player 0 joined room 1 and is now identified as Pepsimntr [65820ab6]
[2025-10-25 20:13:31 | Room 1] Track #6 and 9 laps were selected
[2025-10-25 20:16:52 | Room 1] Player Pepsimntr (0) disconnected from room
[2025-10-25 20:16:52 | Room 1] Room has been killed as no players are left
[2025-10-25 20:16:55 | Room 1] Player 0 joined room 1 and is now identified as Pepsimntr [65820ab6]
[2025-10-25 20:17:02 | Room 1] Track #14 and 13 laps were selected
All players finished
Restarting in 6 seconds
1 player race detected, finishing
[2025-10-25 20:23:53 | Room 1] Countdown to finish started, resetting room soon
[2025-10-25 20:23:58 | Room 1] Room has been reset
[2025-10-25 20:23:59 | Room 1] Player 0 joined room 1 and is now identified as Pepsimntr [65820ab6]
[2025-10-25 20:24:15 | Room 1] Player Pepsimntr (0) disconnected from room
[2025-10-25 20:24:15 | Room 1] Room has been killed as no players are left
[2025-10-25 22:09:11 | Room 9] Player 0 joined room 9 and is now identified as Fatingo [20ae8e2e]
[2025-10-25 22:09:23 | Room 9] Track #8 and 15 laps were selected
[2025-10-25 22:16:41 | Room 9] Player Fatingo (0) disconnected from room
[2025-10-25 22:16:41 | Room 9] Room has been killed as no players are left
[2025-10-25 22:16:49 | Room 9] Player 0 joined room 9 and is now identified as Fatingo [20ae8e2e]
[2025-10-25 22:17:00 | Room 9] Track #11 and 15 laps were selected
[2025-10-25 22:23:17 | Room 9] Player Fatingo (0) disconnected from room
[2025-10-25 22:23:17 | Room 9] Room has been killed as no players are left
[2025-10-25 22:23:24 | Room 9] Player 0 joined room 9 and is now identified as Fatingo [20ae8e2e]
[2025-10-25 22:23:40 | Room 9] Track #10 and 15 laps were selected
[2025-10-25 22:26:20 | Room 9] Player Fatingo (0) disconnected from room
[2025-10-25 22:26:20 | Room 9] Room has been killed as no players are left
[2025-10-26 00:55:22 | Room 1] Player 0 joined room 1 and is now identified as lucati007 [805180ba]
[2025-10-26 00:55:26 | Room 1] Track #3 and 1 laps were selected
[2025-10-26 00:55:57 | Room 1] Player lucati007 (0) disconnected from room
[2025-10-26 00:55:57 | Room 1] Room has been killed as no players are left
[2025-10-26 01:00:30 | Room 1] Player 0 joined room 1 and is now identified as lucati007 [805180ba]
[2025-10-26 01:00:34 | Room 1] Track #0 and 1 laps were selected
[2025-10-26 01:00:44 | Room 1] Player lucati007 (0) disconnected from room
[2025-10-26 01:00:44 | Room 1] Room has been killed as no players are left
[2025-10-26 12:06:31 | Room 1] Player 0 joined room 1 and is now identified as Lavalamp [e2f98353]
[2025-10-26 12:06:45 | Room 1] Track #13 and 3 laps were selected
All players finished
Restarting in 6 seconds
1 player race detected, finishing
[2025-10-26 12:10:19 | Room 1] Countdown to finish started, resetting room soon
[2025-10-26 12:10:24 | Room 1] Room has been reset
[2025-10-26 12:10:25 | Room 1] Player 0 joined room 1 and is now identified as Lavalamp [e2f98353]
[2025-10-26 12:11:10 | Room 1] Track #8 and 3 laps were selected
All players finished
Restarting in 6 seconds
1 player race detected, finishing
[2025-10-26 12:13:55 | Room 1] Countdown to finish started, resetting room soon
[2025-10-26 12:14:00 | Room 1] Room has been reset
[2025-10-26 12:14:01 | Room 1] Player 0 joined room 1 and is now identified as Lavalamp [e2f98353]
[2025-10-26 12:14:43 | Room 1] Track #3 and 3 laps were selected
All players finished
Restarting in 6 seconds
1 player race detected, finishing
[2025-10-26 12:16:55 | Room 1] Countdown to finish started, resetting room soon
[2025-10-26 12:17:00 | Room 1] Room has been reset
[2025-10-26 12:17:01 | Room 1] Player 0 joined room 1 and is now identified as Lavalamp [e2f98353]
[2025-10-26 12:17:23 | Room 1] Player Lavalamp (0) disconnected from room
[2025-10-26 12:17:23 | Room 1] Room has been killed as no players are left
[2025-10-26 18:33:22 | Room 1] Player 0 joined room 1 and is now identified as Lavalamp [e2f98353]
[2025-10-26 18:34:52 | Room 1] Track #10 and 3 laps were selected
All players finished
Restarting in 6 seconds
1 player race detected, finishing
[2025-10-26 18:38:48 | Room 1] Countdown to finish started, resetting room soon
[2025-10-26 18:38:53 | Room 1] Room has been reset
[2025-10-26 18:38:54 | Room 1] Player 0 joined room 1 and is now identified as Lavalamp [e2f98353]
[2025-10-26 18:39:13 | Room 1] Track #5 and 3 laps were selected
All players finished
Restarting in 6 seconds
1 player race detected, finishing
[2025-10-26 18:41:40 | Room 1] Countdown to finish started, resetting room soon
[2025-10-26 18:41:45 | Room 1] Room has been reset
[2025-10-26 18:41:46 | Room 1] Player 0 joined room 1 and is now identified as Lavalamp [e2f98353]
[2025-10-26 18:41:57 | Room 1] Track #9 and 3 laps were selected
All players finished
Restarting in 6 seconds
1 player race detected, finishing
[2025-10-26 18:44:16 | Room 1] Countdown to finish started, resetting room soon
[2025-10-26 18:44:21 | Room 1] Room has been reset
[2025-10-26 18:44:22 | Room 1] Player 0 joined room 1 and is now identified as Lavalamp [e2f98353]
[2025-10-26 18:44:40 | Room 1] Track #12 and 3 laps were selected
All players finished
Restarting in 6 seconds
1 player race detected, finishing
[2025-10-26 18:48:15 | Room 1] Countdown to finish started, resetting room soon
[2025-10-26 18:48:20 | Room 1] Room has been reset
[2025-10-26 18:48:21 | Room 1] Player 0 joined room 1 and is now identified as Lavalamp [e2f98353]
[2025-10-26 18:48:26 | Room 1] Player Lavalamp (0) disconnected from room
[2025-10-26 18:48:26 | Room 1] Room has been killed as no players are left
[2025-10-26 19:14:04 | Room 1] Player 0 joined room 1 and is now identified as Mrlingan [be22225c]
[2025-10-26 19:14:11 | Room 1] Track #13 and 3 laps were selected
[2025-10-26 19:15:01 | Room 1] Player Mrlingan (0) disconnected from room
[2025-10-26 19:15:01 | Room 1] Room has been killed as no players are left
[2025-10-27 15:52:18 | Room 1] Player 0 joined room 1 and is now identified as mohammed [a2519a8e]
[2025-10-27 15:52:24 | Room 1] Track #13 and 3 laps were selected
[2025-10-27 15:52:52 | Room 1] Player mohammed (0) disconnected from room
[2025-10-27 15:52:52 | Room 1] Room has been killed as no players are left
[2025-10-27 15:55:26 | Room 1] Player 0 joined room 1 and is now identified as mohammed [a2519a8e]
[2025-10-27 15:55:31 | Room 1] Track #13 and 3 laps were selected
All players finished
Restarting in 6 seconds
1 player race detected, finishing
[2025-10-27 15:58:33 | Room 1] Countdown to finish started, resetting room soon
[2025-10-27 15:58:38 | Room 1] Room has been reset
[2025-10-27 15:58:39 | Room 1] Player 0 joined room 1 and is now identified as mohammed [a2519a8e]
[2025-10-27 15:58:49 | Room 1] Track #10 and 1 laps were selected
[2025-10-27 15:58:52 | Room 1] Player mohammed (0) disconnected from room
[2025-10-27 15:58:52 | Room 1] Room has been killed as no players are left
[2025-10-27 15:58:58 | Room 1] Player 0 joined room 1 and is now identified as mohammed [a2519a8e]
[2025-10-27 15:59:03 | Room 1] Track #10 and 3 laps were selected
All players finished
Restarting in 6 seconds
1 player race detected, finishing
[2025-10-27 16:01:51 | Room 1] Countdown to finish started, resetting room soon
[2025-10-27 16:01:56 | Room 1] Room has been reset
[2025-10-27 16:01:57 | Room 1] Player 0 joined room 1 and is now identified as mohammed [a2519a8e]
[2025-10-27 16:02:01 | Room 1] Track #0 and 3 laps were selected
All players finished
Restarting in 6 seconds
1 player race detected, finishing
[2025-10-27 16:04:03 | Room 1] Countdown to finish started, resetting room soon
[2025-10-27 16:04:08 | Room 1] Room has been reset
[2025-10-27 16:04:09 | Room 1] Player 0 joined room 1 and is now identified as mohammed [a2519a8e]
[2025-10-27 16:04:20 | Room 1] Track #3 and 3 laps were selected
All players finished
Restarting in 6 seconds
1 player race detected, finishing
[2025-10-27 16:06:18 | Room 1] Countdown to finish started, resetting room soon
[2025-10-27 16:06:23 | Room 1] Room has been reset
[2025-10-27 16:06:24 | Room 1] Player 0 joined room 1 and is now identified as mohammed [a2519a8e]
[2025-10-27 16:06:29 | Room 1] Track #3 and 3 laps were selected
All players finished
Restarting in 6 seconds
1 player race detected, finishing
[2025-10-27 16:08:16 | Room 1] Countdown to finish started, resetting room soon
[2025-10-27 16:08:21 | Room 1] Room has been reset
[2025-10-27 16:08:22 | Room 1] Player 0 joined room 1 and is now identified as mohammed [a2519a8e]
[2025-10-27 16:08:31 | Room 1] Player mohammed (0) disconnected from room
[2025-10-27 16:08:31 | Room 1] Room has been killed as no players are left
[2025-10-28 01:09:20 | Room 1] Player 0 joined room 1 and is now identified as Carld923 [6fb7d8bd]
[2025-10-28 01:09:23 | Room 1] Player Carld923 (0) disconnected from room
[2025-10-28 01:09:23 | Room 1] Room has been killed as no players are left
[2025-10-28 18:53:10 | Room 1] Player 0 joined room 1 and is now identified as mohammed [cf452fb0]
[2025-10-28 18:53:13 | Room 1] Track #0 and 3 laps were selected
[2025-10-28 18:53:26 | Room 1] Player mohammed (0) disconnected from room
[2025-10-28 18:53:26 | Room 1] Room has been killed as no players are left
[2025-10-28 18:54:43 | Room 1] Player 0 joined room 1 and is now identified as mohammed [a2519a8e]
[2025-10-28 18:54:47 | Room 1] Track #13 and 3 laps were selected
All players finished
Restarting in 6 seconds
1 player race detected, finishing
[2025-10-28 18:57:51 | Room 1] Countdown to finish started, resetting room soon
[2025-10-28 18:57:56 | Room 1] Room has been reset
[2025-10-28 18:58:01 | Room 1] Player mohammed (0) disconnected from room
[2025-10-28 18:58:01 | Room 1] Room has been killed as no players are left
[2025-10-28 21:03:16 | Room 1] Player 0 joined room 1 and is now identified as Demon008 [ce2b31b5]
[2025-10-28 21:03:59 | Room 1] Player Demon008 (0) disconnected from room
[2025-10-28 21:03:59 | Room 1] Room has been killed as no players are left
[2025-10-28 21:52:21 | Room 1] Player 0 joined room 1 and is now identified as Coutinho [bc60bdba]
[2025-10-28 21:52:23 | Room 1] Player Coutinho (0) disconnected from room
[2025-10-28 21:52:23 | Room 1] Room has been killed as no players are left
[2025-10-29 17:42:30 | Room 1] Player 0 joined room 1 and is now identified as Batman [311206b3]
[2025-10-29 17:43:42 | Room 1] Player Batman (0) disconnected from room
[2025-10-29 17:43:42 | Room 1] Room has been killed as no players are left
[2025-10-29 17:46:34 | Room 3] Player 0 joined room 3 and is now identified as Batman [311206b3]
[2025-10-29 17:46:44 | Room 3] Track #4 and 5 laps were selected
[2025-10-29 17:47:15 | Room 3] Player Batman (0) disconnected from room
[2025-10-29 17:47:15 | Room 3] Room has been killed as no players are left
[2025-10-29 17:47:21 | Room 3] Player 0 joined room 3 and is now identified as Batman [311206b3]
[2025-10-29 17:47:29 | Room 3] Track #4 and 3 laps were selected
[2025-10-29 17:48:00 | Room 3] Player Batman (0) disconnected from room
[2025-10-29 17:48:00 | Room 3] Room has been killed as no players are left
[2025-10-29 17:48:05 | Room 2] Player 0 joined room 2 and is now identified as Batman [311206b3]
[2025-10-29 17:48:14 | Room 2] Track #5 and 3 laps were selected
[2025-10-29 17:48:38 | Room 2] Player Batman (0) disconnected from room
[2025-10-29 17:48:38 | Room 2] Room has been killed as no players are left
[2025-10-29 17:48:42 | Room 3] Player 0 joined room 3 and is now identified as Batman [311206b3]
[2025-10-29 17:48:55 | Room 3] Track #4 and 3 laps were selected
[2025-10-29 17:49:27 | Room 3] Player Batman (0) disconnected from room
[2025-10-29 17:49:27 | Room 3] Room has been killed as no players are left
[2025-10-29 17:49:43 | Room 2] Player 0 joined room 2 and is now identified as Batman [311206b3]
[2025-10-29 17:49:53 | Room 2] Track #3 and 3 laps were selected
[2025-10-29 17:50:34 | Room 2] Player Batman (0) disconnected from room
[2025-10-29 17:50:34 | Room 2] Room has been killed as no players are left
[2025-10-29 17:51:56 | Room 2] Player 0 joined room 2 and is now identified as Batman [311206b3]
[2025-10-29 17:52:15 | Room 2] Track #3 and 3 laps were selected
[2025-10-29 17:53:12 | Room 2] Player Batman (0) disconnected from room
[2025-10-29 17:53:12 | Room 2] Room has been killed as no players are left
[2025-10-29 17:53:17 | Room 2] Player 0 joined room 2 and is now identified as Batman [311206b3]
[2025-10-29 17:53:31 | Room 2] Track #13 and 3 laps were selected
[2025-10-29 17:56:08 | Room 2] Player Batman (0) disconnected from room
[2025-10-29 17:56:08 | Room 2] Room has been killed as no players are left
[2025-10-29 17:56:14 | Room 2] Player 0 joined room 2 and is now identified as Batman [311206b3]
[2025-10-29 17:56:27 | Room 2] Track #10 and 3 laps were selected
[2025-10-29 17:59:37 | Room 2] Player Batman (0) disconnected from room
[2025-10-29 17:59:37 | Room 2] Room has been killed as no players are left
[2025-10-29 17:59:54 | Room 2] Player 0 joined room 2 and is now identified as Batman [311206b3]
[2025-10-29 18:00:16 | Room 2] Track #7 and 3 laps were selected
[2025-10-29 18:01:12 | Room 2] Player Batman (0) disconnected from room
[2025-10-29 18:01:12 | Room 2] Room has been killed as no players are left
[2025-10-29 18:02:05 | Room 2] Player 0 joined room 2 and is now identified as Batman [311206b3]
[2025-10-29 18:02:21 | Room 2] Track #9 and 3 laps were selected
All players finished
Restarting in 6 seconds
1 player race detected, finishing
[2025-10-29 18:05:19 | Room 2] Countdown to finish started, resetting room soon
[2025-10-29 18:05:24 | Room 2] Room has been reset
[2025-10-29 18:05:25 | Room 2] Player 0 joined room 2 and is now identified as Batman [311206b3]
[2025-10-29 18:05:36 | Room 2] Player Batman (0) disconnected from room
[2025-10-29 18:05:36 | Room 2] Room has been killed as no players are left
[2025-10-29 21:19:17 | Room 1] Player 0 joined room 1 and is now identified as 411DNG [f1735297]
[2025-10-29 21:23:40 | Room 1] Player 411DNG (0) disconnected from room
[2025-10-29 21:23:40 | Room 1] Room has been killed as no players are left
[2025-10-29 22:34:44 | Room 1] Player 0 joined room 1 and is now identified as Geovani [5bab73b5]
[2025-10-29 22:34:52 | Room 1] Track #2 and 3 laps were selected
[2025-10-29 22:35:11 | Room 1] Player Geovani (0) disconnected from room
[2025-10-29 22:35:11 | Room 1] Room has been killed as no players are left
[2025-10-29 22:35:23 | Room 1] Player 0 joined room 1 and is now identified as Geovani [5bab73b5]
[2025-10-29 22:35:30 | Room 1] Track #2 and 3 laps were selected
[2025-10-29 22:35:45 | Room 1] Player Geovani (0) disconnected from room
[2025-10-29 22:35:45 | Room 1] Room has been killed as no players are left
[2025-10-29 22:51:34 | Room 11] Player 0 joined room 11 and is now identified as Geovani [5bab73b5]
[2025-10-29 22:51:51 | Room 11] Track #12 and 3 laps were selected
[2025-10-29 22:52:14 | Room 11] Player Geovani (0) disconnected from room
[2025-10-29 22:52:14 | Room 11] Room has been killed as no players are left
[2025-10-29 22:52:52 | Room 1] Player 0 joined room 1 and is now identified as Geovani [5bab73b5]
[2025-10-29 22:52:59 | Room 1] Track #12 and 3 laps were selected
[2025-10-29 22:55:48 | Room 1] Player Geovani (0) disconnected from room
[2025-10-29 22:55:48 | Room 1] Room has been killed as no players are left
[2025-10-30 19:51:26 | Room 1] Player 0 joined room 1 and is now identified as Lavalamp [4eaf024e]
[2025-10-30 19:52:07 | Room 1] Player 1 joined room 1 and is now identified as AVENGEDOG [ec402c44]
[2025-10-30 19:52:47 | Room 1] Track #3 and 3 laps were selected
ban orb/clock 1
Required players finished!
Race ends in 30 seconds
[2025-10-30 19:55:14 | Room 1] Countdown to finish started, resetting room soon
ban orb/clock 0
All players finished
Restarting in 3 seconds
[2025-10-30 19:55:17 | Room 1] Room has been reset
[2025-10-30 19:55:18 | Room 1] Player 1 joined room 1 and is now identified as AVENGEDOG [ec402c44]
[2025-10-30 19:55:18 | Room 1] Player 0 joined room 1 and is now identified as Lavalamp [4eaf024e]
[2025-10-30 19:57:24 | Room 1] Track #6 and 3 laps were selected
Required players finished!
Race ends in 30 seconds
[2025-10-30 19:59:28 | Room 1] Countdown to finish started, resetting room soon
All players finished
Restarting in 3 seconds
[2025-10-30 19:59:46 | Room 1] Room has been reset
[2025-10-30 19:59:47 | Room 1] Player 1 joined room 1 and is now identified as AVENGEDOG [ec402c44]
[2025-10-30 19:59:47 | Room 1] Player 0 joined room 1 and is now identified as Lavalamp [4eaf024e]
[2025-10-30 20:00:05 | Room 1] Track #2 and 3 laps were selected
Required players finished!
Race ends in 30 seconds
[2025-10-30 20:02:50 | Room 1] Countdown to finish started, resetting room soon
All players finished
Restarting in 3 seconds
[2025-10-30 20:03:17 | Room 1] Room has been reset
[2025-10-30 20:03:18 | Room 1] Player 1 joined room 1 and is now identified as AVENGEDOG [ec402c44]
[2025-10-30 20:03:18 | Room 1] Player 0 joined room 1 and is now identified as Lavalamp [4eaf024e]
[2025-10-30 20:03:31 | Room 1] Track #4 and 3 laps were selected
Required players finished!
Race ends in 30 seconds
[2025-10-30 20:06:03 | Room 1] Countdown to finish started, resetting room soon
All players finished
Restarting in 3 seconds
[2025-10-30 20:06:22 | Room 1] Room has been reset
[2025-10-30 20:06:23 | Room 1] Player 1 joined room 1 and is now identified as AVENGEDOG [ec402c44]
[2025-10-30 20:06:23 | Room 1] Player 0 joined room 1 and is now identified as Lavalamp [4eaf024e]
[2025-10-30 20:06:42 | Room 1] Track #14 and 3 laps were selected
ban orb/clock 1
ban orb/clock 0
ban orb/clock 1
Required players finished!
Race ends in 30 seconds
[2025-10-30 20:08:54 | Room 1] Countdown to finish started, resetting room soon
All players finished
Restarting in 3 seconds
[2025-10-30 20:09:01 | Room 1] Room has been reset
[2025-10-30 20:09:02 | Room 1] Player 1 joined room 1 and is now identified as AVENGEDOG [ec402c44]
[2025-10-30 20:09:02 | Room 1] Player 0 joined room 1 and is now identified as Lavalamp [4eaf024e]
[2025-10-30 20:09:10 | Room 1] Track #5 and 3 laps were selected
Required players finished!
Race ends in 30 seconds
[2025-10-30 20:11:46 | Room 1] Countdown to finish started, resetting room soon
All players finished
Restarting in 3 seconds
[2025-10-30 20:11:56 | Room 1] Room has been reset
[2025-10-30 20:11:57 | Room 1] Player 1 joined room 1 and is now identified as AVENGEDOG [ec402c44]
[2025-10-30 20:11:57 | Room 1] Player 0 joined room 1 and is now identified as Lavalamp [4eaf024e]
[2025-10-30 20:12:10 | Room 1] Track #10 and 3 laps were selected
[2025-10-30 20:14:50 | Room 1] Player Lavalamp (0) disconnected from room
[2025-10-30 20:14:59 | Room 1] Player AVENGEDOG (1) disconnected from room
[2025-10-30 20:14:59 | Room 1] Room has been killed as no players are left
[2025-10-30 20:15:45 | Room 1] Player 0 joined room 1 and is now identified as Lavalamp [4eaf024e]
[2025-10-30 20:18:27 | Room 1] Player 1 joined room 1 and is now identified as AVENGEDOG [ec402c44]
[2025-10-30 20:18:44 | Room 1] Track #8 and 3 laps were selected
[2025-10-30 20:19:28 | Room 1] Player Lavalamp (0) disconnected from room
All players finished
Restarting in 6 seconds
1 player race detected, finishing
[2025-10-30 20:21:36 | Room 1] Countdown to finish started, resetting room soon
[2025-10-30 20:21:41 | Room 1] Room has been reset
[2025-10-30 20:21:42 | Room 1] Player 1 joined room 1 and is now identified as AVENGEDOG [ec402c44]
[2025-10-30 20:21:42 | Room 1] Player 0 joined room 1 and is now identified as Lavalamp [4eaf024e]
[2025-10-30 20:22:05 | Room 1] Track #15 and 3 laps were selected
ban orb/clock 1
ban orb/clock 0
ban orb/clock 1
ban orb/clock 0
Required players finished!
Race ends in 30 seconds
[2025-10-30 20:26:29 | Room 1] Countdown to finish started, resetting room soon
All players finished
Restarting in 3 seconds
[2025-10-30 20:26:34 | Room 1] Room has been reset
[2025-10-30 20:26:35 | Room 1] Player 1 joined room 1 and is now identified as AVENGEDOG [ec402c44]
[2025-10-30 20:26:35 | Room 1] Player 0 joined room 1 and is now identified as Lavalamp [4eaf024e]
[2025-10-30 20:26:56 | Room 1] Track #7 and 3 laps were selected
ban orb/clock 1
ban orb/clock 0
ban orb/clock 1
ban orb/clock 0
ban orb/clock 1
Required players finished!
Race ends in 30 seconds
[2025-10-30 20:31:00 | Room 1] Countdown to finish started, resetting room soon
ban orb/clock 0
[2025-10-30 20:31:29 | Room 1] Room has been reset
[2025-10-30 20:31:30 | Room 1] Player 1 joined room 1 and is now identified as AVENGEDOG [ec402c44]
[2025-10-30 20:31:30 | Room 1] Player 0 joined room 1 and is now identified as Lavalamp [4eaf024e]
[2025-10-30 20:31:54 | Room 1] Track #12 and 3 laps were selected
ban orb/clock 1
ban orb/clock 0
Required players finished!
Race ends in 30 seconds
[2025-10-30 20:35:40 | Room 1] Countdown to finish started, resetting room soon
All players finished
Restarting in 3 seconds
[2025-10-30 20:36:02 | Room 1] Room has been reset
[2025-10-30 20:36:03 | Room 1] Player 1 joined room 1 and is now identified as AVENGEDOG [ec402c44]
[2025-10-30 20:36:03 | Room 1] Player 0 joined room 1 and is now identified as Lavalamp [4eaf024e]
[2025-10-30 20:36:15 | Room 1] Track #13 and 3 laps were selected
ban orb/clock 1
ban orb/clock 0
Required players finished!
Race ends in 30 seconds
[2025-10-30 20:40:13 | Room 1] Countdown to finish started, resetting room soon
All players finished
Restarting in 3 seconds
[2025-10-30 20:40:39 | Room 1] Room has been reset
[2025-10-30 20:40:40 | Room 1] Player 1 joined room 1 and is now identified as AVENGEDOG [ec402c44]
[2025-10-30 20:40:40 | Room 1] Player 0 joined room 1 and is now identified as Lavalamp [4eaf024e]
[2025-10-30 20:41:18 | Room 1] Track #9 and 3 laps were selected
Required players finished!
Race ends in 30 seconds
[2025-10-30 20:43:42 | Room 1] Countdown to finish started, resetting room soon
All players finished
Restarting in 3 seconds
[2025-10-30 20:44:08 | Room 1] Room has been reset
[2025-10-30 20:44:09 | Room 1] Player 1 joined room 1 and is now identified as AVENGEDOG [ec402c44]
[2025-10-30 20:44:09 | Room 1] Player 0 joined room 1 and is now identified as Lavalamp [4eaf024e]
[2025-10-30 20:44:16 | Room 1] Track #11 and 3 laps were selected
Required players finished!
Race ends in 30 seconds
[2025-10-30 20:47:47 | Room 1] Countdown to finish started, resetting room soon
[2025-10-30 20:48:16 | Room 1] Room has been reset
[2025-10-30 20:48:17 | Room 1] Player 1 joined room 1 and is now identified as AVENGEDOG [ec402c44]
[2025-10-30 20:48:17 | Room 1] Player 0 joined room 1 and is now identified as Lavalamp [4eaf024e]
[2025-10-30 20:48:35 | Room 1] Track #1 and 3 laps were selected
ban orb/clock 1
Required players finished!
Race ends in 30 seconds
[2025-10-30 20:50:52 | Room 1] Countdown to finish started, resetting room soon
[2025-10-30 20:51:21 | Room 1] Room has been reset
[2025-10-30 20:51:22 | Room 1] Player 1 joined room 1 and is now identified as AVENGEDOG [ec402c44]
[2025-10-30 20:51:22 | Room 1] Player 0 joined room 1 and is now identified as Lavalamp [4eaf024e]
[2025-10-30 20:52:09 | Room 1] Track #3 and 5 laps were selected
Required players finished!
Race ends in 30 seconds
[2025-10-30 20:57:04 | Room 1] Countdown to finish started, resetting room soon
[2025-10-30 20:57:33 | Room 1] Room has been reset
[2025-10-30 20:57:34 | Room 1] Player 1 joined room 1 and is now identified as AVENGEDOG [ec402c44]
[2025-10-30 20:57:34 | Room 1] Player 0 joined room 1 and is now identified as Lavalamp [4eaf024e]
[2025-10-30 20:57:41 | Room 1] Track #16 and 1 laps were selected
[2025-10-30 20:57:56 | Room 1] Player Lavalamp (0) disconnected from room
[2025-10-30 20:58:01 | Room 1] Player AVENGEDOG (1) disconnected from room
[2025-10-30 20:58:01 | Room 1] Room has been killed as no players are left
[2025-10-30 23:09:36 | Room 1] Player 0 joined room 1 and is now identified as TBG [070dcbbd]
[2025-10-30 23:09:44 | Room 1] Track #10 and 5 laps were selected
All players finished
Restarting in 6 seconds
1 player race detected, finishing
[2025-10-30 23:14:04 | Room 1] Countdown to finish started, resetting room soon
[2025-10-30 23:14:09 | Room 1] Room has been reset
[2025-10-30 23:14:10 | Room 1] Player 0 joined room 1 and is now identified as TBG [070dcbbd]
[2025-10-30 23:14:16 | Room 1] Track #6 and 3 laps were selected
All players finished
Restarting in 6 seconds
1 player race detected, finishing
[2025-10-30 23:15:36 | Room 1] Countdown to finish started, resetting room soon
[2025-10-30 23:15:41 | Room 1] Room has been reset
[2025-10-30 23:15:42 | Room 1] Player 0 joined room 1 and is now identified as TBG [070dcbbd]
[2025-10-30 23:15:52 | Room 1] Track #7 and 3 laps were selected
All players finished
Restarting in 6 seconds
1 player race detected, finishing
[2025-10-30 23:18:53 | Room 1] Countdown to finish started, resetting room soon
[2025-10-30 23:18:58 | Room 1] Room has been reset
[2025-10-30 23:18:59 | Room 1] Player 0 joined room 1 and is now identified as TBG [070dcbbd]
[2025-10-30 23:19:18 | Room 1] Track #17 and 3 laps were selected
All players finished
Restarting in 6 seconds
1 player race detected, finishing
[2025-10-30 23:21:13 | Room 1] Countdown to finish started, resetting room soon
[2025-10-30 23:21:18 | Room 1] Room has been reset
[2025-10-30 23:21:19 | Room 1] Player 0 joined room 1 and is now identified as TBG [070dcbbd]
[2025-10-30 23:21:20 | Room 1] Player TBG (0) disconnected from room
[2025-10-30 23:21:20 | Room 1] Room has been killed as no players are left
[2025-10-30 23:33:26 | Room 1] Player 0 joined room 1 and is now identified as Galaxy [a0bae92d]
[2025-10-30 23:33:27 | Room 1] Player Galaxy (0) disconnected from room
[2025-10-30 23:33:27 | Room 1] Room has been killed as no players are left
[2025-11-01 00:38:33 | Room 1] Player 0 joined room 1 and is now identified as Galaxy [bbbae92d]
[2025-11-01 00:38:47 | Room 1] Track #10 and 3 laps were selected
All players finished
Restarting in 6 seconds
1 player race detected, finishing
[2025-11-01 00:41:38 | Room 1] Countdown to finish started, resetting room soon
[2025-11-01 00:41:42 | Room 1] Player Galaxy (0) disconnected from room
[2025-11-01 00:41:42 | Room 1] Room has been killed as no players are left
[2025-11-01 01:40:54 | Room 1] Player 0 joined room 1 and is now identified as Luxaria [2eaac349]
[2025-11-01 01:41:11 | Room 1] Track #8 and 3 laps were selected
[2025-11-01 01:42:03 | Room 1] Player Luxaria (0) disconnected from room
[2025-11-01 01:42:03 | Room 1] Room has been killed as no players are left
[2025-11-01 01:42:28 | Room 1] Player 0 joined room 1 and is now identified as Luxaria [2eaac349]
[2025-11-01 01:42:50 | Room 1] Track #8 and 3 laps were selected
[2025-11-01 01:42:51 | Room 1] Player Luxaria (0) disconnected from room
[2025-11-01 01:42:51 | Room 1] Room has been killed as no players are left
[2025-11-01 01:42:54 | Room 1] Player 0 joined room 1 and is now identified as Luxaria [2eaac349]
[2025-11-01 01:43:04 | Room 1] Track #8 and 3 laps were selected
[2025-11-01 01:43:24 | Room 1] Player Luxaria (0) disconnected from room
[2025-11-01 01:43:24 | Room 1] Room has been killed as no players are left
[2025-11-01 01:43:30 | Room 1] Player 0 joined room 1 and is now identified as Luxaria [2eaac349]
[2025-11-01 01:43:36 | Room 1] Player Luxaria (0) disconnected from room
[2025-11-01 01:43:36 | Room 1] Room has been killed as no players are left
[2025-11-01 01:43:40 | Room 1] Player 0 joined room 1 and is now identified as Luxaria [2eaac349]
[2025-11-01 01:43:54 | Room 1] Track #8 and 3 laps were selected
[2025-11-01 01:44:36 | Room 1] Player Luxaria (0) disconnected from room
[2025-11-01 01:44:36 | Room 1] Room has been killed as no players are left
[2025-11-01 01:44:45 | Room 1] Player 0 joined room 1 and is now identified as Luxaria [2eaac349]
[2025-11-01 01:45:09 | Room 1] Track #8 and 3 laps were selected
[2025-11-01 01:46:17 | Room 1] Player Luxaria (0) disconnected from room
[2025-11-01 01:46:17 | Room 1] Room has been killed as no players are left
[2025-11-01 01:46:23 | Room 1] Player 0 joined room 1 and is now identified as Luxaria [2eaac349]
[2025-11-01 01:47:03 | Room 1] Track #8 and 3 laps were selected
All players finished
Restarting in 6 seconds
1 player race detected, finishing
[2025-11-01 01:49:28 | Room 1] Countdown to finish started, resetting room soon
[2025-11-01 01:49:33 | Room 1] Room has been reset
[2025-11-01 01:49:34 | Room 1] Player 0 joined room 1 and is now identified as Luxaria [2eaac349]
[2025-11-01 01:49:57 | Room 1] Track #5 and 3 laps were selected
All players finished
Restarting in 6 seconds
1 player race detected, finishing
[2025-11-01 01:52:15 | Room 1] Countdown to finish started, resetting room soon
[2025-11-01 01:52:20 | Room 1] Room has been reset
[2025-11-01 01:52:21 | Room 1] Player 0 joined room 1 and is now identified as Luxaria [2eaac349]
[2025-11-01 01:52:34 | Room 1] Track #5 and 3 laps were selected
All players finished
Restarting in 6 seconds
1 player race detected, finishing
[2025-11-01 01:54:42 | Room 1] Countdown to finish started, resetting room soon
[2025-11-01 01:54:47 | Room 1] Room has been reset
[2025-11-01 01:54:48 | Room 1] Player 0 joined room 1 and is now identified as Luxaria [2eaac349]
[2025-11-01 01:54:58 | Room 1] Track #13 and 3 laps were selected
[2025-11-01 01:56:56 | Room 1] Player Luxaria (0) disconnected from room
[2025-11-01 01:56:56 | Room 1] Room has been killed as no players are left
[2025-11-01 01:57:17 | Room 1] Player 0 joined room 1 and is now identified as Luxaria [2eaac349]
[2025-11-01 01:58:05 | Room 1] Track #7 and 3 laps were selected
[2025-11-01 01:58:34 | Room 1] Player Luxaria (0) disconnected from room
[2025-11-01 01:58:34 | Room 1] Room has been killed as no players are left
[2025-11-01 02:01:11 | Room 1] Player 0 joined room 1 and is now identified as Luxaria [2eaac349]
[2025-11-01 02:01:18 | Room 1] Player Luxaria (0) disconnected from room
[2025-11-01 02:01:18 | Room 1] Room has been killed as no players are left
[2025-11-01 02:03:07 | Room 1] Player 0 joined room 1 and is now identified as Luxaria [2eaac349]
[2025-11-01 02:03:23 | Room 1] Track #7 and 3 laps were selected
All players finished
Restarting in 6 seconds
1 player race detected, finishing
[2025-11-01 02:06:47 | Room 1] Countdown to finish started, resetting room soon
[2025-11-01 02:06:52 | Room 1] Room has been reset
[2025-11-01 02:06:53 | Room 1] Player 0 joined room 1 and is now identified as Luxaria [2eaac349]
[2025-11-01 02:07:23 | Room 1] Player 1 joined room 1 and is now identified as smoke.weed [4c0606b3]
[2025-11-01 02:07:43 | Room 1] Track #8 and 3 laps were selected
ban orb/clock 1
ban orb/clock 0
Required players finished!
Race ends in 30 seconds
[2025-11-01 02:10:21 | Room 1] Countdown to finish started, resetting room soon
All players finished
Restarting in 3 seconds
[2025-11-01 02:10:26 | Room 1] Room has been reset
[2025-11-01 02:10:27 | Room 1] Player 0 joined room 1 and is now identified as Luxaria [2eaac349]
[2025-11-01 02:10:27 | Room 1] Player 1 joined room 1 and is now identified as smoke.weed [4c0606b3]
[2025-11-01 02:10:28 | Room 1] Player Luxaria (0) disconnected from room
[2025-11-01 02:10:29 | Room 1] Player smoke.weed (1) disconnected from room
[2025-11-01 02:10:29 | Room 1] Room has been killed as no players are left
[2025-11-01 13:05:44 | Room 1] Player 0 joined room 1 and is now identified as Lux [2eaac349]
[2025-11-01 13:05:58 | Room 1] Track #5 and 1 laps were selected
All players finished
Restarting in 6 seconds
1 player race detected, finishing
[2025-11-01 13:09:10 | Room 1] Countdown to finish started, resetting room soon
[2025-11-01 13:09:15 | Room 1] Room has been reset
[2025-11-01 13:09:16 | Room 1] Player 0 joined room 1 and is now identified as Lux [2eaac349]
[2025-11-01 13:11:17 | Room 1] Player Lux (0) disconnected from room
[2025-11-01 13:11:17 | Room 1] Room has been killed as no players are left
[2025-11-01 13:12:25 | Room 1] Player 0 joined room 1 and is now identified as Lux [2eaac349]
[2025-11-01 13:13:42 | Room 1] Track #8 and 5 laps were selected
[2025-11-01 13:15:11 | Room 1] Player Lux (0) disconnected from room
[2025-11-01 13:15:11 | Room 1] Room has been killed as no players are left
[2025-11-01 13:15:15 | Room 1] Player 0 joined room 1 and is now identified as Lux [2eaac349]
[2025-11-01 13:15:25 | Room 1] Track #1 and 3 laps were selected
[2025-11-01 13:16:45 | Room 1] Player Lux (0) disconnected from room
[2025-11-01 13:16:45 | Room 1] Room has been killed as no players are left
[2025-11-01 13:33:56 | Room 1] Player 0 joined room 1 and is now identified as STUDSX [4aae3b56]
[2025-11-01 13:34:00 | Room 1] Track #7 and 3 laps were selected
[2025-11-01 13:34:39 | Room 1] Player STUDSX (0) disconnected from room
[2025-11-01 13:34:39 | Room 1] Room has been killed as no players are left
[2025-11-01 13:34:42 | Room 1] Player 0 joined room 1 and is now identified as STUDSX [4aae3b56]
[2025-11-01 13:34:53 | Room 1] Track #11 and 3 laps were selected
[2025-11-01 13:35:32 | Room 1] Player STUDSX (0) disconnected from room
[2025-11-01 13:35:32 | Room 1] Room has been killed as no players are left
[2025-11-01 13:35:35 | Room 1] Player 0 joined room 1 and is now identified as STUDSX [4aae3b56]
[2025-11-01 13:35:40 | Room 1] Track #11 and 3 laps were selected
[2025-11-01 13:37:14 | Room 1] Player STUDSX (0) disconnected from room
[2025-11-01 13:37:14 | Room 1] Room has been killed as no players are left
[2025-11-01 13:37:20 | Room 1] Player 0 joined room 1 and is now identified as STUDSX [4aae3b56]
[2025-11-01 13:37:28 | Room 1] Track #11 and 3 laps were selected
[2025-11-01 13:38:22 | Room 1] Player STUDSX (0) disconnected from room
[2025-11-01 13:38:22 | Room 1] Room has been killed as no players are left
[2025-11-01 13:38:28 | Room 1] Player 0 joined room 1 and is now identified as STUDSX [4aae3b56]
[2025-11-01 13:38:33 | Room 1] Track #11 and 3 laps were selected
[2025-11-01 13:39:13 | Room 1] Player STUDSX (0) disconnected from room
[2025-11-01 13:39:13 | Room 1] Room has been killed as no players are left
[2025-11-01 13:39:16 | Room 1] Player 0 joined room 1 and is now identified as STUDSX [4aae3b56]
[2025-11-01 13:39:22 | Room 1] Track #11 and 3 laps were selected
[2025-11-01 13:39:55 | Room 1] Player STUDSX (0) disconnected from room
[2025-11-01 13:39:55 | Room 1] Room has been killed as no players are left
[2025-11-01 13:40:35 | Room 1] Player 0 joined room 1 and is now identified as STUDSX [4aae3b56]
[2025-11-01 13:40:39 | Room 1] Track #11 and 3 laps were selected
[2025-11-01 13:41:08 | Room 1] Player STUDSX (0) disconnected from room
[2025-11-01 13:41:08 | Room 1] Room has been killed as no players are left
[2025-11-01 13:41:48 | Room 1] Player 0 joined room 1 and is now identified as STUDSX [4aae3b56]
[2025-11-01 13:43:20 | Room 1] Track #11 and 3 laps were selected
[2025-11-01 13:43:50 | Room 1] Player STUDSX (0) disconnected from room
[2025-11-01 13:43:50 | Room 1] Room has been killed as no players are left
[2025-11-01 13:43:56 | Room 1] Player 0 joined room 1 and is now identified as STUDSX [4aae3b56]
[2025-11-01 13:44:01 | Room 1] Track #11 and 3 laps were selected
All players finished
Restarting in 6 seconds
1 player race detected, finishing
[2025-11-01 13:46:09 | Room 1] Countdown to finish started, resetting room soon
[2025-11-01 13:46:14 | Room 1] Room has been reset
[2025-11-01 13:46:15 | Room 1] Player 0 joined room 1 and is now identified as STUDSX [4aae3b56]
[2025-11-01 13:46:30 | Room 1] Player STUDSX (0) disconnected from room
[2025-11-01 13:46:30 | Room 1] Room has been killed as no players are left
[2025-11-01 21:40:27 | Room 1] Player 0 joined room 1 and is now identified as STUDSX [4aae3b56]
[2025-11-01 21:40:38 | Room 1] Track #12 and 3 laps were selected
All players finished
Restarting in 6 seconds
1 player race detected, finishing
[2025-11-01 21:44:03 | Room 1] Countdown to finish started, resetting room soon
[2025-11-01 21:44:08 | Room 1] Room has been reset
[2025-11-01 21:44:09 | Room 1] Player 0 joined room 1 and is now identified as STUDSX [4aae3b56]
[2025-11-01 21:44:18 | Room 1] Track #13 and 3 laps were selected
All players finished
Restarting in 6 seconds
1 player race detected, finishing
[2025-11-01 21:46:51 | Room 1] Countdown to finish started, resetting room soon
[2025-11-01 21:46:56 | Room 1] Room has been reset
[2025-11-01 21:46:57 | Room 1] Player 0 joined room 1 and is now identified as STUDSX [4aae3b56]
[2025-11-01 21:47:12 | Room 1] Track #10 and 3 laps were selected
All players finished
Restarting in 6 seconds
1 player race detected, finishing
[2025-11-01 21:49:27 | Room 1] Countdown to finish started, resetting room soon
[2025-11-01 21:49:32 | Room 1] Room has been reset
[2025-11-01 21:49:33 | Room 1] Player 0 joined room 1 and is now identified as STUDSX [4aae3b56]
[2025-11-01 21:49:54 | Room 1] Track #14 and 3 laps were selected
All players finished
Restarting in 6 seconds
1 player race detected, finishing
[2025-11-01 21:51:13 | Room 1] Countdown to finish started, resetting room soon
[2025-11-01 21:51:18 | Room 1] Room has been reset
[2025-11-01 21:51:19 | Room 1] Player 0 joined room 1 and is now identified as STUDSX [4aae3b56]
[2025-11-01 21:51:30 | Room 1] Track #8 and 3 laps were selected
All players finished
Restarting in 6 seconds
1 player race detected, finishing
[2025-11-01 21:53:36 | Room 1] Countdown to finish started, resetting room soon
[2025-11-01 21:53:41 | Room 1] Room has been reset
[2025-11-01 21:53:42 | Room 1] Player 0 joined room 1 and is now identified as STUDSX [4aae3b56]
[2025-11-01 21:55:25 | Room 1] Track #2 and 3 laps were selected
All players finished
Restarting in 6 seconds
1 player race detected, finishing
[2025-11-01 21:56:44 | Room 1] Countdown to finish started, resetting room soon
[2025-11-01 21:56:49 | Room 1] Room has been reset
[2025-11-01 21:56:50 | Room 1] Player 0 joined room 1 and is now identified as STUDSX [4aae3b56]
[2025-11-01 21:57:19 | Room 1] Track #5 and 3 laps were selected
All players finished
Restarting in 6 seconds
1 player race detected, finishing
[2025-11-01 21:59:17 | Room 1] Countdown to finish started, resetting room soon
[2025-11-01 21:59:22 | Room 1] Room has been reset
[2025-11-01 21:59:23 | Room 1] Player 0 joined room 1 and is now identified as STUDSX [4aae3b56]
[2025-11-01 21:59:50 | Room 1] Track #6 and 3 laps were selected
All players finished
Restarting in 6 seconds
1 player race detected, finishing
[2025-11-01 22:01:09 | Room 1] Countdown to finish started, resetting room soon
[2025-11-01 22:01:14 | Room 1] Room has been reset
[2025-11-01 22:01:15 | Room 1] Player 0 joined room 1 and is now identified as STUDSX [4aae3b56]
[2025-11-01 22:04:36 | Room 1] Track #6 and 3 laps were selected
All players finished
Restarting in 6 seconds
1 player race detected, finishing
[2025-11-01 22:06:19 | Room 1] Countdown to finish started, resetting room soon
[2025-11-01 22:06:24 | Room 1] Room has been reset
[2025-11-01 22:06:25 | Room 1] Player 0 joined room 1 and is now identified as STUDSX [4aae3b56]
[2025-11-01 22:06:49 | Room 1] Track #11 and 3 laps were selected
All players finished
Restarting in 6 seconds
1 player race detected, finishing
[2025-11-01 22:09:06 | Room 1] Countdown to finish started, resetting room soon
[2025-11-01 22:09:11 | Room 1] Room has been reset
[2025-11-01 22:09:12 | Room 1] Player 0 joined room 1 and is now identified as STUDSX [4aae3b56]
[2025-11-01 22:11:56 | Room 1] Track #13 and 3 laps were selected
All players finished
Restarting in 6 seconds
1 player race detected, finishing
[2025-11-01 22:14:31 | Room 1] Countdown to finish started, resetting room soon
[2025-11-01 22:14:36 | Room 1] Room has been reset
[2025-11-01 22:14:40 | Room 1] Player STUDSX (0) disconnected from room
[2025-11-01 22:14:40 | Room 1] Room has been killed as no players are left
[2025-11-02 11:56:42 | Room 1] Player 0 joined room 1 and is now identified as STUDSX [4aae3b56]
[2025-11-02 11:56:48 | Room 1] Track #12 and 3 laps were selected
All players finished
Restarting in 6 seconds
1 player race detected, finishing
[2025-11-02 11:59:26 | Room 1] Countdown to finish started, resetting room soon
[2025-11-02 11:59:31 | Room 1] Room has been reset
[2025-11-02 11:59:32 | Room 1] Player 0 joined room 1 and is now identified as STUDSX [4aae3b56]
[2025-11-02 12:04:15 | Room 1] Track #10 and 3 laps were selected
All players finished
Restarting in 6 seconds
1 player race detected, finishing
[2025-11-02 12:06:45 | Room 1] Countdown to finish started, resetting room soon
[2025-11-02 12:06:50 | Room 1] Room has been reset
[2025-11-02 12:06:51 | Room 1] Player 0 joined room 1 and is now identified as STUDSX [4aae3b56]
[2025-11-02 12:09:38 | Room 1] Track #13 and 3 laps were selected
All players finished
Restarting in 6 seconds
1 player race detected, finishing
[2025-11-02 12:12:06 | Room 1] Countdown to finish started, resetting room soon
[2025-11-02 12:12:11 | Room 1] Room has been reset
[2025-11-02 12:12:12 | Room 1] Player 0 joined room 1 and is now identified as STUDSX [4aae3b56]
[2025-11-02 12:13:47 | Room 1] Track #7 and 3 laps were selected
All players finished
Restarting in 6 seconds
1 player race detected, finishing
[2025-11-02 12:16:30 | Room 1] Countdown to finish started, resetting room soon
[2025-11-02 12:16:35 | Room 1] Room has been reset
[2025-11-02 12:16:36 | Room 1] Player 0 joined room 1 and is now identified as STUDSX [4aae3b56]
[2025-11-02 13:45:56 | Room 1] Player 1 joined room 1 and is now identified as Mrlingan [5920225c]
[2025-11-02 13:46:21 | Room 1] Player Mrlingan (1) disconnected from room
[2025-11-02 13:58:02 | Room 1] Player 1 joined room 1 and is now identified as Mrlingan [5920225c]
[2025-11-02 13:58:28 | Room 1] Player Mrlingan (1) disconnected from room
[2025-11-02 13:58:30 | Room 2] Player 0 joined room 2 and is now identified as Mrlingan [5920225c]
[2025-11-02 13:58:34 | Room 2] Track #6 and 3 laps were selected
All players finished
Restarting in 6 seconds
1 player race detected, finishing
[2025-11-02 14:00:00 | Room 2] Countdown to finish started, resetting room soon
[2025-11-02 14:00:05 | Room 2] Room has been reset
[2025-11-02 14:00:06 | Room 2] Player 0 joined room 2 and is now identified as Mrlingan [5920225c]
[2025-11-02 14:00:11 | Room 2] Track #13 and 3 laps were selected
[2025-11-02 14:01:50 | Room 2] Player Mrlingan (0) disconnected from room
[2025-11-02 14:01:50 | Room 2] Room has been killed as no players are left
[2025-11-02 14:02:01 | Room 1] Player 1 joined room 1 and is now identified as Mrlingan [5920225c]
[2025-11-02 14:02:02 | Room 1] Player Mrlingan (1) disconnected from room
[2025-11-02 14:02:10 | Room 2] Player 0 joined room 2 and is now identified as Mrlingan [5920225c]
[2025-11-02 14:02:17 | Room 2] Track #0 and 3 laps were selected
[2025-11-02 14:02:29 | Room 2] Player Mrlingan (0) disconnected from room
[2025-11-02 14:02:29 | Room 2] Room has been killed as no players are left
[2025-11-02 14:20:39 | Room 1] Player 1 joined room 1 and is now identified as Lactoba [029ae82e]
[2025-11-02 14:20:57 | Room 1] Track #14 and 3 laps were selected
Required players finished!
Race ends in 30 seconds
[2025-11-02 14:33:42 | Room 1] Countdown to finish started, resetting room soon
All players finished
Restarting in 3 seconds
[2025-11-02 14:33:45 | Room 1] Room has been reset
[2025-11-02 14:33:46 | Room 1] Player 1 joined room 1 and is now identified as Lactoba [029ae82e]
[2025-11-02 14:33:46 | Room 1] Player 0 joined room 1 and is now identified as STUDSX [4aae3b56]
[2025-11-02 14:33:52 | Room 1] Track #3 and 3 laps were selected
Required players finished!
Race ends in 30 seconds
[2025-11-02 14:36:23 | Room 1] Countdown to finish started, resetting room soon
[2025-11-02 14:36:52 | Room 1] Room has been reset
[2025-11-02 14:36:53 | Room 1] Player 1 joined room 1 and is now identified as Lactoba [029ae82e]
[2025-11-02 14:36:53 | Room 1] Player 0 joined room 1 and is now identified as STUDSX [4aae3b56]
[2025-11-02 14:37:07 | Room 1] Track #2 and 3 laps were selected
Required players finished!
Race ends in 30 seconds
[2025-11-02 14:39:43 | Room 1] Countdown to finish started, resetting room soon
All players finished
Restarting in 3 seconds
[2025-11-02 14:40:09 | Room 1] Room has been reset
[2025-11-02 14:40:10 | Room 1] Player 0 joined room 1 and is now identified as STUDSX [4aae3b56]
[2025-11-02 14:40:10 | Room 1] Player 1 joined room 1 and is now identified as Lactoba [029ae82e]
[2025-11-02 14:40:26 | Room 1] Track #11 and 3 laps were selected
Required players finished!
Race ends in 30 seconds
[2025-11-02 14:45:41 | Room 1] Countdown to finish started, resetting room soon
[2025-11-02 14:46:10 | Room 1] Room has been reset
[2025-11-02 14:46:11 | Room 1] Player 0 joined room 1 and is now identified as STUDSX [4aae3b56]
[2025-11-02 14:46:11 | Room 1] Player 1 joined room 1 and is now identified as Lactoba [029ae82e]
[2025-11-02 14:46:19 | Room 1] Track #7 and 3 laps were selected
[2025-11-02 14:47:38 | Room 1] Player Lactoba (1) disconnected from room
[2025-11-02 14:47:41 | Room 1] Player STUDSX (0) disconnected from room
[2025-11-02 14:47:41 | Room 1] Room has been killed as no players are left
[2025-11-02 14:52:45 | Room 1] Player 0 joined room 1 and is now identified as STUDSX [4aae3b56]
[2025-11-02 14:52:50 | Room 1] Track #12 and 3 laps were selected
All players finished
Restarting in 6 seconds
1 player race detected, finishing
[2025-11-02 14:55:14 | Room 1] Countdown to finish started, resetting room soon
[2025-11-02 14:55:19 | Room 1] Room has been reset
[2025-11-02 14:55:20 | Room 1] Player 0 joined room 1 and is now identified as STUDSX [4aae3b56]
[2025-11-02 14:55:28 | Room 1] Track #5 and 3 laps were selected
All players finished
Restarting in 6 seconds
1 player race detected, finishing
[2025-11-02 14:57:19 | Room 1] Countdown to finish started, resetting room soon
[2025-11-02 14:57:24 | Room 1] Room has been reset
[2025-11-02 14:57:25 | Room 1] Player 0 joined room 1 and is now identified as STUDSX [4aae3b56]
[2025-11-02 14:57:41 | Room 1] Track #10 and 3 laps were selected
All players finished
Restarting in 6 seconds
1 player race detected, finishing
[2025-11-02 15:00:11 | Room 1] Countdown to finish started, resetting room soon
[2025-11-02 15:00:16 | Room 1] Room has been reset
[2025-11-02 15:00:17 | Room 1] Player 0 joined room 1 and is now identified as STUDSX [4aae3b56]
[2025-11-02 15:01:24 | Room 1] Player STUDSX (0) disconnected from room
[2025-11-02 15:01:24 | Room 1] Room has been killed as no players are left
[2025-11-02 18:28:06 | Room 1] Player 0 joined room 1 and is now identified as shim [e1fdb6d5]
[2025-11-02 18:28:19 | Room 1] Player shim (0) disconnected from room
[2025-11-02 18:28:19 | Room 1] Room has been killed as no players are left
[2025-11-02 18:28:21 | Room 1] Player 0 joined room 1 and is now identified as shim [e1fdb6d5]
[2025-11-02 18:28:42 | Room 1] Track #8 and 3 laps were selected
[2025-11-02 18:29:06 | Room 1] Player shim (0) disconnected from room
[2025-11-02 18:29:06 | Room 1] Room has been killed as no players are left
[2025-11-03 02:14:34 | Room 1] Player 0 joined room 1 and is now identified as Lux [2eaac349]
[2025-11-03 02:14:52 | Room 1] Player Lux (0) disconnected from room
[2025-11-03 02:14:52 | Room 1] Room has been killed as no players are left
[2025-11-03 02:14:53 | Room 1] Player 0 joined room 1 and is now identified as Lux [2eaac349]
[2025-11-03 02:14:59 | Room 1] Track #5 and 3 laps were selected
All players finished
Restarting in 6 seconds
1 player race detected, finishing
[2025-11-03 02:17:59 | Room 1] Countdown to finish started, resetting room soon
[2025-11-03 02:18:04 | Room 1] Room has been reset
[2025-11-03 02:18:05 | Room 1] Player 0 joined room 1 and is now identified as Lux [2eaac349]
[2025-11-03 02:18:17 | Room 1] Track #7 and 3 laps were selected
All players finished
Restarting in 6 seconds
1 player race detected, finishing
[2025-11-03 02:21:47 | Room 1] Countdown to finish started, resetting room soon
[2025-11-03 02:21:52 | Room 1] Room has been reset
[2025-11-03 02:21:53 | Room 1] Player 0 joined room 1 and is now identified as Lux [2eaac349]
[2025-11-03 02:22:04 | Room 1] Player Lux (0) disconnected from room
[2025-11-03 02:22:04 | Room 1] Room has been killed as no players are left
[2025-11-03 02:22:10 | Room 1] Player 0 joined room 1 and is now identified as Lux [2eaac349]
[2025-11-03 02:22:21 | Room 1] Track #1 and 3 laps were selected
All players finished
Restarting in 6 seconds
1 player race detected, finishing
[2025-11-03 02:24:12 | Room 1] Countdown to finish started, resetting room soon
[2025-11-03 02:24:17 | Room 1] Room has been reset
[2025-11-03 02:24:18 | Room 1] Player 0 joined room 1 and is now identified as Lux [2eaac349]
[2025-11-03 02:24:45 | Room 1] Track #8 and 3 laps were selected
All players finished
Restarting in 6 seconds
1 player race detected, finishing
[2025-11-03 02:27:23 | Room 1] Countdown to finish started, resetting room soon
[2025-11-03 02:27:28 | Room 1] Room has been reset
[2025-11-03 02:27:29 | Room 1] Player 0 joined room 1 and is now identified as Lux [2eaac349]
[2025-11-03 02:27:43 | Room 1] Player Lux (0) disconnected from room
[2025-11-03 02:27:43 | Room 1] Room has been killed as no players are left
[2025-11-03 02:40:52 | Room 1] Player 0 joined room 1 and is now identified as Lux [2eaac349]
[2025-11-03 02:41:02 | Room 1] Player 1 joined room 1 and is now identified as Large [0a7e9d4c]
[2025-11-03 02:41:32 | Room 1] Player 2 joined room 1 and is now identified as glurm [a6130164]
[2025-11-03 02:43:29 | Room 1] Track #3 and 3 laps were selected
ban orb/clock 1
ban orb/clock 0
Required players finished!
Race ends in 30 seconds
[2025-11-03 02:46:38 | Room 1] Countdown to finish started, resetting room soon
All players finished
Restarting in 3 seconds
[2025-11-03 02:46:49 | Room 1] Room has been reset
[2025-11-03 02:46:50 | Room 1] Player 2 joined room 1 and is now identified as glurm [a6130164]
[2025-11-03 02:46:50 | Room 1] Player 0 joined room 1 and is now identified as Lux [2eaac349]
[2025-11-03 02:46:50 | Room 1] Player 1 joined room 1 and is now identified as Large [0a7e9d4c]
[2025-11-03 02:48:23 | Room 1] Track #8 and 5 laps were selected
ban orb/clock 1
ban orb/clock 0
Required players finished!
Race ends in 30 seconds
[2025-11-03 02:53:16 | Room 1] Countdown to finish started, resetting room soon
All players finished
Restarting in 3 seconds
[2025-11-03 02:53:19 | Room 1] Room has been reset
[2025-11-03 02:53:20 | Room 1] Player 1 joined room 1 and is now identified as Large [0a7e9d4c]
[2025-11-03 02:53:20 | Room 1] Player 2 joined room 1 and is now identified as glurm [a6130164]
[2025-11-03 02:53:20 | Room 1] Player 0 joined room 1 and is now identified as Lux [2eaac349]
[2025-11-03 02:53:57 | Room 1] Track #9 and 3 laps were selected
ban orb/clock 1
ban orb/clock 0
Required players finished!
Race ends in 30 seconds
[2025-11-03 02:57:58 | Room 1] Countdown to finish started, resetting room soon
[2025-11-03 02:58:27 | Room 1] Room has been reset
[2025-11-03 02:58:28 | Room 1] Player 1 joined room 1 and is now identified as Large [0a7e9d4c]
[2025-11-03 02:58:28 | Room 1] Player 2 joined room 1 and is now identified as glurm [a6130164]
[2025-11-03 02:58:28 | Room 1] Player 0 joined room 1 and is now identified as Lux [2eaac349]
[2025-11-03 02:58:52 | Room 1] Player glurm (2) disconnected from room
[2025-11-03 03:00:03 | Room 1] Player 2 joined room 1 and is now identified as glurm [a6130164]
[2025-11-03 03:01:07 | Room 1] Track #7 and 3 laps were selected
ban orb/clock 1
ban orb/clock 0
ban orb/clock 1
Required players finished!
Race ends in 30 seconds
[2025-11-03 03:05:28 | Room 1] Countdown to finish started, resetting room soon
[2025-11-03 03:05:57 | Room 1] Room has been reset
[2025-11-03 03:05:58 | Room 1] Player 1 joined room 1 and is now identified as Large [0a7e9d4c]
[2025-11-03 03:05:58 | Room 1] Player 0 joined room 1 and is now identified as Lux [2eaac349]
[2025-11-03 03:05:58 | Room 1] Player 2 joined room 1 and is now identified as glurm [a6130164]
[2025-11-03 03:06:33 | Room 1] Track #16 and 3 laps were selected
Required players finished!
Race ends in 30 seconds
[2025-11-03 03:10:21 | Room 1] Countdown to finish started, resetting room soon
All players finished
Restarting in 3 seconds
[2025-11-03 03:10:27 | Room 1] Room has been reset
[2025-11-03 03:10:28 | Room 1] Player 1 joined room 1 and is now identified as Large [0a7e9d4c]
[2025-11-03 03:10:28 | Room 1] Player 0 joined room 1 and is now identified as Lux [2eaac349]
[2025-11-03 03:10:28 | Room 1] Player 2 joined room 1 and is now identified as glurm [a6130164]
[2025-11-03 03:11:21 | Room 1] Player Lux (0) disconnected from room
[2025-11-03 03:11:25 | Room 1] Player glurm (2) disconnected from room
[2025-11-03 03:11:34 | Room 1] Player 0 joined room 1 and is now identified as glurm [a6130164]
[2025-11-03 03:11:36 | Room 1] Player Large (1) disconnected from room
[2025-11-03 03:11:37 | Room 1] Player glurm (0) disconnected from room
[2025-11-03 03:11:37 | Room 1] Room has been killed as no players are left
[2025-11-03 03:11:39 | Room 1] Player 0 joined room 1 and is now identified as Lux [2eaac349]
[2025-11-03 03:11:43 | Room 1] Player 1 joined room 1 and is now identified as Large [0a7e9d4c]
[2025-11-03 03:11:54 | Room 1] Player 2 joined room 1 and is now identified as glurm [a6130164]
[2025-11-03 03:12:19 | Room 1] Track #13 and 3 laps were selected
ban orb/clock 1
ban orb/clock 0
Required players finished!
Race ends in 30 seconds
[2025-11-03 03:16:54 | Room 1] Countdown to finish started, resetting room soon
[2025-11-03 03:17:23 | Room 1] Room has been reset
[2025-11-03 03:17:24 | Room 1] Player 0 joined room 1 and is now identified as Lux [2eaac349]
[2025-11-03 03:17:24 | Room 1] Player 2 joined room 1 and is now identified as glurm [a6130164]
[2025-11-03 03:17:24 | Room 1] Player 1 joined room 1 and is now identified as Large [0a7e9d4c]
[2025-11-03 03:17:25 | Room 1] Player Lux (0) disconnected from room
[2025-11-03 03:17:44 | Room 1] Player glurm (2) disconnected from room
[2025-11-03 03:17:45 | Room 1] Player Large (1) disconnected from room
[2025-11-03 03:17:45 | Room 1] Room has been killed as no players are left
[2025-11-03 20:27:34 | Room 1] Player 0 joined room 1 and is now identified as Arroz [43ccedbe]
[2025-11-03 20:27:41 | Room 1] Player Arroz (0) disconnected from room
[2025-11-03 20:27:41 | Room 1] Room has been killed as no players are left
[2025-11-03 20:27:44 | Room 1] Player 0 joined room 1 and is now identified as Arroz [43ccedbe]
[2025-11-03 20:27:59 | Room 1] Track #9 and 15 laps were selected
[2025-11-03 20:37:32 | Room 1] Player Arroz (0) disconnected from room
[2025-11-03 20:37:32 | Room 1] Room has been killed as no players are left
[2025-11-03 20:37:47 | Room 1] Player 0 joined room 1 and is now identified as Arroz [43ccedbe]
[2025-11-03 20:38:01 | Room 1] Track #9 and 31 laps were selected
[2025-11-03 20:38:03 | Room 1] Player Arroz (0) disconnected from room
[2025-11-03 20:38:03 | Room 1] Room has been killed as no players are left
[2025-11-03 20:38:05 | Room 1] Player 0 joined room 1 and is now identified as Arroz [43ccedbe]
[2025-11-03 20:38:18 | Room 1] Player Arroz (0) disconnected from room
[2025-11-03 20:38:18 | Room 1] Room has been killed as no players are left
[2025-11-03 20:38:21 | Room 1] Player 0 joined room 1 and is now identified as Arroz [43ccedbe]
[2025-11-03 20:38:42 | Room 1] Track #9 and 31 laps were selected
[2025-11-03 21:39:41 | Room 1] Player Arroz (0) disconnected from room
[2025-11-03 21:39:41 | Room 1] Room has been killed as no players are left
[2025-11-04 10:00:52 | Room 1] Player 0 joined room 1 and is now identified as Mike [0ed2ef7d]
[2025-11-04 10:01:11 | Room 1] Player Mike (0) disconnected from room
[2025-11-04 10:01:11 | Room 1] Room has been killed as no players are left
[2025-11-04 13:44:20 | Room 1] Player 0 joined room 1 and is now identified as Pepsimntr [b9810ab6]
[2025-11-04 13:44:31 | Room 1] Track #1 and 3 laps were selected
[2025-11-04 13:44:41 | Room 1] Player Pepsimntr (0) disconnected from room
[2025-11-04 13:44:41 | Room 1] Room has been killed as no players are left
[2025-11-04 13:44:43 | Room 1] Player 0 joined room 1 and is now identified as Pepsimntr [b9810ab6]
[2025-11-04 13:44:49 | Room 1] Player Pepsimntr (0) disconnected from room
[2025-11-04 13:44:49 | Room 1] Room has been killed as no players are left
[2025-11-05 04:39:34 | Room 6] Player 0 joined room 6 and is now identified as BeanBeanBoi [6a7a3bac]
[2025-11-05 04:39:46 | Room 6] Track #0 and 3 laps were selected
All players finished
Restarting in 6 seconds
1 player race detected, finishing
[2025-11-05 04:42:19 | Room 6] Countdown to finish started, resetting room soon
[2025-11-05 04:42:24 | Room 6] Room has been reset
[2025-11-05 04:42:25 | Room 6] Player 0 joined room 6 and is now identified as BeanBeanBoi [6a7a3bac]
[2025-11-05 04:42:38 | Room 6] Track #15 and 3 laps were selected
[2025-11-05 04:43:11 | Room 6] Player BeanBeanBoi
 (0) disconnected from room
[2025-11-05 04:43:11 | Room 6] Room has been killed as no players are left
[2025-11-05 04:43:41 | Room 1] Player 0 joined room 1 and is now identified as BeanBeanBoi [6a7a3bac]
[2025-11-05 04:43:58 | Room 1] Track #15 and 3 laps were selected
[2025-11-05 04:45:40 | Room 1] Player BeanBeanBoi
 (0) disconnected from room
[2025-11-05 04:45:40 | Room 1] Room has been killed as no players are left
[2025-11-05 04:57:22 | Room 2] Player 0 joined room 2 and is now identified as BeanBeanBoi [6a7a3bac]
[2025-11-05 04:57:24 | Room 2] Player BeanBeanBoi (0) disconnected from room
[2025-11-05 04:57:24 | Room 2] Room has been killed as no players are left
[2025-11-05 05:03:01 | Room 1] Player 0 joined room 1 and is now identified as BeanBeanBoi [6a7a3bac]
[2025-11-05 05:03:48 | Room 1] Track #15 and 3 laps were selected
[2025-11-05 05:04:26 | Room 1] Player BeanBeanBoi
 (0) disconnected from room
[2025-11-05 05:04:26 | Room 1] Room has been killed as no players are left
[2025-11-05 05:04:46 | Room 1] Player 0 joined room 1 and is now identified as BeanBeanBoi [6a7a3bac]
[2025-11-05 05:04:49 | Room 1] Player BeanBeanBoi (0) disconnected from room
[2025-11-05 05:04:49 | Room 1] Room has been killed as no players are left
[2025-11-05 05:04:53 | Room 1] Player 0 joined room 1 and is now identified as BeanBeanBoi [6a7a3bac]
[2025-11-05 05:05:04 | Room 1] Track #7 and 3 laps were selected
[2025-11-05 05:05:31 | Room 1] Player BeanBeanBoi
 (0) disconnected from room
[2025-11-05 05:05:31 | Room 1] Room has been killed as no players are left
[2025-11-05 05:05:48 | Room 1] Player 0 joined room 1 and is now identified as BeanBeanBoi [6a7a3bac]
[2025-11-05 05:06:14 | Room 1] Track #12 and 3 laps were selected
[2025-11-05 05:06:31 | Room 1] Player BeanBeanBoi
 (0) disconnected from room
[2025-11-05 05:06:31 | Room 1] Room has been killed as no players are left
[2025-11-05 12:17:41 | Room 1] Player 0 joined room 1 and is now identified as Gasmoxian [abc775bc]
[2025-11-05 12:17:50 | Room 1] Track #11 and 11 laps were selected
[2025-11-05 12:20:45 | Room 1] Player Gasmoxian (0) disconnected from room
[2025-11-05 12:20:45 | Room 1] Room has been killed as no players are left
[2025-11-05 15:53:37 | Room 1] Player 0 joined room 1 and is now identified as ReVMayers [dee71157]
[2025-11-05 15:53:42 | Room 1] Player ReVMayers (0) disconnected from room
[2025-11-05 15:53:42 | Room 1] Room has been killed as no players are left
[2025-11-05 19:17:52 | Room 1] Player 0 joined room 1 and is now identified as Gasmoxian [229767c9]
[2025-11-05 19:17:57 | Room 1] Track #0 and 1 laps were selected
[2025-11-05 19:18:12 | Room 1] Player Gasmoxian (0) disconnected from room
[2025-11-05 19:18:12 | Room 1] Room has been killed as no players are left
[2025-11-06 00:19:22 | Room 1] Player 0 joined room 1 and is now identified as grafitez [f38770b1]
[2025-11-06 00:19:25 | Room 1] Track #0 and 1 laps were selected
[2025-11-06 00:19:37 | Room 1] Player grafitez (0) disconnected from room
[2025-11-06 00:19:37 | Room 1] Room has been killed as no players are left
[2025-11-06 01:01:09 | Room 10] Player 0 joined room 10 and is now identified as Gasmoxian [9b0606b3]
[2025-11-06 01:01:23 | Room 10] Player Gasmoxian (0) disconnected from room
[2025-11-06 01:01:23 | Room 10] Room has been killed as no players are left
[2025-11-06 03:29:57 | Room 1] Player 0 joined room 1 and is now identified as ckzg [c1298fb1]
[2025-11-06 03:30:06 | Room 1] Track #0 and 9 laps were selected
[2025-11-06 03:32:13 | Room 1] Player ckzg (0) disconnected from room
[2025-11-06 03:32:13 | Room 1] Room has been killed as no players are left
[2025-11-06 03:35:30 | Room 1] Player 0 joined room 1 and is now identified as ckzg [c1298fb1]
[2025-11-06 03:35:38 | Room 1] Track #12 and 9 laps were selected
[2025-11-06 03:38:32 | Room 1] Player ckzg (0) disconnected from room
[2025-11-06 03:38:32 | Room 1] Room has been killed as no players are left
[2025-11-06 03:43:06 | Room 1] Player 0 joined room 1 and is now identified as ckzg [c1298fb1]
[2025-11-06 03:43:15 | Room 1] Track #0 and 3 laps were selected
[2025-11-06 03:44:03 | Room 1] Player ckzg (0) disconnected from room
[2025-11-06 03:44:03 | Room 1] Room has been killed as no players are left
[2025-11-06 04:10:18 | Room 9] Player 0 joined room 9 and is now identified as Sonic&YTP [9a389d49]
[2025-11-06 04:10:52 | Room 9] Track #6 and 15 laps were selected
[2025-11-06 04:12:49 | Room 9] Player Sonic&YTP (0) disconnected from room
[2025-11-06 04:12:49 | Room 9] Room has been killed as no players are left
[2025-11-06 04:14:10 | Room 1] Player 0 joined room 1 and is now identified as Sonic&YTP [9a389d49]
[2025-11-06 04:14:28 | Room 1] Track #6 and 15 laps were selected
[2025-11-06 04:17:01 | Room 1] Player Sonic&YTP (0) disconnected from room
[2025-11-06 04:17:01 | Room 1] Room has been killed as no players are left
[2025-11-06 17:26:10 | Room 16] Player 0 joined room 16 and is now identified as Sunde [7bacc153]
[2025-11-06 17:26:19 | Room 16] Track #12 and 3 laps were selected
All players finished
Restarting in 6 seconds
1 player race detected, finishing
[2025-11-06 17:29:36 | Room 16] Countdown to finish started, resetting room soon
[2025-11-06 17:29:41 | Room 16] Room has been reset
[2025-11-06 17:29:42 | Room 16] Player 0 joined room 16 and is now identified as Sunde [7bacc153]
[2025-11-06 17:30:08 | Room 16] Track #10 and 3 laps were selected
[2025-11-06 17:31:44 | Room 16] Player Sunde (0) disconnected from room
[2025-11-06 17:31:44 | Room 16] Room has been killed as no players are left
[2025-11-06 17:42:13 | Room 1] Player 0 joined room 1 and is now identified as Kisara [64a41c68]
[2025-11-06 17:42:16 | Room 1] Track #0 and 1 laps were selected
[2025-11-06 17:42:34 | Room 1] Player Kisara (0) disconnected from room
[2025-11-06 17:42:34 | Room 1] Room has been killed as no players are left
[2025-11-06 20:54:04 | Room 3] Player 0 joined room 3 and is now identified as StorieVere [cfb05e05]
[2025-11-06 20:54:19 | Room 3] Track #11 and 3 laps were selected
[2025-11-06 20:54:46 | Room 1] Player 0 joined room 1 and is now identified as uhj [c1298fb1]
[2025-11-06 20:54:51 | Room 1] Track #3 and 3 laps were selected
All players finished
Restarting in 6 seconds
1 player race detected, finishing
[2025-11-06 20:56:29 | Room 1] Countdown to finish started, resetting room soon
[2025-11-06 20:56:31 | Room 1] Player uhj (0) disconnected from room
[2025-11-06 20:56:31 | Room 1] Room has been killed as no players are left
All players finished
Restarting in 6 seconds
1 player race detected, finishing
[2025-11-06 20:57:24 | Room 3] Countdown to finish started, resetting room soon
[2025-11-06 20:57:29 | Room 3] Room has been reset
[2025-11-06 20:57:30 | Room 3] Player 0 joined room 3 and is now identified as StorieVere [cfb05e05]
[2025-11-06 20:57:42 | Room 3] Player StorieVere (0) disconnected from room
[2025-11-06 20:57:42 | Room 3] Room has been killed as no players are left
[2025-11-06 23:41:21 | Room 1] Player 0 joined room 1 and is now identified as elHongo14 [ac74e9bd]
[2025-11-06 23:41:25 | Room 1] Track #1 and 3 laps were selected
[2025-11-06 23:41:49 | Room 1] Player elHongo14 (0) disconnected from room
[2025-11-06 23:41:49 | Room 1] Room has been killed as no players are left
[2025-11-06 23:51:05 | Room 1] Player 0 joined room 1 and is now identified as Vaill [c69a1c68]
[2025-11-06 23:51:32 | Room 1] Track #10 and 3 laps were selected
[2025-11-06 23:52:35 | Room 1] Player Vaill (0) disconnected from room
[2025-11-06 23:52:35 | Room 1] Room has been killed as no players are left
[2025-11-07 12:56:10 | Room 1] Player 0 joined room 1 and is now identified as ziopeppe [f7502c5d]
[2025-11-07 12:56:28 | Room 1] Track #1 and 1 laps were selected
[2025-11-07 12:56:36 | Room 1] Player ziopeppe (0) disconnected from room
[2025-11-07 12:56:36 | Room 1] Room has been killed as no players are left
[2025-11-07 12:58:28 | Room 1] Player 0 joined room 1 and is now identified as ziopeppe [f7502c5d]
[2025-11-07 12:58:37 | Room 1] Player ziopeppe (0) disconnected from room
[2025-11-07 12:58:37 | Room 1] Room has been killed as no players are left
[2025-11-07 12:58:51 | Room 1] Player 0 joined room 1 and is now identified as ziopeppe [f7502c5d]
[2025-11-07 12:59:02 | Room 1] Player ziopeppe (0) disconnected from room
[2025-11-07 12:59:02 | Room 1] Room has been killed as no players are left
[2025-11-07 12:59:05 | Room 1] Player 0 joined room 1 and is now identified as ziopeppe [f7502c5d]
[2025-11-07 12:59:29 | Room 1] Track #12 and 3 laps were selected
[2025-11-07 13:01:55 | Room 1] Player ziopeppe (0) disconnected from room
[2025-11-07 13:01:55 | Room 1] Room has been killed as no players are left
[2025-11-07 13:07:01 | Room 1] Player 0 joined room 1 and is now identified as ziopeppe [f7502c5d]
[2025-11-07 13:07:11 | Room 1] Player ziopeppe (0) disconnected from room
[2025-11-07 13:07:11 | Room 1] Room has been killed as no players are left
[2025-11-07 16:17:24 | Room 1] Player 0 joined room 1 and is now identified as Gasmoxian [1306b69a]
[2025-11-07 16:17:33 | Room 1] Player 1 joined room 1 and is now identified as STUDSX [e7ae3b56]
[2025-11-07 16:18:32 | Room 1] Player STUDSX (1) disconnected from room
[2025-11-07 16:18:49 | Room 2] Player 0 joined room 2 and is now identified as STUDSX [e7ae3b56]
[2025-11-07 16:18:57 | Room 2] Track #12 and 3 laps were selected
[2025-11-07 16:19:00 | Room 1] Player 1 joined room 1 and is now identified as AgK@G [7124add5]
[2025-11-07 16:19:03 | Room 1] Player AgK@G (1) disconnected from room
All players finished
Restarting in 6 seconds
1 player race detected, finishing
[2025-11-07 16:21:56 | Room 2] Countdown to finish started, resetting room soon
[2025-11-07 16:22:01 | Room 2] Room has been reset
[2025-11-07 16:22:02 | Room 2] Player 0 joined room 2 and is now identified as STUDSX [e7ae3b56]
[2025-11-07 16:22:06 | Room 2] Player 1 joined room 2 and is now identified as AgK@G [7124add5]
[2025-11-07 16:22:09 | Room 2] Track #13 and 3 laps were selected
Required players finished!
Race ends in 30 seconds
[2025-11-07 16:24:48 | Room 2] Countdown to finish started, resetting room soon
All players finished
Restarting in 3 seconds
[2025-11-07 16:24:51 | Room 2] Room has been reset
[2025-11-07 16:24:52 | Room 2] Player 0 joined room 2 and is now identified as STUDSX [e7ae3b56]
[2025-11-07 16:24:52 | Room 2] Player 1 joined room 2 and is now identified as AgK@G [7124add5]
[2025-11-07 16:25:44 | Room 2] Track #11 and 3 laps were selected
Required players finished!
Race ends in 30 seconds
[2025-11-07 16:27:59 | Room 2] Countdown to finish started, resetting room soon
All players finished
Restarting in 3 seconds
[2025-11-07 16:28:07 | Room 2] Room has been reset
[2025-11-07 16:28:08 | Room 2] Player 0 joined room 2 and is now identified as STUDSX [e7ae3b56]
[2025-11-07 16:28:08 | Room 2] Player 1 joined room 2 and is now identified as AgK@G [7124add5]
[2025-11-07 16:28:18 | Room 2] Track #10 and 3 laps were selected
ban orb/clock 1
ban orb/clock 0
Required players finished!
Race ends in 30 seconds
[2025-11-07 16:30:35 | Room 2] Countdown to finish started, resetting room soon
All players finished
Restarting in 3 seconds
[2025-11-07 16:30:41 | Room 2] Room has been reset
[2025-11-07 16:30:42 | Room 2] Player 0 joined room 2 and is now identified as STUDSX [e7ae3b56]
[2025-11-07 16:30:42 | Room 2] Player 1 joined room 2 and is now identified as AgK@G [7124add5]
[2025-11-07 16:31:03 | Room 2] Track #7 and 3 laps were selected
Required players finished!
Race ends in 30 seconds
[2025-11-07 16:33:04 | Room 2] Countdown to finish started, resetting room soon
[2025-11-07 16:33:33 | Room 2] Room has been reset
[2025-11-07 16:33:34 | Room 2] Player 0 joined room 2 and is now identified as STUDSX [e7ae3b56]
[2025-11-07 16:33:34 | Room 2] Player 1 joined room 2 and is now identified as AgK@G [7124add5]
[2025-11-07 16:33:46 | Room 2] Track #5 and 3 laps were selected
Required players finished!
Race ends in 30 seconds
[2025-11-07 16:35:18 | Room 2] Countdown to finish started, resetting room soon
[2025-11-07 16:35:38 | Room 1] Player 1 joined room 1 and is now identified as *BulXtr0K* [5ad6d5c9]
All players finished
Restarting in 3 seconds
[2025-11-07 16:35:42 | Room 2] Room has been reset
[2025-11-07 16:35:43 | Room 2] Player 1 joined room 2 and is now identified as AgK@G [7124add5]
[2025-11-07 16:35:43 | Room 2] Player 0 joined room 2 and is now identified as STUDSX [e7ae3b56]
[2025-11-07 16:36:10 | Room 2] Track #14 and 3 laps were selected
ban orb/clock 1
[2025-11-07 16:36:48 | Room 1] Player *BulXtr0K* (1) disconnected from room
Required players finished!
Race ends in 30 seconds
[2025-11-07 16:37:24 | Room 2] Countdown to finish started, resetting room soon
All players finished
Restarting in 3 seconds
[2025-11-07 16:37:27 | Room 2] Room has been reset
[2025-11-07 16:37:28 | Room 2] Player 1 joined room 2 and is now identified as AgK@G [7124add5]
[2025-11-07 16:37:28 | Room 2] Player 0 joined room 2 and is now identified as STUDSX [e7ae3b56]
[2025-11-07 16:37:39 | Room 2] Track #8 and 3 laps were selected
Required players finished!
Race ends in 30 seconds
[2025-11-07 16:39:22 | Room 2] Countdown to finish started, resetting room soon
All players finished
Restarting in 3 seconds
[2025-11-07 16:39:32 | Room 2] Room has been reset
[2025-11-07 16:39:33 | Room 2] Player 1 joined room 2 and is now identified as AgK@G [7124add5]
[2025-11-07 16:39:33 | Room 2] Player 0 joined room 2 and is now identified as STUDSX [e7ae3b56]
[2025-11-07 16:39:46 | Room 2] Track #2 and 3 laps were selected
Required players finished!
Race ends in 30 seconds
[2025-11-07 16:41:17 | Room 2] Countdown to finish started, resetting room soon
All players finished
Restarting in 3 seconds
[2025-11-07 16:41:28 | Room 2] Room has been reset
[2025-11-07 16:41:29 | Room 2] Player 0 joined room 2 and is now identified as STUDSX [e7ae3b56]
[2025-11-07 16:41:29 | Room 2] Player 1 joined room 2 and is now identified as AgK@G [7124add5]
[2025-11-07 16:41:37 | Room 2] Track #10 and 3 laps were selected
Required players finished!
Race ends in 30 seconds
[2025-11-07 16:43:54 | Room 2] Countdown to finish started, resetting room soon
All players finished
Restarting in 3 seconds
[2025-11-07 16:44:15 | Room 2] Room has been reset
[2025-11-07 16:44:16 | Room 2] Player 0 joined room 2 and is now identified as STUDSX [e7ae3b56]
[2025-11-07 16:44:16 | Room 2] Player 1 joined room 2 and is now identified as AgK@G [7124add5]
[2025-11-07 16:44:32 | Room 2] Track #12 and 3 laps were selected
Required players finished!
Race ends in 30 seconds
[2025-11-07 16:46:39 | Room 2] Countdown to finish started, resetting room soon
[2025-11-07 16:47:08 | Room 2] Room has been reset
[2025-11-07 16:47:09 | Room 2] Player 1 joined room 2 and is now identified as AgK@G [7124add5]
[2025-11-07 16:47:09 | Room 2] Player 0 joined room 2 and is now identified as STUDSX [e7ae3b56]
[2025-11-07 16:47:25 | Room 2] Player STUDSX (0) disconnected from room
[2025-11-07 16:47:31 | Room 2] Player AgK@G (1) disconnected from room
[2025-11-07 16:47:31 | Room 2] Room has been killed as no players are left
[2025-11-07 16:47:52 | Room 1] Player 1 joined room 1 and is now identified as AgK@G [7124add5]
[2025-11-07 16:51:48 | Room 1] Player AgK@G (1) disconnected from room
[2025-11-07 16:53:39 | Room 1] Player 1 joined room 1 and is now identified as Galaxy [debae92d]
[2025-11-07 16:53:54 | Room 1] Player 2 joined room 1 and is now identified as AgK@G [7124add5]
[2025-11-07 16:56:35 | Room 1] Player Galaxy (1) disconnected from room
[2025-11-07 16:56:35 | Room 1] Player AgK@G (2) disconnected from room
[2025-11-07 16:56:40 | Room 1] Player 1 joined room 1 and is now identified as Galaxy [debae92d]
[2025-11-07 16:57:05 | Room 1] Player 2 joined room 1 and is now identified as AgK@G [7124add5]
[2025-11-07 16:57:06 | Room 1] Player AgK@G (2) disconnected from room
[2025-11-07 16:57:11 | Room 1] Player 2 joined room 1 and is now identified as AgK@G [7124add5]
[2025-11-07 16:57:20 | Room 1] Player AgK@G (2) disconnected from room
[2025-11-07 16:57:54 | Room 1] Player Galaxy (1) disconnected from room
[2025-11-07 17:01:26 | Room 2] Player 0 joined room 2 and is now identified as AgK@G [7124add5]
[2025-11-07 17:01:32 | Room 2] Track #0 and 3 laps were selected
All players finished
Restarting in 6 seconds
1 player race detected, finishing
[2025-11-07 17:03:23 | Room 2] Countdown to finish started, resetting room soon
[2025-11-07 17:03:28 | Room 2] Room has been reset
[2025-11-07 17:03:29 | Room 2] Player 0 joined room 2 and is now identified as AgK@G [7124add5]
[2025-11-07 17:03:31 | Room 2] Track #16 and 3 laps were selected
[2025-11-07 17:04:22 | Room 1] Player Gasmoxian (0) disconnected from room
[2025-11-07 17:04:22 | Room 1] Room has been killed as no players are left
All players finished
Restarting in 6 seconds
1 player race detected, finishing
[2025-11-07 17:05:13 | Room 2] Countdown to finish started, resetting room soon
[2025-11-07 17:05:18 | Room 2] Room has been reset
[2025-11-07 17:05:19 | Room 2] Player 0 joined room 2 and is now identified as AgK@G [7124add5]
[2025-11-07 17:05:21 | Room 2] Track #16 and 3 laps were selected
All players finished
Restarting in 6 seconds
1 player race detected, finishing
[2025-11-07 17:07:56 | Room 2] Countdown to finish started, resetting room soon
[2025-11-07 17:08:01 | Room 2] Room has been reset
[2025-11-07 17:08:02 | Room 2] Player 0 joined room 2 and is now identified as AgK@G [7124add5]
[2025-11-07 17:08:04 | Room 2] Track #16 and 3 laps were selected
All players finished
Restarting in 6 seconds
1 player race detected, finishing
[2025-11-07 17:14:15 | Room 2] Countdown to finish started, resetting room soon
[2025-11-07 17:14:20 | Room 2] Room has been reset
[2025-11-07 17:14:21 | Room 2] Player 0 joined room 2 and is now identified as AgK@G [7124add5]
[2025-11-07 17:14:55 | Room 2] Player AgK@G (0) disconnected from room
[2025-11-07 17:14:55 | Room 2] Room has been killed as no players are left
[2025-11-07 23:38:18 | Room 1] Player 0 joined room 1 and is now identified as Ckzgito [c1298fb1]
[2025-11-07 23:38:25 | Room 1] Track #13 and 3 laps were selected
All players finished
Restarting in 6 seconds
1 player race detected, finishing
[2025-11-07 23:43:41 | Room 1] Countdown to finish started, resetting room soon
[2025-11-07 23:43:46 | Room 1] Room has been reset
[2025-11-07 23:43:47 | Room 1] Player 0 joined room 1 and is now identified as Ckzgito [c1298fb1]
[2025-11-07 23:43:49 | Room 1] Player Ckzgito (0) disconnected from room
[2025-11-07 23:43:49 | Room 1] Room has been killed as no players are left
[2025-11-08 04:49:13 | Room 1] Player 0 joined room 1 and is now identified as Warlord [ad077ab0]
[2025-11-08 04:49:24 | Room 1] Track #3 and 3 laps were selected
[2025-11-08 04:51:12 | Room 1] Player Warlord (0) disconnected from room
[2025-11-08 04:51:12 | Room 1] Room has been killed as no players are left
[2025-11-08 04:54:36 | Room 1] Player 0 joined room 1 and is now identified as dz7 [63e7edbe]
[2025-11-08 04:54:38 | Room 1] Player dz7 (0) disconnected from room
[2025-11-08 04:54:38 | Room 1] Room has been killed as no players are left
[2025-11-08 04:54:46 | Room 1] Player 0 joined room 1 and is now identified as Warlord [ad077ab0]
[2025-11-08 04:54:48 | Room 1] Player 1 joined room 1 and is now identified as dz7 [63e7edbe]
[2025-11-08 04:55:10 | Room 1] Track #10 and 3 laps were selected
Required players finished!
Race ends in 30 seconds
[2025-11-08 04:57:55 | Room 1] Countdown to finish started, resetting room soon
[2025-11-08 04:58:24 | Room 1] Room has been reset
[2025-11-08 04:58:25 | Room 1] Player 0 joined room 1 and is now identified as Warlord [ad077ab0]
[2025-11-08 04:58:25 | Room 1] Player 1 joined room 1 and is now identified as dz7 [63e7edbe]
[2025-11-08 04:58:38 | Room 1] Track #14 and 3 laps were selected
[2025-11-08 04:58:52 | Room 1] Player Warlord (0) disconnected from room
[2025-11-08 04:59:09 | Room 1] Player dz7 (1) disconnected from room
[2025-11-08 04:59:09 | Room 1] Room has been killed as no players are left
[2025-11-08 12:48:36 | Room 1] Player 0 joined room 1 and is now identified as Warlord [67017ab0]
[2025-11-08 12:48:52 | Room 1] Track #2 and 3 laps were selected
All players finished
Restarting in 6 seconds
1 player race detected, finishing
[2025-11-08 12:51:18 | Room 1] Countdown to finish started, resetting room soon
[2025-11-08 12:51:23 | Room 1] Room has been reset
[2025-11-08 12:51:24 | Room 1] Player 0 joined room 1 and is now identified as Warlord [67017ab0]
[2025-11-08 12:51:37 | Room 1] Track #11 and 3 laps were selected
[2025-11-08 12:51:52 | Room 1] Player Warlord (0) disconnected from room
[2025-11-08 12:51:52 | Room 1] Room has been killed as no players are left
[2025-11-08 12:52:18 | Room 1] Player 0 joined room 1 and is now identified as Warlord [67017ab0]
[2025-11-08 12:52:35 | Room 1] Track #11 and 3 laps were selected
All players finished
Restarting in 6 seconds
1 player race detected, finishing
[2025-11-08 12:56:03 | Room 1] Countdown to finish started, resetting room soon
[2025-11-08 12:56:08 | Room 1] Room has been reset
[2025-11-08 12:56:09 | Room 1] Player 0 joined room 1 and is now identified as Warlord [67017ab0]
[2025-11-08 12:56:27 | Room 1] Track #12 and 3 laps were selected
All players finished
Restarting in 6 seconds
1 player race detected, finishing
[2025-11-08 13:00:00 | Room 1] Countdown to finish started, resetting room soon
[2025-11-08 13:00:05 | Room 1] Room has been reset
[2025-11-08 13:00:06 | Room 1] Player 0 joined room 1 and is now identified as Warlord [67017ab0]
[2025-11-08 13:00:23 | Room 1] Track #6 and 3 laps were selected
All players finished
Restarting in 6 seconds
1 player race detected, finishing
[2025-11-08 13:02:19 | Room 1] Countdown to finish started, resetting room soon
[2025-11-08 13:02:24 | Room 1] Room has been reset
[2025-11-08 13:02:25 | Room 1] Player 0 joined room 1 and is now identified as Warlord [67017ab0]
[2025-11-08 13:02:38 | Room 1] Track #3 and 3 laps were selected
All players finished
Restarting in 6 seconds
1 player race detected, finishing
[2025-11-08 13:04:35 | Room 1] Countdown to finish started, resetting room soon
[2025-11-08 13:04:40 | Room 1] Room has been reset
[2025-11-08 13:04:41 | Room 1] Player 0 joined room 1 and is now identified as Warlord [67017ab0]
[2025-11-08 13:04:51 | Room 1] Player Warlord (0) disconnected from room
[2025-11-08 13:04:51 | Room 1] Room has been killed as no players are left
[2025-11-08 13:10:38 | Room 1] Player 0 joined room 1 and is now identified as StorieVere [cfb05e05]
[2025-11-08 13:10:52 | Room 1] Track #15 and 3 laps were selected
All players finished
Restarting in 6 seconds
1 player race detected, finishing
[2025-11-08 13:14:32 | Room 1] Countdown to finish started, resetting room soon
[2025-11-08 13:14:37 | Room 1] Room has been reset
[2025-11-08 13:14:38 | Room 1] Player 0 joined room 1 and is now identified as StorieVere [cfb05e05]
[2025-11-08 13:14:46 | Room 1] Player StorieVere (0) disconnected from room
[2025-11-08 13:14:46 | Room 1] Room has been killed as no players are left
[2025-11-08 14:37:14 | Room 1] Player 0 joined room 1 and is now identified as Warlord [67017ab0]
[2025-11-08 14:37:16 | Room 1] Player Warlord (0) disconnected from room
[2025-11-08 14:37:16 | Room 1] Room has been killed as no players are left
[2025-11-08 14:37:56 | Room 1] Player 0 joined room 1 and is now identified as Warlord [67017ab0]
[2025-11-08 14:38:12 | Room 1] Track #11 and 3 laps were selected
[2025-11-08 14:39:24 | Room 1] Player Warlord (0) disconnected from room
[2025-11-08 14:39:24 | Room 1] Room has been killed as no players are left
[2025-11-08 14:40:00 | Room 1] Player 0 joined room 1 and is now identified as Warlord [67017ab0]
[2025-11-08 14:40:12 | Room 1] Track #5 and 3 laps were selected
[2025-11-08 14:41:57 | Room 1] Player Warlord (0) disconnected from room
[2025-11-08 14:41:57 | Room 1] Room has been killed as no players are left
[2025-11-08 15:39:55 | Room 1] Player 0 joined room 1 and is now identified as Ckzgito [c1298fb1]
[2025-11-08 15:39:57 | Room 1] Track #0 and 1 laps were selected
All players finished
Restarting in 6 seconds
1 player race detected, finishing
[2025-11-08 15:44:16 | Room 1] Countdown to finish started, resetting room soon
[2025-11-08 15:44:17 | Room 1] Player Ckzgito (0) disconnected from room
[2025-11-08 15:44:17 | Room 1] Room has been killed as no players are left
[2025-11-08 19:16:29 | Room 1] Player 0 joined room 1 and is now identified as Ckzgito [c1298fb1]
[2025-11-08 19:16:43 | Room 1] Track #0 and 3 laps were selected
All players finished
Restarting in 6 seconds
1 player race detected, finishing
[2025-11-08 19:18:34 | Room 1] Countdown to finish started, resetting room soon
[2025-11-08 19:18:39 | Room 1] Room has been reset
[2025-11-08 19:18:40 | Room 1] Player 0 joined room 1 and is now identified as Ckzgito [c1298fb1]
[2025-11-08 19:18:48 | Room 1] Player Ckzgito (0) disconnected from room
[2025-11-08 19:18:48 | Room 1] Room has been killed as no players are left
[2025-11-08 19:23:10 | Room 1] Player 0 joined room 1 and is now identified as Ckzgito [c1298fb1]
[2025-11-08 19:23:16 | Room 1] Track #3 and 3 laps were selected
All players finished
Restarting in 6 seconds
1 player race detected, finishing
[2025-11-08 19:24:48 | Room 1] Countdown to finish started, resetting room soon
[2025-11-08 19:24:53 | Room 1] Room has been reset
[2025-11-08 19:24:54 | Room 1] Player 0 joined room 1 and is now identified as Ckzgito [c1298fb1]
[2025-11-08 19:24:57 | Room 1] Track #3 and 3 laps were selected
All players finished
Restarting in 6 seconds
1 player race detected, finishing
[2025-11-08 19:26:28 | Room 1] Countdown to finish started, resetting room soon
[2025-11-08 19:26:33 | Room 1] Room has been reset
[2025-11-08 19:26:34 | Room 1] Player 0 joined room 1 and is now identified as Ckzgito [c1298fb1]
[2025-11-08 19:26:37 | Room 1] Player Ckzgito (0) disconnected from room
[2025-11-08 19:26:37 | Room 1] Room has been killed as no players are left
[2025-11-08 20:16:52 | Room 1] Player 0 joined room 1 and is now identified as galinhazinh [ab5731bb]
[2025-11-08 20:17:08 | Room 1] Track #6 and 1 laps were selected
All players finished
Restarting in 6 seconds
1 player race detected, finishing
[2025-11-08 20:17:50 | Room 1] Countdown to finish started, resetting room soon
[2025-11-08 20:17:55 | Room 1] Room has been reset
[2025-11-08 20:17:56 | Room 1] Player 0 joined room 1 and is now identified as galinhazinh [ab5731bb]
[2025-11-08 20:17:56 | Room 1] Player galinhazinh (0) disconnected from room
[2025-11-08 20:17:56 | Room 1] Room has been killed as no players are left
[2025-11-08 20:28:02 | Room 5] Player 0 joined room 5 and is now identified as Ckzgito [c1298fb1]
[2025-11-08 20:28:10 | Room 5] Track #2 and 3 laps were selected
All players finished
Restarting in 6 seconds
1 player race detected, finishing
[2025-11-08 20:30:12 | Room 5] Countdown to finish started, resetting room soon
[2025-11-08 20:30:17 | Room 5] Room has been reset
[2025-11-08 20:30:18 | Room 5] Player 0 joined room 5 and is now identified as Ckzgito [c1298fb1]
[2025-11-08 20:30:21 | Room 5] Track #7 and 3 laps were selected
All players finished
Restarting in 6 seconds
1 player race detected, finishing
[2025-11-08 20:33:14 | Room 5] Countdown to finish started, resetting room soon
[2025-11-08 20:33:19 | Room 5] Room has been reset
[2025-11-08 20:33:20 | Room 5] Player 0 joined room 5 and is now identified as Ckzgito [c1298fb1]
[2025-11-08 20:34:07 | Room 5] Track #8 and 3 laps were selected
All players finished
Restarting in 6 seconds
1 player race detected, finishing
[2025-11-08 20:36:16 | Room 5] Countdown to finish started, resetting room soon
[2025-11-08 20:36:21 | Room 5] Room has been reset
[2025-11-08 20:36:22 | Room 5] Player 0 joined room 5 and is now identified as Ckzgito [c1298fb1]
[2025-11-08 20:36:27 | Room 5] Track #1 and 3 laps were selected
All players finished
Restarting in 6 seconds
1 player race detected, finishing
[2025-11-08 20:38:15 | Room 5] Countdown to finish started, resetting room soon
[2025-11-08 20:38:20 | Room 5] Room has been reset
[2025-11-08 20:38:21 | Room 5] Player 0 joined room 5 and is now identified as Ckzgito [c1298fb1]
[2025-11-08 20:38:25 | Room 5] Track #3 and 3 laps were selected
All players finished
Restarting in 6 seconds
1 player race detected, finishing
[2025-11-08 20:39:59 | Room 5] Countdown to finish started, resetting room soon
[2025-11-08 20:40:04 | Room 5] Room has been reset
[2025-11-08 20:40:05 | Room 5] Player 0 joined room 5 and is now identified as Ckzgito [c1298fb1]
[2025-11-08 20:40:11 | Room 5] Track #4 and 3 laps were selected
All players finished
Restarting in 6 seconds
1 player race detected, finishing
[2025-11-08 20:41:50 | Room 5] Countdown to finish started, resetting room soon
[2025-11-08 20:41:55 | Room 5] Room has been reset
[2025-11-08 20:41:56 | Room 5] Player 0 joined room 5 and is now identified as Ckzgito [c1298fb1]
[2025-11-08 20:41:58 | Room 5] Track #4 and 3 laps were selected
All players finished
Restarting in 6 seconds
1 player race detected, finishing
[2025-11-08 20:43:34 | Room 5] Countdown to finish started, resetting room soon
[2025-11-08 20:43:39 | Room 5] Room has been reset
[2025-11-08 20:43:40 | Room 5] Player 0 joined room 5 and is now identified as Ckzgito [c1298fb1]
[2025-11-08 20:43:53 | Room 5] Track #9 and 3 laps were selected
All players finished
Restarting in 6 seconds
1 player race detected, finishing
[2025-11-08 20:46:06 | Room 5] Countdown to finish started, resetting room soon
[2025-11-08 20:46:11 | Room 5] Room has been reset
[2025-11-08 20:46:12 | Room 5] Player 0 joined room 5 and is now identified as Ckzgito [c1298fb1]
[2025-11-08 20:46:19 | Room 5] Track #11 and 3 laps were selected
All players finished
Restarting in 6 seconds
1 player race detected, finishing
[2025-11-08 20:48:54 | Room 5] Countdown to finish started, resetting room soon
[2025-11-08 20:48:59 | Room 5] Room has been reset
[2025-11-08 20:49:00 | Room 5] Player 0 joined room 5 and is now identified as Ckzgito [c1298fb1]
[2025-11-08 20:49:08 | Room 5] Track #7 and 3 laps were selected
All players finished
Restarting in 6 seconds
1 player race detected, finishing
[2025-11-08 20:51:40 | Room 5] Countdown to finish started, resetting room soon
[2025-11-08 20:51:45 | Room 5] Room has been reset
[2025-11-08 20:51:46 | Room 5] Player 0 joined room 5 and is now identified as Ckzgito [c1298fb1]
[2025-11-08 20:51:52 | Room 5] Track #13 and 3 laps were selected
[2025-11-08 20:51:55 | Room 5] Player Ckzgito (0) disconnected from room
[2025-11-08 20:51:55 | Room 5] Room has been killed as no players are left
[2025-11-08 21:28:34 | Room 1] Player 0 joined room 1 and is now identified as Ckzgito [c1298fb1]
[2025-11-08 21:28:39 | Room 1] Track #11 and 3 laps were selected
All players finished
Restarting in 6 seconds
1 player race detected, finishing
[2025-11-08 21:31:16 | Room 1] Countdown to finish started, resetting room soon
[2025-11-08 21:31:21 | Room 1] Room has been reset
[2025-11-08 21:31:22 | Room 1] Player 0 joined room 1 and is now identified as Ckzgito [c1298fb1]
[2025-11-08 21:33:48 | Room 1] Player Ckzgito (0) disconnected from room
[2025-11-08 21:33:48 | Room 1] Room has been killed as no players are left
[2025-11-09 01:54:21 | Room 1] Player 0 joined room 1 and is now identified as Ckzgito [c1298fb1]
[2025-11-09 01:54:26 | Room 1] Track #0 and 3 laps were selected
All players finished
Restarting in 6 seconds
1 player race detected, finishing
[2025-11-09 01:56:07 | Room 1] Countdown to finish started, resetting room soon
[2025-11-09 01:56:12 | Room 1] Room has been reset
[2025-11-09 01:56:13 | Room 1] Player 0 joined room 1 and is now identified as Ckzgito [c1298fb1]
[2025-11-09 01:56:19 | Room 1] Track #1 and 3 laps were selected
All players finished
Restarting in 6 seconds
1 player race detected, finishing
[2025-11-09 01:57:53 | Room 1] Countdown to finish started, resetting room soon
[2025-11-09 01:57:58 | Room 1] Room has been reset
[2025-11-09 01:57:59 | Room 1] Player 0 joined room 1 and is now identified as Ckzgito [c1298fb1]
[2025-11-09 01:58:02 | Room 1] Track #2 and 3 laps were selected
All players finished
Restarting in 6 seconds
1 player race detected, finishing
[2025-11-09 01:59:44 | Room 1] Countdown to finish started, resetting room soon
[2025-11-09 01:59:49 | Room 1] Room has been reset
[2025-11-09 01:59:50 | Room 1] Player 0 joined room 1 and is now identified as Ckzgito [c1298fb1]
[2025-11-09 01:59:53 | Room 1] Track #3 and 3 laps were selected
All players finished
Restarting in 6 seconds
1 player race detected, finishing
[2025-11-09 02:01:29 | Room 1] Countdown to finish started, resetting room soon
[2025-11-09 02:01:34 | Room 1] Room has been reset
[2025-11-09 02:01:35 | Room 1] Player 0 joined room 1 and is now identified as Ckzgito [c1298fb1]
[2025-11-09 02:01:39 | Room 1] Track #4 and 3 laps were selected
All players finished
Restarting in 6 seconds
1 player race detected, finishing
[2025-11-09 02:03:18 | Room 1] Countdown to finish started, resetting room soon
[2025-11-09 02:03:23 | Room 1] Room has been reset
[2025-11-09 02:03:24 | Room 1] Player 0 joined room 1 and is now identified as Ckzgito [c1298fb1]
[2025-11-09 02:03:30 | Room 1] Track #5 and 3 laps were selected
All players finished
Restarting in 6 seconds
1 player race detected, finishing
[2025-11-09 02:05:07 | Room 1] Countdown to finish started, resetting room soon
[2025-11-09 02:05:12 | Room 1] Room has been reset
[2025-11-09 02:05:13 | Room 1] Player 0 joined room 1 and is now identified as Ckzgito [c1298fb1]
[2025-11-09 02:05:16 | Room 1] Track #6 and 3 laps were selected
All players finished
Restarting in 6 seconds
1 player race detected, finishing
[2025-11-09 02:06:44 | Room 1] Countdown to finish started, resetting room soon
[2025-11-09 02:06:49 | Room 1] Room has been reset
[2025-11-09 02:06:50 | Room 1] Player 0 joined room 1 and is now identified as Ckzgito [c1298fb1]
[2025-11-09 02:06:53 | Room 1] Track #7 and 3 laps were selected
All players finished
Restarting in 6 seconds
1 player race detected, finishing
[2025-11-09 02:09:30 | Room 1] Countdown to finish started, resetting room soon
[2025-11-09 02:09:35 | Room 1] Room has been reset
[2025-11-09 02:09:36 | Room 1] Player 0 joined room 1 and is now identified as Ckzgito [c1298fb1]
[2025-11-09 02:09:36 | Room 2] Player 0 joined room 2 and is now identified as gasgas [0fab25b1]
[2025-11-09 02:09:40 | Room 2] Track #0 and 3 laps were selected
[2025-11-09 02:09:43 | Room 1] Track #8 and 3 laps were selected
[2025-11-09 02:09:48 | Room 2] Player gasgas (0) disconnected from room
[2025-11-09 02:09:48 | Room 2] Room has been killed as no players are left
All players finished
Restarting in 6 seconds
1 player race detected, finishing
[2025-11-09 02:11:40 | Room 1] Countdown to finish started, resetting room soon
[2025-11-09 02:11:45 | Room 1] Room has been reset
[2025-11-09 02:11:46 | Room 1] Player 0 joined room 1 and is now identified as Ckzgito [c1298fb1]
[2025-11-09 02:11:48 | Room 1] Track #9 and 3 laps were selected
All players finished
Restarting in 6 seconds
1 player race detected, finishing
[2025-11-09 02:13:57 | Room 1] Countdown to finish started, resetting room soon
[2025-11-09 02:14:02 | Room 1] Room has been reset
[2025-11-09 02:14:03 | Room 1] Player 0 joined room 1 and is now identified as Ckzgito [c1298fb1]
[2025-11-09 02:14:07 | Room 1] Track #10 and 3 laps were selected
All players finished
Restarting in 6 seconds
1 player race detected, finishing
[2025-11-09 02:16:41 | Room 1] Countdown to finish started, resetting room soon
[2025-11-09 02:16:46 | Room 1] Room has been reset
[2025-11-09 02:16:47 | Room 1] Player 0 joined room 1 and is now identified as Ckzgito [c1298fb1]
[2025-11-09 02:16:50 | Room 1] Track #11 and 3 laps were selected
All players finished
Restarting in 6 seconds
1 player race detected, finishing
[2025-11-09 02:19:16 | Room 1] Countdown to finish started, resetting room soon
[2025-11-09 02:19:21 | Room 1] Room has been reset
[2025-11-09 02:19:22 | Room 1] Player 0 joined room 1 and is now identified as Ckzgito [c1298fb1]
[2025-11-09 02:19:25 | Room 1] Track #12 and 3 laps were selected
All players finished
Restarting in 6 seconds
1 player race detected, finishing
[2025-11-09 02:21:40 | Room 1] Countdown to finish started, resetting room soon
[2025-11-09 02:21:45 | Room 1] Room has been reset
[2025-11-09 02:21:46 | Room 1] Player 0 joined room 1 and is now identified as Ckzgito [c1298fb1]
[2025-11-09 02:21:46 | Room 1] Player 1 joined room 1 and is now identified as gasgas [0fab25b1]
[2025-11-09 02:21:54 | Room 1] Track #14 and 3 laps were selected
Required players finished!
Race ends in 30 seconds
[2025-11-09 02:23:33 | Room 1] Countdown to finish started, resetting room soon
All players finished
Restarting in 3 seconds
[2025-11-09 02:23:40 | Room 1] Room has been reset
[2025-11-09 02:23:41 | Room 1] Player 0 joined room 1 and is now identified as Ckzgito [c1298fb1]
[2025-11-09 02:23:41 | Room 1] Player 1 joined room 1 and is now identified as gasgas [0fab25b1]
[2025-11-09 02:23:44 | Room 1] Track #15 and 3 laps were selected
Required players finished!
Race ends in 30 seconds
[2025-11-09 02:27:16 | Room 1] Countdown to finish started, resetting room soon
All players finished
Restarting in 3 seconds
[2025-11-09 02:27:25 | Room 1] Room has been reset
[2025-11-09 02:27:26 | Room 1] Player 0 joined room 1 and is now identified as Ckzgito [c1298fb1]
[2025-11-09 02:27:26 | Room 1] Player 1 joined room 1 and is now identified as gasgas [0fab25b1]
[2025-11-09 02:27:29 | Room 1] Track #16 and 3 laps were selected
Required players finished!
Race ends in 30 seconds
[2025-11-09 02:29:27 | Room 1] Countdown to finish started, resetting room soon
All players finished
Restarting in 3 seconds
[2025-11-09 02:29:30 | Room 1] Room has been reset
[2025-11-09 02:29:31 | Room 1] Player 0 joined room 1 and is now identified as Ckzgito [c1298fb1]
[2025-11-09 02:29:31 | Room 1] Player 1 joined room 1 and is now identified as gasgas [0fab25b1]
[2025-11-09 02:29:34 | Room 1] Track #17 and 3 laps were selected
Required players finished!
Race ends in 30 seconds
[2025-11-09 02:31:28 | Room 1] Countdown to finish started, resetting room soon
All players finished
Restarting in 3 seconds
[2025-11-09 02:31:38 | Room 1] Room has been reset
[2025-11-09 02:31:39 | Room 1] Player 0 joined room 1 and is now identified as Ckzgito [c1298fb1]
[2025-11-09 02:31:39 | Room 1] Player 1 joined room 1 and is now identified as gasgas [0fab25b1]
[2025-11-09 02:31:41 | Room 1] Track #0 and 3 laps were selected
Required players finished!
Race ends in 30 seconds
[2025-11-09 02:33:24 | Room 1] Countdown to finish started, resetting room soon
All players finished
Restarting in 3 seconds
[2025-11-09 02:33:31 | Room 1] Room has been reset
[2025-11-09 02:33:32 | Room 1] Player 0 joined room 1 and is now identified as Ckzgito [c1298fb1]
[2025-11-09 02:33:32 | Room 1] Player 1 joined room 1 and is now identified as gasgas [0fab25b1]
[2025-11-09 02:33:36 | Room 1] Track #1 and 3 laps were selected
Required players finished!
Race ends in 30 seconds
[2025-11-09 02:35:16 | Room 1] Countdown to finish started, resetting room soon
All players finished
Restarting in 3 seconds
[2025-11-09 02:35:26 | Room 1] Room has been reset
[2025-11-09 02:35:27 | Room 1] Player 0 joined room 1 and is now identified as Ckzgito [c1298fb1]
[2025-11-09 02:35:27 | Room 1] Player 1 joined room 1 and is now identified as gasgas [0fab25b1]
[2025-11-09 02:35:27 | Room 1] Player 2 joined room 1 and is now identified as turb@sebas [1dba79c8]
[2025-11-09 02:35:34 | Room 1] Track #2 and 3 laps were selected
[2025-11-09 02:35:37 | Room 1] Player turb@sebas (2) disconnected from room
Required players finished!
Race ends in 30 seconds
[2025-11-09 02:37:14 | Room 1] Countdown to finish started, resetting room soon
All players finished
Restarting in 3 seconds
[2025-11-09 02:37:29 | Room 1] Room has been reset
[2025-11-09 02:37:30 | Room 1] Player 0 joined room 1 and is now identified as Ckzgito [c1298fb1]
[2025-11-09 02:37:30 | Room 1] Player 1 joined room 1 and is now identified as gasgas [0fab25b1]
[2025-11-09 02:37:33 | Room 1] Track #3 and 3 laps were selected
Required players finished!
Race ends in 30 seconds
[2025-11-09 02:39:14 | Room 1] Countdown to finish started, resetting room soon
All players finished
Restarting in 3 seconds
[2025-11-09 02:39:19 | Room 1] Room has been reset
[2025-11-09 02:39:20 | Room 1] Player 0 joined room 1 and is now identified as Ckzgito [c1298fb1]
[2025-11-09 02:39:20 | Room 1] Player 1 joined room 1 and is now identified as gasgas [0fab25b1]
[2025-11-09 02:39:26 | Room 1] Track #4 and 3 laps were selected
Required players finished!
Race ends in 30 seconds
[2025-11-09 02:41:07 | Room 1] Countdown to finish started, resetting room soon
All players finished
Restarting in 3 seconds
[2025-11-09 02:41:24 | Room 1] Room has been reset
[2025-11-09 02:41:25 | Room 1] Player 0 joined room 1 and is now identified as Ckzgito [c1298fb1]
[2025-11-09 02:41:25 | Room 1] Player 1 joined room 1 and is now identified as gasgas [0fab25b1]
[2025-11-09 02:41:29 | Room 1] Track #5 and 3 laps were selected
[2025-11-09 02:41:46 | Room 1] Player gasgas (1) disconnected from room
[2025-11-09 02:42:59 | Room 2] Player 0 joined room 2 and is now identified as gasgas [0fab25b1]
All players finished
Restarting in 6 seconds
1 player race detected, finishing
[2025-11-09 02:43:16 | Room 1] Countdown to finish started, resetting room soon
[2025-11-09 02:43:21 | Room 1] Room has been reset
[2025-11-09 02:43:22 | Room 1] Player 0 joined room 1 and is now identified as Ckzgito [c1298fb1]
[2025-11-09 02:43:28 | Room 1] Player Ckzgito (0) disconnected from room
[2025-11-09 02:43:28 | Room 1] Room has been killed as no players are left
[2025-11-09 02:43:30 | Room 2] Track #0 and 3 laps were selected
[2025-11-09 02:43:33 | Room 2] Player gasgas (0) disconnected from room
[2025-11-09 02:43:33 | Room 2] Room has been killed as no players are left
[2025-11-09 02:43:37 | Room 1] Player 0 joined room 1 and is now identified as Ckzgito [c1298fb1]
[2025-11-09 02:43:40 | Room 1] Player 1 joined room 1 and is now identified as gasgas [0fab25b1]
[2025-11-09 02:43:44 | Room 1] Track #9 and 3 laps were selected
Required players finished!
Race ends in 30 seconds
[2025-11-09 02:46:12 | Room 1] Countdown to finish started, resetting room soon
All players finished
Restarting in 3 seconds
[2025-11-09 02:46:20 | Room 1] Room has been reset
[2025-11-09 02:46:21 | Room 1] Player 0 joined room 1 and is now identified as Ckzgito [c1298fb1]
[2025-11-09 02:46:21 | Room 1] Player 1 joined room 1 and is now identified as gasgas [0fab25b1]
[2025-11-09 02:46:25 | Room 1] Track #6 and 3 laps were selected
Required players finished!
Race ends in 30 seconds
[2025-11-09 02:48:02 | Room 1] Countdown to finish started, resetting room soon
All players finished
Restarting in 3 seconds
[2025-11-09 02:48:07 | Room 1] Room has been reset
[2025-11-09 02:48:08 | Room 1] Player 0 joined room 1 and is now identified as Ckzgito [c1298fb1]
[2025-11-09 02:48:08 | Room 1] Player 1 joined room 1 and is now identified as gasgas [0fab25b1]
[2025-11-09 02:48:11 | Room 1] Track #8 and 3 laps were selected
Required players finished!
Race ends in 30 seconds
[2025-11-09 02:50:12 | Room 1] Countdown to finish started, resetting room soon
All players finished
Restarting in 3 seconds
[2025-11-09 02:50:21 | Room 1] Room has been reset
[2025-11-09 02:50:22 | Room 1] Player 0 joined room 1 and is now identified as Ckzgito [c1298fb1]
[2025-11-09 02:50:22 | Room 1] Player 1 joined room 1 and is now identified as gasgas [0fab25b1]
[2025-11-09 02:50:26 | Room 1] Track #7 and 3 laps were selected
Required players finished!
Race ends in 30 seconds
[2025-11-09 02:53:23 | Room 1] Countdown to finish started, resetting room soon
All players finished
Restarting in 3 seconds
[2025-11-09 02:53:42 | Room 1] Room has been reset
[2025-11-09 02:53:43 | Room 1] Player 0 joined room 1 and is now identified as Ckzgito [c1298fb1]
[2025-11-09 02:53:43 | Room 1] Player 1 joined room 1 and is now identified as gasgas [0fab25b1]
[2025-11-09 02:53:46 | Room 1] Track #10 and 3 laps were selected
Required players finished!
Race ends in 30 seconds
[2025-11-09 02:56:20 | Room 1] Countdown to finish started, resetting room soon
All players finished
Restarting in 3 seconds
[2025-11-09 02:56:26 | Room 1] Room has been reset
[2025-11-09 02:56:27 | Room 1] Player 0 joined room 1 and is now identified as Ckzgito [c1298fb1]
[2025-11-09 02:56:27 | Room 1] Player 1 joined room 1 and is now identified as gasgas [0fab25b1]
[2025-11-09 02:56:31 | Room 1] Track #11 and 3 laps were selected
Required players finished!
Race ends in 30 seconds
[2025-11-09 02:59:06 | Room 1] Countdown to finish started, resetting room soon
All players finished
Restarting in 3 seconds
[2025-11-09 02:59:09 | Room 1] Room has been reset
[2025-11-09 02:59:10 | Room 1] Player 0 joined room 1 and is now identified as Ckzgito [c1298fb1]
[2025-11-09 02:59:10 | Room 1] Player 1 joined room 1 and is now identified as gasgas [0fab25b1]
[2025-11-09 02:59:13 | Room 1] Track #12 and 3 laps were selected
Required players finished!
Race ends in 30 seconds
[2025-11-09 03:01:46 | Room 1] Countdown to finish started, resetting room soon
[2025-11-09 03:02:15 | Room 1] Room has been reset
[2025-11-09 03:02:16 | Room 1] Player 0 joined room 1 and is now identified as Ckzgito [c1298fb1]
[2025-11-09 03:02:16 | Room 1] Player 1 joined room 1 and is now identified as gasgas [0fab25b1]
[2025-11-09 03:02:20 | Room 1] Track #13 and 3 laps were selected
Required players finished!
Race ends in 30 seconds
[2025-11-09 03:04:50 | Room 1] Countdown to finish started, resetting room soon
All players finished
Restarting in 3 seconds
[2025-11-09 03:05:17 | Room 1] Room has been reset
[2025-11-09 03:05:18 | Room 1] Player 0 joined room 1 and is now identified as Ckzgito [c1298fb1]
[2025-11-09 03:05:18 | Room 1] Player 1 joined room 1 and is now identified as gasgas [0fab25b1]
[2025-11-09 03:05:21 | Room 1] Track #14 and 3 laps were selected
Required players finished!
Race ends in 30 seconds
[2025-11-09 03:07:04 | Room 1] Countdown to finish started, resetting room soon
All players finished
Restarting in 3 seconds
[2025-11-09 03:07:10 | Room 1] Room has been reset
[2025-11-09 03:07:11 | Room 1] Player 0 joined room 1 and is now identified as Ckzgito [c1298fb1]
[2025-11-09 03:07:11 | Room 1] Player 1 joined room 1 and is now identified as gasgas [0fab25b1]
[2025-11-09 03:07:14 | Room 1] Track #15 and 3 laps were selected
Required players finished!
Race ends in 30 seconds
[2025-11-09 03:10:41 | Room 1] Countdown to finish started, resetting room soon
All players finished
Restarting in 3 seconds
[2025-11-09 03:10:50 | Room 1] Player gasgas (1) disconnected from room
[2025-11-09 03:10:50 | Room 1] Room has been reset
[2025-11-09 03:10:51 | Room 1] Player 0 joined room 1 and is now identified as Ckzgito [c1298fb1]
[2025-11-09 03:10:54 | Room 1] Track #16 and 3 laps were selected
All players finished
Restarting in 6 seconds
1 player race detected, finishing
[2025-11-09 03:12:47 | Room 1] Countdown to finish started, resetting room soon
[2025-11-09 03:12:52 | Room 1] Room has been reset
[2025-11-09 03:12:53 | Room 1] Player 0 joined room 1 and is now identified as Ckzgito [c1298fb1]
[2025-11-09 03:13:01 | Room 1] Track #17 and 3 laps were selected
All players finished
Restarting in 6 seconds
1 player race detected, finishing
[2025-11-09 03:14:47 | Room 1] Countdown to finish started, resetting room soon
[2025-11-09 03:14:52 | Room 1] Room has been reset
[2025-11-09 03:14:53 | Room 1] Player 0 joined room 1 and is now identified as Ckzgito [c1298fb1]
[2025-11-09 03:14:57 | Room 1] Player Ckzgito (0) disconnected from room
[2025-11-09 03:14:57 | Room 1] Room has been killed as no players are left
[2025-11-09 13:53:02 | Room 1] Player 0 joined room 1 and is now identified as STUDSX [e7ae3b56]
[2025-11-09 13:53:10 | Room 1] Track #11 and 3 laps were selected
All players finished
Restarting in 6 seconds
1 player race detected, finishing
[2025-11-09 13:55:31 | Room 1] Countdown to finish started, resetting room soon
[2025-11-09 13:55:36 | Room 1] Room has been reset
[2025-11-09 13:55:37 | Room 1] Player 0 joined room 1 and is now identified as STUDSX [e7ae3b56]
[2025-11-09 13:56:18 | Room 1] Track #13 and 3 laps were selected
All players finished
Restarting in 6 seconds
1 player race detected, finishing
[2025-11-09 13:58:55 | Room 1] Countdown to finish started, resetting room soon
[2025-11-09 13:59:00 | Room 1] Room has been reset
[2025-11-09 13:59:01 | Room 1] Player STUDSX (0) disconnected from room
[2025-11-09 13:59:01 | Room 1] Room has been killed as no players are left
[2025-11-09 17:14:31 | Room 1] Player 0 joined room 1 and is now identified as Ckzgito [c1298fb1]
[2025-11-09 17:14:37 | Room 1] Track #0 and 3 laps were selected
All players finished
Restarting in 6 seconds
1 player race detected, finishing
[2025-11-09 17:16:21 | Room 1] Countdown to finish started, resetting room soon
[2025-11-09 17:16:26 | Room 1] Room has been reset
[2025-11-09 17:16:27 | Room 1] Player 0 joined room 1 and is now identified as Ckzgito [c1298fb1]
[2025-11-09 17:16:31 | Room 1] Track #1 and 3 laps were selected
All players finished
Restarting in 6 seconds
1 player race detected, finishing
[2025-11-09 17:18:06 | Room 1] Countdown to finish started, resetting room soon
[2025-11-09 17:18:11 | Room 1] Room has been reset
[2025-11-09 17:18:12 | Room 1] Player 0 joined room 1 and is now identified as Ckzgito [c1298fb1]
[2025-11-09 17:18:14 | Room 1] Track #2 and 3 laps were selected
All players finished
Restarting in 6 seconds
1 player race detected, finishing
[2025-11-09 17:19:48 | Room 1] Countdown to finish started, resetting room soon
[2025-11-09 17:19:53 | Room 1] Room has been reset
[2025-11-09 17:19:54 | Room 1] Player 0 joined room 1 and is now identified as Ckzgito [c1298fb1]
[2025-11-09 17:19:57 | Room 1] Track #3 and 3 laps were selected
All players finished
Restarting in 6 seconds
1 player race detected, finishing
[2025-11-09 17:21:29 | Room 1] Countdown to finish started, resetting room soon
[2025-11-09 17:21:34 | Room 1] Room has been reset
[2025-11-09 17:21:35 | Room 1] Player 0 joined room 1 and is now identified as Ckzgito [c1298fb1]
[2025-11-09 17:21:38 | Room 1] Track #4 and 3 laps were selected
All players finished
Restarting in 6 seconds
1 player race detected, finishing
[2025-11-09 17:23:17 | Room 1] Countdown to finish started, resetting room soon
[2025-11-09 17:23:22 | Room 1] Room has been reset
[2025-11-09 17:23:23 | Room 1] Player 0 joined room 1 and is now identified as Ckzgito [c1298fb1]
[2025-11-09 17:23:26 | Room 1] Track #5 and 3 laps were selected
All players finished
Restarting in 6 seconds
1 player race detected, finishing
[2025-11-09 17:25:34 | Room 1] Countdown to finish started, resetting room soon
[2025-11-09 17:25:39 | Room 1] Room has been reset
[2025-11-09 17:25:40 | Room 1] Player 0 joined room 1 and is now identified as Ckzgito [c1298fb1]
[2025-11-09 17:25:43 | Room 1] Track #6 and 3 laps were selected
All players finished
Restarting in 6 seconds
1 player race detected, finishing
[2025-11-09 17:27:13 | Room 1] Countdown to finish started, resetting room soon
[2025-11-09 17:27:18 | Room 1] Room has been reset
[2025-11-09 17:27:19 | Room 1] Player 0 joined room 1 and is now identified as Ckzgito [c1298fb1]
[2025-11-09 17:27:22 | Room 1] Track #7 and 3 laps were selected
All players finished
Restarting in 6 seconds
1 player race detected, finishing
[2025-11-09 17:30:14 | Room 1] Countdown to finish started, resetting room soon
[2025-11-09 17:30:19 | Room 1] Room has been reset
[2025-11-09 17:30:20 | Room 1] Player 0 joined room 1 and is now identified as Ckzgito [c1298fb1]
[2025-11-09 17:30:23 | Room 1] Track #8 and 3 laps were selected
All players finished
Restarting in 6 seconds
1 player race detected, finishing
[2025-11-09 17:32:15 | Room 1] Countdown to finish started, resetting room soon
[2025-11-09 17:32:20 | Room 1] Room has been reset
[2025-11-09 17:32:21 | Room 1] Player 0 joined room 1 and is now identified as Ckzgito [c1298fb1]
[2025-11-09 17:32:23 | Room 1] Track #9 and 3 laps were selected
All players finished
Restarting in 6 seconds
1 player race detected, finishing
[2025-11-09 17:34:31 | Room 1] Countdown to finish started, resetting room soon
[2025-11-09 17:34:36 | Room 1] Room has been reset
[2025-11-09 17:34:37 | Room 1] Player 0 joined room 1 and is now identified as Ckzgito [c1298fb1]
[2025-11-09 17:34:39 | Room 1] Track #10 and 3 laps were selected
All players finished
Restarting in 6 seconds
1 player race detected, finishing
[2025-11-09 17:37:03 | Room 1] Countdown to finish started, resetting room soon
[2025-11-09 17:37:08 | Room 1] Room has been reset
[2025-11-09 17:37:09 | Room 1] Player 0 joined room 1 and is now identified as Ckzgito [c1298fb1]
[2025-11-09 17:37:11 | Room 1] Track #11 and 3 laps were selected
All players finished
Restarting in 6 seconds
1 player race detected, finishing
[2025-11-09 17:39:42 | Room 1] Countdown to finish started, resetting room soon
[2025-11-09 17:39:47 | Room 1] Room has been reset
[2025-11-09 17:39:48 | Room 1] Player 0 joined room 1 and is now identified as Ckzgito [c1298fb1]
[2025-11-09 17:39:53 | Room 1] Track #12 and 3 laps were selected
All players finished
Restarting in 6 seconds
1 player race detected, finishing
[2025-11-09 17:42:32 | Room 1] Countdown to finish started, resetting room soon
[2025-11-09 17:42:37 | Room 1] Room has been reset
[2025-11-09 17:42:38 | Room 1] Player 0 joined room 1 and is now identified as Ckzgito [c1298fb1]
[2025-11-09 17:42:42 | Room 1] Track #13 and 3 laps were selected
All players finished
Restarting in 6 seconds
1 player race detected, finishing
[2025-11-09 17:46:00 | Room 1] Countdown to finish started, resetting room soon
[2025-11-09 17:46:05 | Room 1] Room has been reset
[2025-11-09 17:46:06 | Room 1] Player 0 joined room 1 and is now identified as Ckzgito [c1298fb1]
[2025-11-09 17:46:10 | Room 1] Track #14 and 3 laps were selected
All players finished
Restarting in 6 seconds
1 player race detected, finishing
[2025-11-09 17:47:40 | Room 1] Countdown to finish started, resetting room soon
[2025-11-09 17:47:45 | Room 1] Room has been reset
[2025-11-09 17:47:46 | Room 1] Player 0 joined room 1 and is now identified as Ckzgito [c1298fb1]
[2025-11-09 17:47:47 | Room 1] Player Ckzgito (0) disconnected from room
[2025-11-09 17:47:47 | Room 1] Room has been killed as no players are left
[2025-11-10 01:42:16 | Room 1] Player 0 joined room 1 and is now identified as RBL [5e5833b5]
[2025-11-10 01:42:20 | Room 1] Player RBL (0) disconnected from room
[2025-11-10 01:42:20 | Room 1] Room has been killed as no players are left
[2025-11-10 05:02:31 | Room 1] Player 0 joined room 1 and is now identified as Warlord [84cc65b0]
[2025-11-10 05:02:40 | Room 1] Player Warlord (0) disconnected from room
[2025-11-10 05:02:40 | Room 1] Room has been killed as no players are left
[2025-11-10 09:09:30 | Room 2] Player 0 joined room 2 and is now identified as Gasmoxian [19c0d9bd]
[2025-11-10 09:09:32 | Room 2] Player Gasmoxian (0) disconnected from room
[2025-11-10 09:09:32 | Room 2] Room has been killed as no players are left
[2025-11-10 09:10:09 | Room 1] Player 0 joined room 1 and is now identified as Gasmoxian [19c0d9bd]
[2025-11-10 09:10:20 | Room 1] Player Gasmoxian (0) disconnected from room
[2025-11-10 09:10:20 | Room 1] Room has been killed as no players are left
[2025-11-10 09:10:22 | Room 1] Player 0 joined room 1 and is now identified as Gasmoxian [19c0d9bd]
[2025-11-10 09:10:29 | Room 1] Track #0 and 3 laps were selected
All players finished
Restarting in 6 seconds
1 player race detected, finishing
[2025-11-10 09:12:48 | Room 1] Countdown to finish started, resetting room soon
[2025-11-10 09:12:53 | Room 1] Room has been reset
[2025-11-10 09:12:54 | Room 1] Player 0 joined room 1 and is now identified as Gasmoxian [19c0d9bd]
[2025-11-10 09:13:02 | Room 1] Track #3 and 3 laps were selected
All players finished
Restarting in 6 seconds
1 player race detected, finishing
[2025-11-10 09:14:50 | Room 1] Countdown to finish started, resetting room soon
[2025-11-10 09:14:55 | Room 1] Room has been reset
[2025-11-10 09:14:56 | Room 1] Player 0 joined room 1 and is now identified as Gasmoxian [19c0d9bd]
[2025-11-10 09:15:05 | Room 1] Track #5 and 3 laps were selected
All players finished
Restarting in 6 seconds
1 player race detected, finishing
[2025-11-10 09:17:39 | Room 1] Countdown to finish started, resetting room soon
[2025-11-10 09:17:44 | Room 1] Room has been reset
[2025-11-10 09:17:45 | Room 1] Player 0 joined room 1 and is now identified as Gasmoxian [19c0d9bd]
[2025-11-10 09:17:59 | Room 1] Track #7 and 3 laps were selected
All players finished
Restarting in 6 seconds
1 player race detected, finishing
[2025-11-10 09:21:15 | Room 1] Countdown to finish started, resetting room soon
[2025-11-10 09:21:20 | Room 1] Room has been reset
[2025-11-10 09:21:21 | Room 1] Player 0 joined room 1 and is now identified as Gasmoxian [19c0d9bd]
[2025-11-10 09:21:45 | Room 1] Track #8 and 3 laps were selected
All players finished
Restarting in 6 seconds
1 player race detected, finishing
[2025-11-10 09:24:12 | Room 1] Countdown to finish started, resetting room soon
[2025-11-10 09:24:17 | Room 1] Room has been reset
[2025-11-10 09:24:18 | Room 1] Player 0 joined room 1 and is now identified as Gasmoxian [19c0d9bd]
[2025-11-10 09:24:24 | Room 1] Track #2 and 3 laps were selected
All players finished
Restarting in 6 seconds
1 player race detected, finishing
[2025-11-10 09:26:20 | Room 1] Countdown to finish started, resetting room soon
[2025-11-10 09:26:25 | Room 1] Room has been reset
[2025-11-10 09:26:26 | Room 1] Player 0 joined room 1 and is now identified as Gasmoxian [19c0d9bd]
[2025-11-10 09:26:44 | Room 1] Track #11 and 3 laps were selected
All players finished
Restarting in 6 seconds
1 player race detected, finishing
[2025-11-10 09:29:38 | Room 1] Countdown to finish started, resetting room soon
[2025-11-10 09:29:43 | Room 1] Room has been reset
[2025-11-10 09:29:44 | Room 1] Player 0 joined room 1 and is now identified as Gasmoxian [19c0d9bd]
[2025-11-10 09:29:55 | Room 1] Player Gasmoxian (0) disconnected from room
[2025-11-10 09:29:55 | Room 1] Room has been killed as no players are left
[2025-11-10 14:19:22 | Room 9] Player 0 joined room 9 and is now identified as MIKEBUTTERS [e217ab49]
[2025-11-10 14:19:31 | Room 9] Track #7 and 3 laps were selected
[2025-11-10 14:21:09 | Room 9] Player MIKEBUTTERS	 (0) disconnected from room
[2025-11-10 14:21:09 | Room 9] Room has been killed as no players are left
[2025-11-10 14:21:16 | Room 9] Player 0 joined room 9 and is now identified as MIKEBUTTERS [e217ab49]
[2025-11-10 14:21:25 | Room 9] Track #12 and 1 laps were selected
All players finished
Restarting in 6 seconds
1 player race detected, finishing
[2025-11-10 14:22:51 | Room 9] Countdown to finish started, resetting room soon
[2025-11-10 14:22:56 | Room 9] Room has been reset
[2025-11-10 14:22:57 | Room 9] Player 0 joined room 9 and is now identified as MIKEBUTTERS [e217ab49]
[2025-11-10 14:23:03 | Room 9] Track #6 and 1 laps were selected
All players finished
Restarting in 6 seconds
1 player race detected, finishing
[2025-11-10 14:23:45 | Room 9] Countdown to finish started, resetting room soon
[2025-11-10 14:23:50 | Room 9] Room has been reset
[2025-11-10 14:23:51 | Room 9] Player 0 joined room 9 and is now identified as MIKEBUTTERS [e217ab49]
[2025-11-10 14:24:01 | Room 9] Track #13 and 1 laps were selected
[2025-11-10 14:25:26 | Room 9] Player MIKEBUTTERS	 (0) disconnected from room
[2025-11-10 14:25:26 | Room 9] Room has been killed as no players are left
[2025-11-10 14:25:34 | Room 9] Player 0 joined room 9 and is now identified as MIKEBUTTERS [e217ab49]
[2025-11-10 14:25:52 | Room 9] Track #15 and 1 laps were selected
All players finished
Restarting in 6 seconds
1 player race detected, finishing
[2025-11-10 14:28:53 | Room 9] Countdown to finish started, resetting room soon
[2025-11-10 14:28:58 | Room 9] Room has been reset
[2025-11-10 14:28:59 | Room 9] Player 0 joined room 9 and is now identified as MIKEBUTTERS [e217ab49]
[2025-11-10 14:29:02 | Room 9] Player MIKEBUTTERS	 (0) disconnected from room
[2025-11-10 14:29:02 | Room 9] Room has been killed as no players are left
[2025-11-10 14:48:13 | Room 1] Player 0 joined room 1 and is now identified as JamesToasty [2c2bcc5a]
[2025-11-10 14:48:15 | Room 1] Track #0 and 1 laps were selected
[2025-11-10 14:48:47 | Room 1] Player JamesToasty (0) disconnected from room
[2025-11-10 14:48:47 | Room 1] Room has been killed as no players are left
[2025-11-10 14:49:59 | Room 1] Player 0 joined room 1 and is now identified as JamesToasty [2c2bcc5a]
[2025-11-10 14:50:03 | Room 1] Track #2 and 1 laps were selected
All players finished
Restarting in 6 seconds
1 player race detected, finishing
[2025-11-10 14:51:03 | Room 1] Countdown to finish started, resetting room soon
[2025-11-10 14:51:08 | Room 1] Room has been reset
[2025-11-10 14:51:17 | Room 1] Player JamesToasty (0) disconnected from room
[2025-11-10 14:51:17 | Room 1] Room has been killed as no players are left
[2025-11-10 14:52:31 | Room 1] Player 0 joined room 1 and is now identified as JamesToasty [2c2bcc5a]
[2025-11-10 14:52:36 | Room 1] Track #14 and 3 laps were selected
[2025-11-10 14:52:51 | Room 1] Player JamesToasty
 (0) disconnected from room
[2025-11-10 14:52:51 | Room 1] Room has been killed as no players are left
[2025-11-10 15:06:11 | Room 2] Player 0 joined room 2 and is now identified as JamesToasty [2c2bcc5a]
[2025-11-10 15:06:21 | Room 2] Track #8 and 3 laps were selected
All players finished
Restarting in 6 seconds
1 player race detected, finishing
[2025-11-10 15:09:22 | Room 2] Countdown to finish started, resetting room soon
[2025-11-10 15:09:27 | Room 2] Room has been reset
[2025-11-10 15:09:36 | Room 2] Player JamesToasty (0) disconnected from room
[2025-11-10 15:09:36 | Room 2] Room has been killed as no players are left
[2025-11-10 15:12:07 | Room 1] Player 0 joined room 1 and is now identified as Pepsimntr [da810ab6]
[2025-11-10 15:13:52 | Room 1] Player Pepsimntr (0) disconnected from room
[2025-11-10 15:13:52 | Room 1] Room has been killed as no players are left
[2025-11-10 15:15:20 | Room 1] Player 0 joined room 1 and is now identified as Pepsimntr [da810ab6]
[2025-11-10 15:17:05 | Room 1] Player Pepsimntr (0) disconnected from room
[2025-11-10 15:17:05 | Room 1] Room has been killed as no players are left
[2025-11-10 15:17:19 | Room 1] Player 0 joined room 1 and is now identified as Pepsimntr [da810ab6]
[2025-11-10 15:17:56 | Room 1] Player Pepsimntr (0) disconnected from room
[2025-11-10 15:17:56 | Room 1] Room has been killed as no players are left
[2025-11-10 15:23:44 | Room 1] Player 0 joined room 1 and is now identified as Pepsimntr [da810ab6]
[2025-11-10 15:24:13 | Room 1] Player 1 joined room 1 and is now identified as msquidward [28b03bac]
[2025-11-10 15:24:49 | Room 1] Player msquidward (1) disconnected from room
[2025-11-10 15:25:26 | Room 1] Player 1 joined room 1 and is now identified as msquidward [28b03bac]
[2025-11-10 15:25:35 | Room 1] Track #3 and 3 laps were selected
[2025-11-10 15:28:13 | Room 1] Player msquidward (1) disconnected from room
All players finished
Restarting in 6 seconds
1 player race detected, finishing
[2025-11-10 15:30:05 | Room 1] Countdown to finish started, resetting room soon
[2025-11-10 15:30:10 | Room 1] Room has been reset
[2025-11-10 15:30:11 | Room 1] Player 0 joined room 1 and is now identified as Pepsimntr [da810ab6]
[2025-11-10 15:30:12 | Room 1] Player Pepsimntr (0) disconnected from room
[2025-11-10 15:30:12 | Room 1] Room has been killed as no players are left
[2025-11-10 15:30:15 | Room 1] Player 0 joined room 1 and is now identified as Pepsimntr [da810ab6]
[2025-11-10 15:31:23 | Room 1] Player 1 joined room 1 and is now identified as msquidward [b430e7ae]
[2025-11-10 15:31:50 | Room 1] Track #3 and 3 laps were selected
[2025-11-10 15:33:10 | Room 1] Player msquidward (1) disconnected from room
[2025-11-10 15:33:15 | Room 1] Player Pepsimntr (0) disconnected from room
[2025-11-10 15:33:15 | Room 1] Room has been killed as no players are left
[2025-11-10 15:36:03 | Room 2] Player 0 joined room 2 and is now identified as JamesToasty [2c2bcc5a]
[2025-11-10 15:36:18 | Room 2] Player JamesToasty (0) disconnected from room
[2025-11-10 15:36:18 | Room 2] Room has been killed as no players are left
[2025-11-10 15:36:18 | Room 2] Player 0 joined room 2 and is now identified as msquidward [b430e7ae]
[2025-11-10 15:36:50 | Room 2] Track #3 and 1 laps were selected
[2025-11-10 15:38:09 | Room 2] Player msquidward (0) disconnected from room
[2025-11-10 15:38:09 | Room 2] Room has been killed as no players are left
[2025-11-10 23:32:18 | Room 1] Player 0 joined room 1 and is now identified as Hal.WAV [c5cd7618]
[2025-11-10 23:32:44 | Room 1] Track #14 and 3 laps were selected
All players finished
Restarting in 6 seconds
1 player race detected, finishing
[2025-11-10 23:34:55 | Room 1] Countdown to finish started, resetting room soon
[2025-11-10 23:35:00 | Room 1] Room has been reset
[2025-11-10 23:35:01 | Room 1] Playe